context_image_path,context_image_relpath,image_readable,image_sha256,image_width,image_height,image_validation_error
/content/drive/MyDrive/MMVQA_Clinical/curated/phase2/temporal_frames/04a78ef00c5245e0/frame_00000835.jpg,curated/phase2/temporal_frames/04a78ef00c5245e0/frame_00000835.jpg,True,402d37e19582a276fd3cb9d8c2861813d72c950a366fb0e3b17942839a4525a3,336,336,\N
/content/drive/MyDrive/MMVQA_Clinical/curated/phase2/temporal_frames/04a78ef00c5245e0/frame_00000865.jpg,curated/phase2/temporal_frames/04a78ef00c5245e0/frame_00000865.jpg,True,19199d0011d2249a43a735063d1527d7d07697328f0472cef7df4bc042e14f6e,336,336,\N
/content/drive/MyDrive/MMVQA_Clinical/curated/phase2/temporal_frames/04a78ef00c5245e0/frame_00000925.jpg,curated/phase2/temporal_frames/04a78ef00c5245e0/frame_00000925.jpg,True,f720a6c291ea3e7bab1c9d502b8c60ddf70e86c8b0625b809afd84271559c1a1,336,336,\N
/content/drive/MyDrive/MMVQA_Clinical/curated/phase2/temporal_frames/04a78ef00c5245e0/frame_00000955.jpg,curated/phase2/temporal_frames/04a78ef00c5245e0/frame_00000955.jpg,True,38244aa705eb614c12a10873866b4069f66d03a887c821f758edf84f33869514,336,336,\N
/content/drive/MyDrive/MMVQA_Clinical/curated/phase2/temporal_frames/04a78ef00c5245e0/frame_00002661.jpg,curated/phase2/temporal_frames/04a78ef00c5245e0/frame_00002661.jpg,True,e3d237980aae19e2ef4fe6479532fdc7717d87e4cf4b228942aaba4f8baf541f,336,336,\N
/content/drive/MyDrive/MMVQA_Clinical/curated/phase2/temporal_frames/04a78ef00c5245e0/frame_00002691.jpg,curated/phase2/temporal_frames/04a78ef00c5245e0/frame_00002691.jpg,True,3b8e7e4527a2087ab1a20c4ecfaf6be7c6e4c4e80d5c84bdda906dff048d7b56,336,336,\N
/content/drive/MyDrive/MMVQA_Clinical/curated/phase2/temporal_frames/04a78ef00c5245e0/frame_00002751.jpg,curated/phase2/temporal_frames/04a78ef00c5245e0/frame_00002751.jpg,True,2dff316f81324cb952299d4d00686685dc49f5026daf63447254b3dacd82b913,336,336,\N
/content/drive/MyDrive/MMVQA_Clinical/curated/phase2/temporal_frames/04a78ef00c5245e0/frame_00002781.jpg,curated/phase2/temporal_frames/04a78ef00c5245e0/frame_00002781.jpg,True,56513df784f1e80b6d71eb4ead45119048822c1c25adb11f5015a9a515ef6b63,336,336,\N
/content/drive/MyDrive/MMVQA_Clinical/curated/phase2/temporal_frames/04a78ef00c5245e0/frame_00004322.jpg,curated/phase2/temporal_frames/04a78ef00c5245e0/frame_00004322.jpg,True,cf12b1ad02f6cbe5ac22e314375e5eba9f9c4bfb31ebb00bc622adaaf823c259,336,336,\N
/content/drive/MyDrive/MMVQA_Clinical/curated/phase2/temporal_frames/04a78ef00c5245e0/frame_00004352.jpg,curated/phase2/temporal_frames/04a78ef00c5245e0/frame_00004352.jpg,True,8e17eeba905d67f58a61fbe183f676a0b1bef2d7aaa7ce7cb2ac0083582c3237,336,336,\N
/content/drive/MyDrive/MMVQA_Clinical/curated/phase2/temporal_frames/04a78ef00c5245e0/frame_00004412.jpg,curated/phase2/temporal_frames/04a78ef00c5245e0/frame_00004412.jpg,True,2288cbc06727b5d0d7ccb63d0b4da9199eb66e9d9e1afbaa3af20d48cfa99290,336,336,\N
/content/drive/MyDrive/MMVQA_Clinical/curated/phase2/temporal_frames/04a78ef00c5245e0/frame_00004442.jpg,curated/phase2/temporal_frames/04a78ef00c5245e0/frame_00004442.jpg,True,e53e115b1c7e5d9ad3709a7c00db5b5fe773312d11f3eaae88c28d38c760bf55,336,336,\N
/content/drive/MyDrive/MMVQA_Clinical/curated/phase2/temporal_frames/04a78ef00c5245e0/frame_00004709.jpg,curated/phase2/temporal_frames/04a78ef00c5245e0/frame_00004709.jpg,True,f18c9b82ff1f62d9c2b53ec25e930e6515f10d415782349ef76c39bbf62447b1,336,336,\N
/content/drive/MyDrive/MMVQA_Clinical/curated/phase2/temporal_frames/04a78ef00c5245e0/frame_00004739.jpg,curated/phase2/temporal_frames/04a78ef00c5245e0/frame_00004739.jpg,True,426de82ad794682644a073a714d6afea01d42128bde14ad3e97e4bfd1e3bbe37,336,336,\N
/content/drive/MyDrive/MMVQA_Clinical/curated/phase2/temporal_frames/04a78ef00c5245e0/frame_00004799.jpg,curated/phase2/temporal_frames/04a78ef00c5245e0/frame_00004799.jpg,True,0f21009940e5be434a49ed7355a847b3c636830e37944d4ffa788c716b94af1c,336,336,\N
/content/drive/MyDrive/MMVQA_Clinical/curated/phase2/temporal_frames/04a78ef00c5245e0/frame_00004829.jpg,curated/phase2/temporal_frames/04a78ef00c5245e0/frame_00004829.jpg,True,a69f8fc9781466e2b5de707f84eba66f369abde66b5c8909eff27c97b4ce0c8d,336,336,\N
/content/drive/MyDrive/MMVQA_Clinical/curated/phase2/temporal_frames/04a78ef00c5245e0/frame_00005568.jpg,curated/phase2/temporal_frames/04a78ef00c5245e0/frame_00005568.jpg,True,503be7f05a06cf5e5acbd76206ff93ec8929e792a704fffa8f5b8c38eb3b6e0b,336,336,\N
/content/drive/MyDrive/MMVQA_Clinical/curated/phase2/temporal_frames/04a78ef00c5245e0/frame_00005598.jpg,curated/phase2/temporal_frames/04a78ef00c5245e0/frame_00005598.jpg,True,4c1e59f3960b43f3eb78c2e1fc34fab224557bcf4894002262020208914f54ad,336,336,\N
/content/drive/MyDrive/MMVQA_Clinical/curated/phase2/temporal_frames/04a78ef00c5245e0/frame_00005658.jpg,curated/phase2/temporal_frames/04a78ef00c5245e0/frame_00005658.jpg,True,738882676c161a6f2a3fe91e001f805fbdb7fed8ffb8445e027764174489b50a,336,336,\N
/content/drive/MyDrive/MMVQA_Clinical/curated/phase2/temporal_frames/04a78ef00c5245e0/frame_00005688.jpg,curated/phase2/temporal_frames/04a78ef00c5245e0/frame_00005688.jpg,True,f88cbb3f346f2f5c9fd9b3da03e5f70df87320de8c6cea79c9470c02a98024c5,336,336,\N
/content/drive/MyDrive/MMVQA_Clinical/curated/phase2/temporal_frames/04a78ef00c5245e0/frame_00007610.jpg,curated/phase2/temporal_frames/04a78ef00c5245e0/frame_00007610.jpg,True,2b33e77602a9831a8593d1777e24b9127bf9a315103e7f917c0b77c7d6775ae1,336,336,\N
/content/drive/MyDrive/MMVQA_Clinical/curated/phase2/temporal_frames/04a78ef00c5245e0/frame_00007640.jpg,curated/phase2/temporal_frames/04a78ef00c5245e0/frame_00007640.jpg,True,fc4a1acfc0c92a0150f2c6b7763eaf71fe6217de8e8e4678138afbf7a9c1fe55,336,336,\N
/content/drive/MyDrive/MMVQA_Clinical/curated/phase2/temporal_frames/04a78ef00c5245e0/frame_00007700.jpg,curated/phase2/temporal_frames/04a78ef00c5245e0/frame_00007700.jpg,True,4d9dd1cd978479e447140841d11d4f58e042eb6a1c63829dccc7d988cdcf276b,336,336,\N
/content/drive/MyDrive/MMVQA_Clinical/curated/phase2/temporal_frames/04a78ef00c5245e0/frame_00007730.jpg,curated/phase2/temporal_frames/04a78ef00c5245e0/frame_00007730.jpg,True,ca48ec53d82c028ae30a065af2555c92dd1eb67812bf1cc912de334839dc8992,336,336,\N
/content/drive/MyDrive/MMVQA_Clinical/curated/phase2/temporal_frames/04a78ef00c5245e0/frame_00011161.jpg,curated/phase2/temporal_frames/04a78ef00c5245e0/frame_00011161.jpg,True,5cb7710571192974e364f6ffcb6a073482f85a2df7d1b1b7f13e675072311240,336,336,\N
/content/drive/MyDrive/MMVQA_Clinical/curated/phase2/temporal_frames/04a78ef00c5245e0/frame_00011173.jpg,curated/phase2/temporal_frames/04a78ef00c5245e0/frame_00011173.jpg,True,60f8b73eedd18cb9fd3327f59c13e8e9a0ee7603efc419f8e8dda1d4ad7f1af8,336,336,\N
/content/drive/MyDrive/MMVQA_Clinical/curated/phase2/temporal_frames/04a78ef00c5245e0/frame_00011191.jpg,curated/phase2/temporal_frames/04a78ef00c5245e0/frame_00011191.jpg,True,b2aab0c304da9de41f20bef2e69c3e53868bdfef5a1e5b8b519e76562da720b9,336,336,\N
/content/drive/MyDrive/MMVQA_Clinical/curated/phase2/temporal_frames/04a78ef00c5245e0/frame_00011203.jpg,curated/phase2/temporal_frames/04a78ef00c5245e0/frame_00011203.jpg,True,3e03d14ba465f88d2e5f48d878ec7dd46d52cc425761e0fd6f1da24138c8e499,336,336,\N
/content/drive/MyDrive/MMVQA_Clinical/curated/phase2/temporal_frames/04a78ef00c5245e0/frame_00011251.jpg,curated/phase2/temporal_frames/04a78ef00c5245e0/frame_00011251.jpg,True,204d50c1750680fe8d65da7a7a58402253d5c78e21940d2ddcd1afddd171d85d,336,336,\N
/content/drive/MyDrive/MMVQA_Clinical/curated/phase2/temporal_frames/04a78ef00c5245e0/frame_00011263.jpg,curated/phase2/temporal_frames/04a78ef00c5245e0/frame_00011263.jpg,True,63afbae66a7ce8df76a3803f69cef887ca320ef280d7f86b0fe10dd0a485380a,336,336,\N
/content/drive/MyDrive/MMVQA_Clinical/curated/phase2/temporal_frames/04a78ef00c5245e0/frame_00011281.jpg,curated/phase2/temporal_frames/04a78ef00c5245e0/frame_00011281.jpg,True,1417914cf69e712b8191142d4a4164396bb3fb2b88897f44d29133ea1a26d843,336,336,\N
/content/drive/MyDrive/MMVQA_Clinical/curated/phase2/temporal_frames/04a78ef00c5245e0/frame_00011293.jpg,curated/phase2/temporal_frames/04a78ef00c5245e0/frame_00011293.jpg,True,ba93966264fdaf43ba50852d7a0b335836adba03fbde066e3594df6bb20a86d0,336,336,\N
/content/drive/MyDrive/MMVQA_Clinical/curated/phase2/temporal_frames/04a78ef00c5245e0/frame_00011547.jpg,curated/phase2/temporal_frames/04a78ef00c5245e0/frame_00011547.jpg,True,31255f8a483b863dbe45c25b05fccf33deac98479ebc267a4b02778d36244b77,336,336,\N
/content/drive/MyDrive/MMVQA_Clinical/curated/phase2/temporal_frames/04a78ef00c5245e0/frame_00011573.jpg,curated/phase2/temporal_frames/04a78ef00c5245e0/frame_00011573.jpg,True,bf05d750a6e364d7116aacb2bc7b3596fc41de5062ad8139e0a391be608125aa,336,336,\N
/content/drive/MyDrive/MMVQA_Clinical/curated/phase2/temporal_frames/04a78ef00c5245e0/frame_00011577.jpg,curated/phase2/temporal_frames/04a78ef00c5245e0/frame_00011577.jpg,True,8358dbb6e87b7136e0631c88a51c9724295830c85599d9b7bfb12509e86232c6,336,336,\N
/content/drive/MyDrive/MMVQA_Clinical/curated/phase2/temporal_frames/04a78ef00c5245e0/frame_00011663.jpg,curated/phase2/temporal_frames/04a78ef00c5245e0/frame_00011663.jpg,True,4b7557d9b21fbf4eda28bf3060c76d1f1e94fbd4c0aecc5213b75a7bfc29952f,336,336,\N
/content/drive/MyDrive/MMVQA_Clinical/curated/phase2/temporal_frames/04a78ef00c5245e0/frame_00011667.jpg,curated/phase2/temporal_frames/04a78ef00c5245e0/frame_00011667.jpg,True,249e8879e421a5e9950c442bfed7b16350bf66344bc9436f0cdd3545c671ace8,336,336,\N
/content/drive/MyDrive/MMVQA_Clinical/curated/phase2/temporal_frames/04a78ef00c5245e0/frame_00011693.jpg,curated/phase2/temporal_frames/04a78ef00c5245e0/frame_00011693.jpg,True,df8fb76e6fb7762d80665dde2be7caa01385ac7e8a313dc4b2890a6cfac69b91,336,336,\N
/content/drive/MyDrive/MMVQA_Clinical/curated/phase2/temporal_frames/04a78ef00c5245e0/frame_00011761.jpg,curated/phase2/temporal_frames/04a78ef00c5245e0/frame_00011761.jpg,True,0a2192ddf2dd8912fbc237196e866691fdf517a11446678fc54ea6678584c41a,336,336,\N
/content/drive/MyDrive/MMVQA_Clinical/curated/phase2/temporal_frames/04a78ef00c5245e0/frame_00011791.jpg,curated/phase2/temporal_frames/04a78ef00c5245e0/frame_00011791.jpg,True,9c88b6ba35e8695cc7318107991184867c7d972be97b5b633e70f74ee954154a,336,336,\N
/content/drive/MyDrive/MMVQA_Clinical/curated/phase2/temporal_frames/04a78ef00c5245e0/frame_00011805.jpg,curated/phase2/temporal_frames/04a78ef00c5245e0/frame_00011805.jpg,True,18b7072769f64b89e41e849a460638ec7258a76d0a7a2bb8f729a5d6dd611220,336,336,\N
/content/drive/MyDrive/MMVQA_Clinical/curated/phase2/temporal_frames/04a78ef00c5245e0/frame_00011835.jpg,curated/phase2/temporal_frames/04a78ef00c5245e0/frame_00011835.jpg,True,c67985c82d1935ad0f8111167c6074c3170c388cf3dadec7258dcb60bdcf481d,336,336,\N
/content/drive/MyDrive/MMVQA_Clinical/curated/phase2/temporal_frames/04a78ef00c5245e0/frame_00011846.jpg,curated/phase2/temporal_frames/04a78ef00c5245e0/frame_00011846.jpg,True,b6c97a9dd6d99ca2cde34eb598457bca49b8c976e0a0fe6b1969bba9dfb6d162,336,336,\N
/content/drive/MyDrive/MMVQA_Clinical/curated/phase2/temporal_frames/04a78ef00c5245e0/frame_00011851.jpg,curated/phase2/temporal_frames/04a78ef00c5245e0/frame_00011851.jpg,True,ccd640abb47f2730bb21b451d0719d91c4e0d38d5034656e60fedf6be29c5d26,336,336,\N
/content/drive/MyDrive/MMVQA_Clinical/curated/phase2/temporal_frames/04a78ef00c5245e0/frame_00011881.jpg,curated/phase2/temporal_frames/04a78ef00c5245e0/frame_00011881.jpg,True,7d3839c8fb308ae9f60c6ca569458263aba479b7fa6ffdfc8340be5f81347c5c,336,336,\N
/content/drive/MyDrive/MMVQA_Clinical/curated/phase2/temporal_frames/04a78ef00c5245e0/frame_00011895.jpg,curated/phase2/temporal_frames/04a78ef00c5245e0/frame_00011895.jpg,True,e32bcf2ee95f4d559ba3971c388c29573991ffe0786176ca83cf99ce58956dc4,336,336,\N
/content/drive/MyDrive/MMVQA_Clinical/curated/phase2/temporal_frames/04a78ef00c5245e0/frame_00011906.jpg,curated/phase2/temporal_frames/04a78ef00c5245e0/frame_00011906.jpg,True,5db02cb91cd58dbb4483e0c499f7aec6b5759a3d06a78671756d475dfb479538,336,336,\N
/content/drive/MyDrive/MMVQA_Clinical/curated/phase2/temporal_frames/04a78ef00c5245e0/frame_00011925.jpg,curated/phase2/temporal_frames/04a78ef00c5245e0/frame_00011925.jpg,True,eb99f2692df47c86b0b74941fd097e0d3fb810d05459db58678859d01462b404,336,336,\N
/content/drive/MyDrive/MMVQA_Clinical/curated/phase2/temporal_frames/04a78ef00c5245e0/frame_00011936.jpg,curated/phase2/temporal_frames/04a78ef00c5245e0/frame_00011936.jpg,True,b898d8d47ecf7ca101f0a74e44cfc155fe88717d5568e6df004353ae7fcf7b5e,336,336,\N
/content/drive/MyDrive/MMVQA_Clinical/curated/phase2/temporal_frames/04a78ef00c5245e0/frame_00012322.jpg,curated/phase2/temporal_frames/04a78ef00c5245e0/frame_00012322.jpg,True,7e620ef4f43482d1a595bdded5eb67619480389de34f1bd49b324fd80c0cad4e,336,336,\N
/content/drive/MyDrive/MMVQA_Clinical/curated/phase2/temporal_frames/04a78ef00c5245e0/frame_00012442.jpg,curated/phase2/temporal_frames/04a78ef00c5245e0/frame_00012442.jpg,True,2bb946d4a09f1662c8d742e043e5e416d314249ccd11115bf136246b217d5855,336,336,\N
/content/drive/MyDrive/MMVQA_Clinical/curated/phase2/temporal_frames/04a78ef00c5245e0/frame_00014094.jpg,curated/phase2/temporal_frames/04a78ef00c5245e0/frame_00014094.jpg,True,dba901e0dec248b51ebb5fefbe21d066d60173b29d3465e3a25d24470e5f459b,336,336,\N
/content/drive/MyDrive/MMVQA_Clinical/curated/phase2/temporal_frames/04a78ef00c5245e0/frame_00014214.jpg,curated/phase2/temporal_frames/04a78ef00c5245e0/frame_00014214.jpg,True,5ce0a55a5f200ca18ddc6a831f4ef462bb81148424d52833fedd54399d82fd82,336,336,\N
/content/drive/MyDrive/MMVQA_Clinical/curated/phase2/temporal_frames/04a78ef00c5245e0/frame_00015542.jpg,curated/phase2/temporal_frames/04a78ef00c5245e0/frame_00015542.jpg,True,87d21c9340e3779d06141880eea02e0d4843ba99d953bcc57f19f4e2b5a7bf1f,336,336,\N
/content/drive/MyDrive/MMVQA_Clinical/curated/phase2/temporal_frames/04a78ef00c5245e0/frame_00015572.jpg,curated/phase2/temporal_frames/04a78ef00c5245e0/frame_00015572.jpg,True,c7bb25637da2ad5816a48103f85408233cad6f224da544c4733615f5e109d53e,336,336,\N
/content/drive/MyDrive/MMVQA_Clinical/curated/phase2/temporal_frames/04a78ef00c5245e0/frame_00015632.jpg,curated/phase2/temporal_frames/04a78ef00c5245e0/frame_00015632.jpg,True,d456fc98a089d9395ae0821b2191965d45b36f58ae0040d83ec87a165d356abd,336,336,\N
/content/drive/MyDrive/MMVQA_Clinical/curated/phase2/temporal_frames/04a78ef00c5245e0/frame_00015662.jpg,curated/phase2/temporal_frames/04a78ef00c5245e0/frame_00015662.jpg,True,18fffd3242ba074ba566993be383f8a81f7ec0a9ccc6eef5bd44c61fab791960,336,336,\N
/content/drive/MyDrive/MMVQA_Clinical/curated/phase2/temporal_frames/04a78ef00c5245e0/frame_00017060.jpg,curated/phase2/temporal_frames/04a78ef00c5245e0/frame_00017060.jpg,True,cdc1ee407067070205c1d493ca88473fc532f5161c329c76f3fe9fa2c521db36,336,336,\N
/content/drive/MyDrive/MMVQA_Clinical/curated/phase2/temporal_frames/04a78ef00c5245e0/frame_00017090.jpg,curated/phase2/temporal_frames/04a78ef00c5245e0/frame_00017090.jpg,True,e60c7a87069ef618b39452a0c73fb93020c032a8dcd60bbe9cdf30df203c6ec6,336,336,\N
/content/drive/MyDrive/MMVQA_Clinical/curated/phase2/temporal_frames/04a78ef00c5245e0/frame_00017150.jpg,curated/phase2/temporal_frames/04a78ef00c5245e0/frame_00017150.jpg,True,ca5c381911fc9fc3e721f7759f3c27a04ea353dca4f8ffd1eca7b0f19ec5a428,336,336,\N
/content/drive/MyDrive/MMVQA_Clinical/curated/phase2/temporal_frames/04a78ef00c5245e0/frame_00017180.jpg,curated/phase2/temporal_frames/04a78ef00c5245e0/frame_00017180.jpg,True,ca79cd4cfde9398d124774687c56a1fe95cd50120e5259ce50f4c3572d950d4c,336,336,\N
/content/drive/MyDrive/MMVQA_Clinical/curated/phase2/temporal_frames/04a78ef00c5245e0/frame_00027903.jpg,curated/phase2/temporal_frames/04a78ef00c5245e0/frame_00027903.jpg,True,465ad117ac48844a60217a9dd4bc8d6c5346488e6d9de81bda64022db68928b3,336,336,\N
/content/drive/MyDrive/MMVQA_Clinical/curated/phase2/temporal_frames/04a78ef00c5245e0/frame_00028023.jpg,curated/phase2/temporal_frames/04a78ef00c5245e0/frame_00028023.jpg,True,8f6a84e8628940783e806b624dcd05ed7a71e39dd26af3052a6b59a5d519eff9,336,336,\N
/content/drive/MyDrive/MMVQA_Clinical/curated/phase2/temporal_frames/0531325b64674948/frame_00000179.jpg,curated/phase2/temporal_frames/0531325b64674948/frame_00000179.jpg,True,717ac19b50d64de365f766134f3f4e2a8efd2a0e4effda0188a3cc0b90ac5df7,336,336,\N
/content/drive/MyDrive/MMVQA_Clinical/curated/phase2/temporal_frames/0531325b64674948/frame_00000209.jpg,curated/phase2/temporal_frames/0531325b64674948/frame_00000209.jpg,True,1a1e266986fd4e55137b90d59450216bd3d9301fe936b785014daee2d100dd35,336,336,\N
/content/drive/MyDrive/MMVQA_Clinical/curated/phase2/temporal_frames/0531325b64674948/frame_00000269.jpg,curated/phase2/temporal_frames/0531325b64674948/frame_00000269.jpg,True,74aca54c5472fd4b9b6cd9de285f8b064d90aeb7f6a88a9847d8e1cea04cee2a,336,336,\N
/content/drive/MyDrive/MMVQA_Clinical/curated/phase2/temporal_frames/0531325b64674948/frame_00000299.jpg,curated/phase2/temporal_frames/0531325b64674948/frame_00000299.jpg,True,f5cba580b2df70379f3d91f4a8d119e7231688aa5f80867a55ff7d3cdf913d37,336,336,\N
/content/drive/MyDrive/MMVQA_Clinical/curated/phase2/temporal_frames/0728084c8da942d9/frame_00004146.jpg,curated/phase2/temporal_frames/0728084c8da942d9/frame_00004146.jpg,True,2da306355f78989e5c24a01626dab95ca7aba9272e5416a320a60df34e9986fa,336,336,\N
/content/drive/MyDrive/MMVQA_Clinical/curated/phase2/temporal_frames/0728084c8da942d9/frame_00004176.jpg,curated/phase2/temporal_frames/0728084c8da942d9/frame_00004176.jpg,True,5ef017404390bc85923f7e4cc1d59b1c47b37930eacc065f8cf0b2c511423f0d,336,336,\N
/content/drive/MyDrive/MMVQA_Clinical/curated/phase2/temporal_frames/0728084c8da942d9/frame_00004236.jpg,curated/phase2/temporal_frames/0728084c8da942d9/frame_00004236.jpg,True,c07de621b21e6cd0ab06d32ade4576ecfbbc0921eb0da0b07122863006f8deb9,336,336,\N
/content/drive/MyDrive/MMVQA_Clinical/curated/phase2/temporal_frames/0728084c8da942d9/frame_00004266.jpg,curated/phase2/temporal_frames/0728084c8da942d9/frame_00004266.jpg,True,e31ee7c8dee3f42b1c77f8cd10a76e039a0f3c4ff355f1a5c87fb197c9a73a54,336,336,\N
/content/drive/MyDrive/MMVQA_Clinical/curated/phase2/temporal_frames/0728084c8da942d9/frame_00020112.jpg,curated/phase2/temporal_frames/0728084c8da942d9/frame_00020112.jpg,True,ac6f54c34d60dde5a0f252066758555845b312179f9b4b8a702710d60713b60f,336,336,\N
/content/drive/MyDrive/MMVQA_Clinical/curated/phase2/temporal_frames/0728084c8da942d9/frame_00020232.jpg,curated/phase2/temporal_frames/0728084c8da942d9/frame_00020232.jpg,True,6143df3e00822b4aa3fe412f8be7f3bfc1086c757c16e2b90348c56b93948c8f,336,336,\N
/content/drive/MyDrive/MMVQA_Clinical/curated/phase2/temporal_frames/0728084c8da942d9/frame_00027060.jpg,curated/phase2/temporal_frames/0728084c8da942d9/frame_00027060.jpg,True,13d686d8a4232907e29161f2ab509322603f07db01f03fa9a076db3606e01bc4,336,336,\N
/content/drive/MyDrive/MMVQA_Clinical/curated/phase2/temporal_frames/0728084c8da942d9/frame_00027090.jpg,curated/phase2/temporal_frames/0728084c8da942d9/frame_00027090.jpg,True,77acf25b8c2f755bd0cbd85a8f378dd8e01bdc2b120f805c5668d05ba762b858,336,336,\N
/content/drive/MyDrive/MMVQA_Clinical/curated/phase2/temporal_frames/0728084c8da942d9/frame_00027117.jpg,curated/phase2/temporal_frames/0728084c8da942d9/frame_00027117.jpg,True,7c8c387a6e5cfbe79837e8a3edd207619c3b847cd800f4de7b6ddc88784b097e,336,336,\N
/content/drive/MyDrive/MMVQA_Clinical/curated/phase2/temporal_frames/0728084c8da942d9/frame_00027147.jpg,curated/phase2/temporal_frames/0728084c8da942d9/frame_00027147.jpg,True,e731a55bada2df419cd199c20c92453e45ba94b590eeb30cc49311dfb66bea5e,336,336,\N
/content/drive/MyDrive/MMVQA_Clinical/curated/phase2/temporal_frames/0728084c8da942d9/frame_00027150.jpg,curated/phase2/temporal_frames/0728084c8da942d9/frame_00027150.jpg,True,c25d5c0ced1edc494ca991afbf1ea59c4472dd3619357f511c77a59288516358,336,336,\N
/content/drive/MyDrive/MMVQA_Clinical/curated/phase2/temporal_frames/0728084c8da942d9/frame_00027180.jpg,curated/phase2/temporal_frames/0728084c8da942d9/frame_00027180.jpg,True,62c603a730ff3cbfc4f0d256f89d3109add49e5ecaf05131708aa32e55588867,336,336,\N
/content/drive/MyDrive/MMVQA_Clinical/curated/phase2/temporal_frames/0728084c8da942d9/frame_00027207.jpg,curated/phase2/temporal_frames/0728084c8da942d9/frame_00027207.jpg,True,7fa700b20d38722e006fe848b0454d723fc8b95dffa0180b9ecbd4bcbfa03e24,336,336,\N
/content/drive/MyDrive/MMVQA_Clinical/curated/phase2/temporal_frames/0728084c8da942d9/frame_00027237.jpg,curated/phase2/temporal_frames/0728084c8da942d9/frame_00027237.jpg,True,9a5a8f3edad8fbfa2385578e9c54c9c5d4615ada6d6a38bd729c96ccafdba0f4,336,336,\N
/content/drive/MyDrive/MMVQA_Clinical/curated/phase2/temporal_frames/0728084c8da942d9/frame_00028633.jpg,curated/phase2/temporal_frames/0728084c8da942d9/frame_00028633.jpg,True,da67ab43e0ab7cc1ec90f3991d67bc271d2f69ccc95f78c35ba6ab5ba465300d,336,336,\N
/content/drive/MyDrive/MMVQA_Clinical/curated/phase2/temporal_frames/0728084c8da942d9/frame_00028663.jpg,curated/phase2/temporal_frames/0728084c8da942d9/frame_00028663.jpg,True,dca862c7f8edad46f7ca7513efb87bff3f8f39eb306d739dd3daff0fb2439622,336,336,\N
/content/drive/MyDrive/MMVQA_Clinical/curated/phase2/temporal_frames/0728084c8da942d9/frame_00028701.jpg,curated/phase2/temporal_frames/0728084c8da942d9/frame_00028701.jpg,True,d111f5d0ac02021ac13e24eceefc869ee17cc310567be9d66d85c0b7ef99267c,336,336,\N
/content/drive/MyDrive/MMVQA_Clinical/curated/phase2/temporal_frames/0728084c8da942d9/frame_00028716.jpg,curated/phase2/temporal_frames/0728084c8da942d9/frame_00028716.jpg,True,3344173f1f19f5c541c3079d7cf2306194cd153e20965817c13c75d4202d1b9c,336,336,\N
/content/drive/MyDrive/MMVQA_Clinical/curated/phase2/temporal_frames/0728084c8da942d9/frame_00028723.jpg,curated/phase2/temporal_frames/0728084c8da942d9/frame_00028723.jpg,True,22cbd8487ba9cc23d9d07e128c77f55e7c71b7c67c26ea8e18367e5a97937bcc,336,336,\N
/content/drive/MyDrive/MMVQA_Clinical/curated/phase2/temporal_frames/0728084c8da942d9/frame_00028728.jpg,curated/phase2/temporal_frames/0728084c8da942d9/frame_00028728.jpg,True,f89446a11d888b25fab0c0833be1a38a04dcd93194128ed311f5e4ee83bf74b8,336,336,\N
/content/drive/MyDrive/MMVQA_Clinical/curated/phase2/temporal_frames/0728084c8da942d9/frame_00028731.jpg,curated/phase2/temporal_frames/0728084c8da942d9/frame_00028731.jpg,True,c73c63f3ad3039f84df1bf4dd2c18a8dc234d80281a5bf2c66aaf438af0a4d01,336,336,\N
/content/drive/MyDrive/MMVQA_Clinical/curated/phase2/temporal_frames/0728084c8da942d9/frame_00028769.jpg,curated/phase2/temporal_frames/0728084c8da942d9/frame_00028769.jpg,True,0bac2bcb3ab8ce99d831540c08d0cb7cc46c7dae88bd3ebb9b9492ed5d42b48e,336,336,\N
/content/drive/MyDrive/MMVQA_Clinical/curated/phase2/temporal_frames/0728084c8da942d9/frame_00028776.jpg,curated/phase2/temporal_frames/0728084c8da942d9/frame_00028776.jpg,True,5c56128480b711fa75a1b0d0a1dfc34e1967f8414d9e4e42fb2e1c009a232000,336,336,\N
/content/drive/MyDrive/MMVQA_Clinical/curated/phase2/temporal_frames/0728084c8da942d9/frame_00028791.jpg,curated/phase2/temporal_frames/0728084c8da942d9/frame_00028791.jpg,True,708888f9e577044c4d35c7d093932f4a4c999a6e11fdb9aee684199635281e12,336,336,\N
/content/drive/MyDrive/MMVQA_Clinical/curated/phase2/temporal_frames/0728084c8da942d9/frame_00028806.jpg,curated/phase2/temporal_frames/0728084c8da942d9/frame_00028806.jpg,True,0e83337d3e2e801775e8ba0b9c353d31edb4153ea7599c80b1e300ed0ef4b335,336,336,\N
/content/drive/MyDrive/MMVQA_Clinical/curated/phase2/temporal_frames/0728084c8da942d9/frame_00028818.jpg,curated/phase2/temporal_frames/0728084c8da942d9/frame_00028818.jpg,True,e2c5cc6af1f6bdf42dfd4f530202f244dd9c701a7a535ef481789fdd0359a38f,336,336,\N
/content/drive/MyDrive/MMVQA_Clinical/curated/phase2/temporal_frames/0728084c8da942d9/frame_00028821.jpg,curated/phase2/temporal_frames/0728084c8da942d9/frame_00028821.jpg,True,19cc7a88add88729d9c3ab594dc68a14dd67dd3b4b9b33e2fb96fc348f853b8f,336,336,\N
/content/drive/MyDrive/MMVQA_Clinical/curated/phase2/temporal_frames/0728084c8da942d9/frame_00028829.jpg,curated/phase2/temporal_frames/0728084c8da942d9/frame_00028829.jpg,True,0cd9ff03d6c6bc7ebb3a6aa8e199333406c90bf8c76750213912acbe48f42b09,336,336,\N
/content/drive/MyDrive/MMVQA_Clinical/curated/phase2/temporal_frames/0728084c8da942d9/frame_00028848.jpg,curated/phase2/temporal_frames/0728084c8da942d9/frame_00028848.jpg,True,031cbb70fdb68d07ae49375b233fc828180dd1d337e8ff1abfd539675803b01d,336,336,\N
/content/drive/MyDrive/MMVQA_Clinical/curated/phase2/temporal_frames/0728084c8da942d9/frame_00028859.jpg,curated/phase2/temporal_frames/0728084c8da942d9/frame_00028859.jpg,True,90e3ac354ac952c3591081438fcacc111ea2f21c510fc3a8d91ff07ec27fb3c9,336,336,\N
/content/drive/MyDrive/MMVQA_Clinical/curated/phase2/temporal_frames/0728084c8da942d9/frame_00028864.jpg,curated/phase2/temporal_frames/0728084c8da942d9/frame_00028864.jpg,True,14fba667e6136534dc1fc1770340ce0b56149bcd9738197f04a8769b7ab36840,336,336,\N
/content/drive/MyDrive/MMVQA_Clinical/curated/phase2/temporal_frames/0728084c8da942d9/frame_00028894.jpg,curated/phase2/temporal_frames/0728084c8da942d9/frame_00028894.jpg,True,eb3462ff735d56c449d1ba597cc59a15528ec96e3fba22f55080417e690fcb7d,336,336,\N
/content/drive/MyDrive/MMVQA_Clinical/curated/phase2/temporal_frames/0728084c8da942d9/frame_00028954.jpg,curated/phase2/temporal_frames/0728084c8da942d9/frame_00028954.jpg,True,2d364606c16b3869ea04dec33561394bf17bfb969d97bcca31d25a6f6d8e6288,336,336,\N
/content/drive/MyDrive/MMVQA_Clinical/curated/phase2/temporal_frames/0728084c8da942d9/frame_00028984.jpg,curated/phase2/temporal_frames/0728084c8da942d9/frame_00028984.jpg,True,e8d17dee47f1c69c80cb087188ad7aea4f39fe500b11a208e77d75e0e4835a19,336,336,\N
/content/drive/MyDrive/MMVQA_Clinical/curated/phase2/temporal_frames/0728084c8da942d9/frame_00029931.jpg,curated/phase2/temporal_frames/0728084c8da942d9/frame_00029931.jpg,True,4fc80e637d66fbcbb5e1c7db28e17f24895cdec60d4a242173665a5143ac0688,336,336,\N
/content/drive/MyDrive/MMVQA_Clinical/curated/phase2/temporal_frames/0728084c8da942d9/frame_00029961.jpg,curated/phase2/temporal_frames/0728084c8da942d9/frame_00029961.jpg,True,465fb9c799ac98d947764345e3de02f3759c11d5fec6275a5669a32767cbef8b,336,336,\N
/content/drive/MyDrive/MMVQA_Clinical/curated/phase2/temporal_frames/0728084c8da942d9/frame_00030021.jpg,curated/phase2/temporal_frames/0728084c8da942d9/frame_00030021.jpg,True,0fdaa961f71e783caadbe83b4c67857902c2db9659b5474170e0f496bd2cd0c3,336,336,\N
/content/drive/MyDrive/MMVQA_Clinical/curated/phase2/temporal_frames/0728084c8da942d9/frame_00030051.jpg,curated/phase2/temporal_frames/0728084c8da942d9/frame_00030051.jpg,True,d8233a3018a5b60f04f38b44d7222513cefa00dcca00ee21d1cee5947d10324b,336,336,\N
/content/drive/MyDrive/MMVQA_Clinical/curated/phase2/temporal_frames/0728084c8da942d9/frame_00030142.jpg,curated/phase2/temporal_frames/0728084c8da942d9/frame_00030142.jpg,True,70a2be88618e52f743e95e0ba5e1f573de05607453feaaa0584dfc879ebb4d67,336,336,\N
/content/drive/MyDrive/MMVQA_Clinical/curated/phase2/temporal_frames/0728084c8da942d9/frame_00030172.jpg,curated/phase2/temporal_frames/0728084c8da942d9/frame_00030172.jpg,True,7181a9106b43ccacb7193b8817e6dfdc150c1e911a2578f44dd03b690779997c,336,336,\N
/content/drive/MyDrive/MMVQA_Clinical/curated/phase2/temporal_frames/0728084c8da942d9/frame_00030232.jpg,curated/phase2/temporal_frames/0728084c8da942d9/frame_00030232.jpg,True,7a08fc10a4f27f7547ed3598ced125fbadd7fff5cafcfdb8ab64e2e9aa934575,336,336,\N
/content/drive/MyDrive/MMVQA_Clinical/curated/phase2/temporal_frames/0728084c8da942d9/frame_00030262.jpg,curated/phase2/temporal_frames/0728084c8da942d9/frame_00030262.jpg,True,1eea42929561fc04aae048b7ca61c2b5c2fbfe2e1c09fff593f7fabec6ef81d5,336,336,\N
/content/drive/MyDrive/MMVQA_Clinical/curated/phase2/temporal_frames/07c1fa15a20a4398/frame_00007252.jpg,curated/phase2/temporal_frames/07c1fa15a20a4398/frame_00007252.jpg,True,96e76963b1305aeaaf52ae57db8db5b02b0fc4afde3e6d36ce13daaa3128e224,336,336,\N
/content/drive/MyDrive/MMVQA_Clinical/curated/phase2/temporal_frames/07c1fa15a20a4398/frame_00007372.jpg,curated/phase2/temporal_frames/07c1fa15a20a4398/frame_00007372.jpg,True,2f9ffeb5031678c5f0ff34f98b4e88983636d602cd84fa748093461f5b9b6951,336,336,\N
/content/drive/MyDrive/MMVQA_Clinical/curated/phase2/temporal_frames/07c1fa15a20a4398/frame_00038555.jpg,curated/phase2/temporal_frames/07c1fa15a20a4398/frame_00038555.jpg,True,8bd46f5f951d40c412f6e2ff5c512799899ea3747acd499fb46e56d024815795,336,336,\N
/content/drive/MyDrive/MMVQA_Clinical/curated/phase2/temporal_frames/07c1fa15a20a4398/frame_00038585.jpg,curated/phase2/temporal_frames/07c1fa15a20a4398/frame_00038585.jpg,True,dd790c9e851b8c85b4fa28e257527a3a7b0286aa8f5bb19beb7144654a13b4c2,336,336,\N
/content/drive/MyDrive/MMVQA_Clinical/curated/phase2/temporal_frames/131368cc17e44240/frame_00001131.jpg,curated/phase2/temporal_frames/131368cc17e44240/frame_00001131.jpg,True,aabbf305bdd056c1bb6fcd94e316ddd1b7a6be9aae8929516e6c9a3194beb9d1,336,336,\N
/content/drive/MyDrive/MMVQA_Clinical/curated/phase2/temporal_frames/131368cc17e44240/frame_00001251.jpg,curated/phase2/temporal_frames/131368cc17e44240/frame_00001251.jpg,True,c84936a9d7d167e791f196d6edb2f5ff0796a0d35acf0daf57a8e3e0b1a668f0,336,336,\N
/content/drive/MyDrive/MMVQA_Clinical/curated/phase2/temporal_frames/131368cc17e44240/frame_00003171.jpg,curated/phase2/temporal_frames/131368cc17e44240/frame_00003171.jpg,True,cd5be25611142e65e2c7577a233b6c76b0e51e4ba5ed83dbec078bda4e9f53d6,336,336,\N
/content/drive/MyDrive/MMVQA_Clinical/curated/phase2/temporal_frames/131368cc17e44240/frame_00003291.jpg,curated/phase2/temporal_frames/131368cc17e44240/frame_00003291.jpg,True,10d7b0d135f2361eff9e75bbef0d6d4ec185561a88630ceef7352dcff5a15763,336,336,\N
/content/drive/MyDrive/MMVQA_Clinical/curated/phase2/temporal_frames/131368cc17e44240/frame_00028911.jpg,curated/phase2/temporal_frames/131368cc17e44240/frame_00028911.jpg,True,306451b66a97e61e1e7e31bfbf11d11ce72ad14767cdb93432b709f026a59d18,336,336,\N
/content/drive/MyDrive/MMVQA_Clinical/curated/phase2/temporal_frames/131368cc17e44240/frame_00028941.jpg,curated/phase2/temporal_frames/131368cc17e44240/frame_00028941.jpg,True,78c882c3d69b34e587535eea71e182825702d47cd16b00f447befae5b421b8b7,336,336,\N
/content/drive/MyDrive/MMVQA_Clinical/curated/phase2/temporal_frames/131368cc17e44240/frame_00028945.jpg,curated/phase2/temporal_frames/131368cc17e44240/frame_00028945.jpg,True,f556dfed6329fdadf4ad2d2d720a12d608c442020bac25a1166fac637431e8e4,336,336,\N
/content/drive/MyDrive/MMVQA_Clinical/curated/phase2/temporal_frames/131368cc17e44240/frame_00029031.jpg,curated/phase2/temporal_frames/131368cc17e44240/frame_00029031.jpg,True,7d65a921295131c3ad75401dbc08d594cca85e37570123338f8d28b8fa33e77e,336,336,\N
/content/drive/MyDrive/MMVQA_Clinical/curated/phase2/temporal_frames/131368cc17e44240/frame_00029035.jpg,curated/phase2/temporal_frames/131368cc17e44240/frame_00029035.jpg,True,5d575ac5f095748373b1f9ccc1a91ac8b561c240da4e4d38f7504fa7a0bc6e59,336,336,\N
/content/drive/MyDrive/MMVQA_Clinical/curated/phase2/temporal_frames/131368cc17e44240/frame_00029065.jpg,curated/phase2/temporal_frames/131368cc17e44240/frame_00029065.jpg,True,a1368506a291294dbf6b2056879e2e6e5b2eacaf602a784860f61f3c4bd525d3,336,336,\N
/content/drive/MyDrive/MMVQA_Clinical/curated/phase2/temporal_frames/2fc3db471f9d44c0/frame_00001193.jpg,curated/phase2/temporal_frames/2fc3db471f9d44c0/frame_00001193.jpg,True,b5bb2b36d4ef8112babc3b87f427fb35e9b2e1bf8b99992ff5588edf4f615f77,336,336,\N
/content/drive/MyDrive/MMVQA_Clinical/curated/phase2/temporal_frames/2fc3db471f9d44c0/frame_00001223.jpg,curated/phase2/temporal_frames/2fc3db471f9d44c0/frame_00001223.jpg,True,c91be17d3d3210da349d17bd6e4133e4558fc1e74e90afc2e1151c28c0d31ee9,336,336,\N
/content/drive/MyDrive/MMVQA_Clinical/curated/phase2/temporal_frames/2fc3db471f9d44c0/frame_00001283.jpg,curated/phase2/temporal_frames/2fc3db471f9d44c0/frame_00001283.jpg,True,ef9dc3e15ba5944803b95ad109c9c33d19c443152f653522795194205b05c5db,336,336,\N
/content/drive/MyDrive/MMVQA_Clinical/curated/phase2/temporal_frames/2fc3db471f9d44c0/frame_00001313.jpg,curated/phase2/temporal_frames/2fc3db471f9d44c0/frame_00001313.jpg,True,5654538bcebd846b5651d8a4f914cc5fd6ee1cc138caa7cf803beb48d7e48615,336,336,\N
/content/drive/MyDrive/MMVQA_Clinical/curated/phase2/temporal_frames/2fc3db471f9d44c0/frame_00001669.jpg,curated/phase2/temporal_frames/2fc3db471f9d44c0/frame_00001669.jpg,True,f39a6e8eecbd26d445071b7aa7a4cf8c06dfbd890848ea4ad2ab8927a1b4cc64,336,336,\N
/content/drive/MyDrive/MMVQA_Clinical/curated/phase2/temporal_frames/2fc3db471f9d44c0/frame_00001699.jpg,curated/phase2/temporal_frames/2fc3db471f9d44c0/frame_00001699.jpg,True,20a0c92ad4739c11048f182877282eb64e84fd16604d478e12495bea5712a752,336,336,\N
/content/drive/MyDrive/MMVQA_Clinical/curated/phase2/temporal_frames/2fc3db471f9d44c0/frame_00001759.jpg,curated/phase2/temporal_frames/2fc3db471f9d44c0/frame_00001759.jpg,True,440be5ca3fe758723ac05f3a02fbdfb1a665173cbe747bde74f5ae1b01dace6f,336,336,\N
/content/drive/MyDrive/MMVQA_Clinical/curated/phase2/temporal_frames/2fc3db471f9d44c0/frame_00001789.jpg,curated/phase2/temporal_frames/2fc3db471f9d44c0/frame_00001789.jpg,True,c0491c71a2590bec75f2ecf239d1c42e67927163a325a216e32cc25c87c4f479,336,336,\N
/content/drive/MyDrive/MMVQA_Clinical/curated/phase2/temporal_frames/2fc3db471f9d44c0/frame_00002481.jpg,curated/phase2/temporal_frames/2fc3db471f9d44c0/frame_00002481.jpg,True,1c485676fdfc023d160f7380fd634091fe7b2c9f8a673aedd3a7040ae25dcd06,336,336,\N
/content/drive/MyDrive/MMVQA_Clinical/curated/phase2/temporal_frames/2fc3db471f9d44c0/frame_00002500.jpg,curated/phase2/temporal_frames/2fc3db471f9d44c0/frame_00002500.jpg,True,ce8076763e184de8f73d71eb7558b2cfd376de637fd0ac0f89b48eeb8cf97e6e,336,336,\N
/content/drive/MyDrive/MMVQA_Clinical/curated/phase2/temporal_frames/2fc3db471f9d44c0/frame_00002511.jpg,curated/phase2/temporal_frames/2fc3db471f9d44c0/frame_00002511.jpg,True,58094426f93bd45d8544f22689f785daf4f718d71fa6aba1dcad7698afddb8c6,336,336,\N
/content/drive/MyDrive/MMVQA_Clinical/curated/phase2/temporal_frames/2fc3db471f9d44c0/frame_00002530.jpg,curated/phase2/temporal_frames/2fc3db471f9d44c0/frame_00002530.jpg,True,31160117205f1595378b6f601a00329be34f1129c6866ee9c0b94fa044f86063,336,336,\N
/content/drive/MyDrive/MMVQA_Clinical/curated/phase2/temporal_frames/2fc3db471f9d44c0/frame_00002590.jpg,curated/phase2/temporal_frames/2fc3db471f9d44c0/frame_00002590.jpg,True,d1ea2a5153e3711fc52d777648420064d40fef78c279998a7e8bfb22d59ce0c5,336,336,\N
/content/drive/MyDrive/MMVQA_Clinical/curated/phase2/temporal_frames/2fc3db471f9d44c0/frame_00002601.jpg,curated/phase2/temporal_frames/2fc3db471f9d44c0/frame_00002601.jpg,True,6a5e00d89f9c3f2f0dc0173d247c117eda0603c7b2e8104c5c4d6d3058d8f490,336,336,\N
/content/drive/MyDrive/MMVQA_Clinical/curated/phase2/temporal_frames/2fc3db471f9d44c0/frame_00002620.jpg,curated/phase2/temporal_frames/2fc3db471f9d44c0/frame_00002620.jpg,True,86fb2f5743fbb815ebd50c18bb10c4706305c6d8cf32908b8020b1b0ace489b4,336,336,\N
/content/drive/MyDrive/MMVQA_Clinical/curated/phase2/temporal_frames/2fc3db471f9d44c0/frame_00005415.jpg,curated/phase2/temporal_frames/2fc3db471f9d44c0/frame_00005415.jpg,True,6309b4bebc4d2afe9dc7c88b8130b5cdbee0d933078e039a954133465081e195,336,336,\N
/content/drive/MyDrive/MMVQA_Clinical/curated/phase2/temporal_frames/2fc3db471f9d44c0/frame_00005535.jpg,curated/phase2/temporal_frames/2fc3db471f9d44c0/frame_00005535.jpg,True,9ad9644b5dc9ec75bccb6fc4f6d3121f2dd6bb617b5f22b6ad7a57421dddb698,336,336,\N
/content/drive/MyDrive/MMVQA_Clinical/curated/phase2/temporal_frames/39960e5e099a45ca/frame_00009022.jpg,curated/phase2/temporal_frames/39960e5e099a45ca/frame_00009022.jpg,True,b29e3a746ea367c8edec6dbcff6f952f70f7bdb3ae848b5b8930bfde87644413,336,336,\N
/content/drive/MyDrive/MMVQA_Clinical/curated/phase2/temporal_frames/39960e5e099a45ca/frame_00009052.jpg,curated/phase2/temporal_frames/39960e5e099a45ca/frame_00009052.jpg,True,8caae192a0785366ce72d054a1c30f6841c997ca0cb7e9207aba8f53f619e5f0,336,336,\N
/content/drive/MyDrive/MMVQA_Clinical/curated/phase2/temporal_frames/39960e5e099a45ca/frame_00009112.jpg,curated/phase2/temporal_frames/39960e5e099a45ca/frame_00009112.jpg,True,b12a9e44acd3da97479e62d0df87520bd3177880c898861456c171677cba16b8,336,336,\N
/content/drive/MyDrive/MMVQA_Clinical/curated/phase2/temporal_frames/39960e5e099a45ca/frame_00009142.jpg,curated/phase2/temporal_frames/39960e5e099a45ca/frame_00009142.jpg,True,ebb0e9107c1aa100e0fab29e3a80983232cd344f88605dc4f213193ec264085f,336,336,\N
/content/drive/MyDrive/MMVQA_Clinical/curated/phase2/temporal_frames/39960e5e099a45ca/frame_00013375.jpg,curated/phase2/temporal_frames/39960e5e099a45ca/frame_00013375.jpg,True,c2e0f304beefc5ab23f81852e5adbde0470021c8629ad0078f387783a4a636be,336,336,\N
/content/drive/MyDrive/MMVQA_Clinical/curated/phase2/temporal_frames/39960e5e099a45ca/frame_00013495.jpg,curated/phase2/temporal_frames/39960e5e099a45ca/frame_00013495.jpg,True,905721c05292b4a6b1db9a909c70c9cec5f3900eb9b4abd0c81015a442abad19,336,336,\N
/content/drive/MyDrive/MMVQA_Clinical/curated/phase2/temporal_frames/39960e5e099a45ca/frame_00023791.jpg,curated/phase2/temporal_frames/39960e5e099a45ca/frame_00023791.jpg,True,4d5a390ba8a44decfff0d282493b475915c63045ff6321d1e5aaaa4d01082389,336,336,\N
/content/drive/MyDrive/MMVQA_Clinical/curated/phase2/temporal_frames/39960e5e099a45ca/frame_00023911.jpg,curated/phase2/temporal_frames/39960e5e099a45ca/frame_00023911.jpg,True,c473def93a536261871765cd89a61a8b593ac69c0cf6d0e4340daa9358348959,336,336,\N
/content/drive/MyDrive/MMVQA_Clinical/curated/phase2/temporal_frames/39960e5e099a45ca/frame_00032852.jpg,curated/phase2/temporal_frames/39960e5e099a45ca/frame_00032852.jpg,True,ba135e5e6bc5bc735c26c28a05511fcce78a0f8770b041bc00202f4374df8f14,336,336,\N
/content/drive/MyDrive/MMVQA_Clinical/curated/phase2/temporal_frames/39960e5e099a45ca/frame_00032882.jpg,curated/phase2/temporal_frames/39960e5e099a45ca/frame_00032882.jpg,True,1e0913ba2a960b3baaf27388af41e04ec304bc4683dbf2c11f9741ceb6805cb5,336,336,\N
/content/drive/MyDrive/MMVQA_Clinical/curated/phase2/temporal_frames/39960e5e099a45ca/frame_00032942.jpg,curated/phase2/temporal_frames/39960e5e099a45ca/frame_00032942.jpg,True,798a548ea667c45432881f2bdc8fbcd732e52fd301855970e550cfcdc5a94267,336,336,\N
/content/drive/MyDrive/MMVQA_Clinical/curated/phase2/temporal_frames/3ada4222967f421d/frame_00000059.jpg,curated/phase2/temporal_frames/3ada4222967f421d/frame_00000059.jpg,True,abf594e412c5ccaf5db1dc0be91599ff43ff4d418bcf05a74ee1de8546aa0a55,336,336,\N
/content/drive/MyDrive/MMVQA_Clinical/curated/phase2/temporal_frames/3ada4222967f421d/frame_00000089.jpg,curated/phase2/temporal_frames/3ada4222967f421d/frame_00000089.jpg,True,206c2cb673d46cb785d86e26116685ee7db459acc16803106a76d0c32fd9e43c,336,336,\N
/content/drive/MyDrive/MMVQA_Clinical/curated/phase2/temporal_frames/3ada4222967f421d/frame_00000783.jpg,curated/phase2/temporal_frames/3ada4222967f421d/frame_00000783.jpg,True,4ecbe4bf09668a08aad83ee6a6c9ab00642c7ba73dfe746f8c72b92d0e433f19,336,336,\N
/content/drive/MyDrive/MMVQA_Clinical/curated/phase2/temporal_frames/3ada4222967f421d/frame_00000813.jpg,curated/phase2/temporal_frames/3ada4222967f421d/frame_00000813.jpg,True,675bf892bed0d75eb45d6e84f3ec84c37df7fd32e9a0b4695b3d186a703e8c99,336,336,\N
/content/drive/MyDrive/MMVQA_Clinical/curated/phase2/temporal_frames/3ada4222967f421d/frame_00000873.jpg,curated/phase2/temporal_frames/3ada4222967f421d/frame_00000873.jpg,True,314d360a07e75a680baa43bdf1497535711472517a5a2f41ca0467cb3f08b0a5,336,336,\N
/content/drive/MyDrive/MMVQA_Clinical/curated/phase2/temporal_frames/3ada4222967f421d/frame_00000903.jpg,curated/phase2/temporal_frames/3ada4222967f421d/frame_00000903.jpg,True,a40dd9e2587de56b6a29b1f5ec204a008cb203cb865eaf820bbe98598adfb031,336,336,\N
/content/drive/MyDrive/MMVQA_Clinical/curated/phase2/temporal_frames/3ada4222967f421d/frame_00001241.jpg,curated/phase2/temporal_frames/3ada4222967f421d/frame_00001241.jpg,True,08c4f685ae099fc212f805c71073143859767046b93466981dad1e9f131bf9e9,336,336,\N
/content/drive/MyDrive/MMVQA_Clinical/curated/phase2/temporal_frames/3ada4222967f421d/frame_00001247.jpg,curated/phase2/temporal_frames/3ada4222967f421d/frame_00001247.jpg,True,8aaaed5fabedbe2567dfbe7d3f90483f80092e635a07bb3044c3707609231885,336,336,\N
/content/drive/MyDrive/MMVQA_Clinical/curated/phase2/temporal_frames/3ada4222967f421d/frame_00001271.jpg,curated/phase2/temporal_frames/3ada4222967f421d/frame_00001271.jpg,True,d9c3e7e4f5b9c560e0d5ef5b401e0fee55947b240b4878d408f39f715eb76885,336,336,\N
/content/drive/MyDrive/MMVQA_Clinical/curated/phase2/temporal_frames/3ada4222967f421d/frame_00001277.jpg,curated/phase2/temporal_frames/3ada4222967f421d/frame_00001277.jpg,True,10706812f23536dd5bc74ce2d304c56f587b63aef7ac2aa4ea7b07fab479608a,336,336,\N
/content/drive/MyDrive/MMVQA_Clinical/curated/phase2/temporal_frames/3ada4222967f421d/frame_00001327.jpg,curated/phase2/temporal_frames/3ada4222967f421d/frame_00001327.jpg,True,2e562b79bcab508ced63dde6f39db08f0bc8122c7bd15c8817a00517ab014b65,336,336,\N
/content/drive/MyDrive/MMVQA_Clinical/curated/phase2/temporal_frames/3ada4222967f421d/frame_00001331.jpg,curated/phase2/temporal_frames/3ada4222967f421d/frame_00001331.jpg,True,475ff202ae2d77df968ddac0da569602bd573c7b06497bfe9da9a711a007aa5e,336,336,\N
/content/drive/MyDrive/MMVQA_Clinical/curated/phase2/temporal_frames/3ada4222967f421d/frame_00001337.jpg,curated/phase2/temporal_frames/3ada4222967f421d/frame_00001337.jpg,True,66002c12db2d7b477a874a6cf231129fa1c2769dcd12a579031387aa5ba73a91,336,336,\N
/content/drive/MyDrive/MMVQA_Clinical/curated/phase2/temporal_frames/3ada4222967f421d/frame_00001357.jpg,curated/phase2/temporal_frames/3ada4222967f421d/frame_00001357.jpg,True,d38318e0004ae217fc75b6a8657c372a9d7fdae116846173f59e641e46201960,336,336,\N
/content/drive/MyDrive/MMVQA_Clinical/curated/phase2/temporal_frames/3ada4222967f421d/frame_00001361.jpg,curated/phase2/temporal_frames/3ada4222967f421d/frame_00001361.jpg,True,2b0904a8d0568c736360c6261200e6361a31bc2de93f89728a863e9c60b2d873,336,336,\N
/content/drive/MyDrive/MMVQA_Clinical/curated/phase2/temporal_frames/3ada4222967f421d/frame_00001367.jpg,curated/phase2/temporal_frames/3ada4222967f421d/frame_00001367.jpg,True,7dfa9647bca3e71ebd6659ce8f7d0e9298e3ff07c2f8b367f0dcaf22c52e9ca3,336,336,\N
/content/drive/MyDrive/MMVQA_Clinical/curated/phase2/temporal_frames/3ada4222967f421d/frame_00001417.jpg,curated/phase2/temporal_frames/3ada4222967f421d/frame_00001417.jpg,True,a098b2c3f64d0f21e7520766bbfdb1f3379f32283826b2e399fcd551dfcb67c4,336,336,\N
/content/drive/MyDrive/MMVQA_Clinical/curated/phase2/temporal_frames/3ada4222967f421d/frame_00001447.jpg,curated/phase2/temporal_frames/3ada4222967f421d/frame_00001447.jpg,True,81fd7c5bef058da2b492e00be35651c5aad6304e84df7992fa3288aabb68ace3,336,336,\N
/content/drive/MyDrive/MMVQA_Clinical/curated/phase2/temporal_frames/3ada4222967f421d/frame_00001464.jpg,curated/phase2/temporal_frames/3ada4222967f421d/frame_00001464.jpg,True,6897269ff3b863c054f5a11f2c1b92de1f4819e257ae6b6c640936a35c3925ac,336,336,\N
/content/drive/MyDrive/MMVQA_Clinical/curated/phase2/temporal_frames/3ada4222967f421d/frame_00001494.jpg,curated/phase2/temporal_frames/3ada4222967f421d/frame_00001494.jpg,True,3c0c5257b1dee2ff76717f33053a5be6eaca6406b828eb243fe0a78d5d07f271,336,336,\N
/content/drive/MyDrive/MMVQA_Clinical/curated/phase2/temporal_frames/3ada4222967f421d/frame_00001504.jpg,curated/phase2/temporal_frames/3ada4222967f421d/frame_00001504.jpg,True,842aab4c38a26a2b1e21bdb8a733ecfe1976d196bf8de67cfca95190ddbe7a7d,336,336,\N
/content/drive/MyDrive/MMVQA_Clinical/curated/phase2/temporal_frames/3ada4222967f421d/frame_00001513.jpg,curated/phase2/temporal_frames/3ada4222967f421d/frame_00001513.jpg,True,aab9769c9e035cade38bd462f45d9e2b9894e07a1ecd8c93111ea6ab53146ab1,336,336,\N
/content/drive/MyDrive/MMVQA_Clinical/curated/phase2/temporal_frames/3ada4222967f421d/frame_00001534.jpg,curated/phase2/temporal_frames/3ada4222967f421d/frame_00001534.jpg,True,6303e9c4cb4a9e3ce50e03900e7cad1f974d410a74098637f1c2d8cae327490c,336,336,\N
/content/drive/MyDrive/MMVQA_Clinical/curated/phase2/temporal_frames/3ada4222967f421d/frame_00001543.jpg,curated/phase2/temporal_frames/3ada4222967f421d/frame_00001543.jpg,True,a0f0e9ec300461ffb2cabca3a06eeae3558891f8289bb001fd876f8eb9b54a8a,336,336,\N
/content/drive/MyDrive/MMVQA_Clinical/curated/phase2/temporal_frames/3ada4222967f421d/frame_00001554.jpg,curated/phase2/temporal_frames/3ada4222967f421d/frame_00001554.jpg,True,87e675af476309298b918861a68e5c2af89f3de1dce3ee93cfcccc8e351c9747,336,336,\N
/content/drive/MyDrive/MMVQA_Clinical/curated/phase2/temporal_frames/3ada4222967f421d/frame_00001584.jpg,curated/phase2/temporal_frames/3ada4222967f421d/frame_00001584.jpg,True,83c3543b428a7d70a56b5b413a204df6c2fb551c0ccbb53f1bfc36746513f6eb,336,336,\N
/content/drive/MyDrive/MMVQA_Clinical/curated/phase2/temporal_frames/3ada4222967f421d/frame_00001594.jpg,curated/phase2/temporal_frames/3ada4222967f421d/frame_00001594.jpg,True,17dc53967083c174b62a11ab7f00d2faafe96b6e08528f43af0aff749077a8c7,336,336,\N
/content/drive/MyDrive/MMVQA_Clinical/curated/phase2/temporal_frames/3ada4222967f421d/frame_00001603.jpg,curated/phase2/temporal_frames/3ada4222967f421d/frame_00001603.jpg,True,39d3f52e946a084fcc59b6cfa39dd52fdc4459ae2f47af6ae567bc46a92071d7,336,336,\N
/content/drive/MyDrive/MMVQA_Clinical/curated/phase2/temporal_frames/3ada4222967f421d/frame_00001624.jpg,curated/phase2/temporal_frames/3ada4222967f421d/frame_00001624.jpg,True,6fa69164c287d72df33bdc212084ce4b0a4922360ea2a9bbe34040db526e08b9,336,336,\N
/content/drive/MyDrive/MMVQA_Clinical/curated/phase2/temporal_frames/3ada4222967f421d/frame_00001633.jpg,curated/phase2/temporal_frames/3ada4222967f421d/frame_00001633.jpg,True,5f1770a76bc5920ae2a8976de9c704ed9efdf31c7f441810d7b5e91feaf758bf,336,336,\N
/content/drive/MyDrive/MMVQA_Clinical/curated/phase2/temporal_frames/3ada4222967f421d/frame_00001758.jpg,curated/phase2/temporal_frames/3ada4222967f421d/frame_00001758.jpg,True,9151713b5eb7420f77c7f5a11a22558177cf92b7cb4b4b4c5f52dd15c40bf415,336,336,\N
/content/drive/MyDrive/MMVQA_Clinical/curated/phase2/temporal_frames/3ada4222967f421d/frame_00001788.jpg,curated/phase2/temporal_frames/3ada4222967f421d/frame_00001788.jpg,True,d7d5ecc479a051aae1cb362e76753c9ad3d0071c94623f112e17d18294bc4189,336,336,\N
/content/drive/MyDrive/MMVQA_Clinical/curated/phase2/temporal_frames/3ada4222967f421d/frame_00001845.jpg,curated/phase2/temporal_frames/3ada4222967f421d/frame_00001845.jpg,True,79c51f9dc20648a1aaba4e42439e6aced8988478fbbc7e5f37756f0cb732029a,336,336,\N
/content/drive/MyDrive/MMVQA_Clinical/curated/phase2/temporal_frames/3ada4222967f421d/frame_00001848.jpg,curated/phase2/temporal_frames/3ada4222967f421d/frame_00001848.jpg,True,12b48a0989e691c915beb039d51164518b620a801d3dc9fa8a868a096ae9415d,336,336,\N
/content/drive/MyDrive/MMVQA_Clinical/curated/phase2/temporal_frames/3ada4222967f421d/frame_00001875.jpg,curated/phase2/temporal_frames/3ada4222967f421d/frame_00001875.jpg,True,57554d50bbac98717b1eecd81319c09d11300b2492218ab6c12ae3056be339a8,336,336,\N
/content/drive/MyDrive/MMVQA_Clinical/curated/phase2/temporal_frames/3ada4222967f421d/frame_00001878.jpg,curated/phase2/temporal_frames/3ada4222967f421d/frame_00001878.jpg,True,295b2d98ee7047022456d0e03dbb6b4d61fdc79350ffd6ba37ade24a0b1adbeb,336,336,\N
/content/drive/MyDrive/MMVQA_Clinical/curated/phase2/temporal_frames/3ada4222967f421d/frame_00001935.jpg,curated/phase2/temporal_frames/3ada4222967f421d/frame_00001935.jpg,True,5e101886321c2dd2218cd1c27e8b2ad2fae2b0b42b6a7105665793ded81451a9,336,336,\N
/content/drive/MyDrive/MMVQA_Clinical/curated/phase2/temporal_frames/3ada4222967f421d/frame_00001965.jpg,curated/phase2/temporal_frames/3ada4222967f421d/frame_00001965.jpg,True,31c5083b9fd652f1fa40f8bd6ae643e87bd4b4b941acf2029d726a9afb7fbda0,336,336,\N
/content/drive/MyDrive/MMVQA_Clinical/curated/phase2/temporal_frames/3ada4222967f421d/frame_00002085.jpg,curated/phase2/temporal_frames/3ada4222967f421d/frame_00002085.jpg,True,01cfe472200b966689de80abdfe31cd7baaaca9e7f36a083ebfc9241f4c7697b,336,336,\N
/content/drive/MyDrive/MMVQA_Clinical/curated/phase2/temporal_frames/3ada4222967f421d/frame_00002095.jpg,curated/phase2/temporal_frames/3ada4222967f421d/frame_00002095.jpg,True,8b2888f6059169f0b61beff55c91a47e01766c4ed81452619f50b48e45cf8134,336,336,\N
/content/drive/MyDrive/MMVQA_Clinical/curated/phase2/temporal_frames/3ada4222967f421d/frame_00002110.jpg,curated/phase2/temporal_frames/3ada4222967f421d/frame_00002110.jpg,True,643bac0c9d77d3db2ccd2f18cc15f9bbe43fc61f030aacd7f1f5c07cad2e44dc,336,336,\N
/content/drive/MyDrive/MMVQA_Clinical/curated/phase2/temporal_frames/3ada4222967f421d/frame_00002115.jpg,curated/phase2/temporal_frames/3ada4222967f421d/frame_00002115.jpg,True,981a722014d1efd3f0c10d6bafbad136c7f5015e4bd0ca0ee1db02fc735dbf5a,336,336,\N
/content/drive/MyDrive/MMVQA_Clinical/curated/phase2/temporal_frames/3ada4222967f421d/frame_00002119.jpg,curated/phase2/temporal_frames/3ada4222967f421d/frame_00002119.jpg,True,9f9411023670032eb49d65c8275c166834b64b43e3eb8cb595c9edb144c613ce,336,336,\N
/content/drive/MyDrive/MMVQA_Clinical/curated/phase2/temporal_frames/3ada4222967f421d/frame_00002125.jpg,curated/phase2/temporal_frames/3ada4222967f421d/frame_00002125.jpg,True,dcd5d10af2a4e0948f751ff8dba82f753770185fc7cdfcfdb983a742f7cb884a,336,336,\N
/content/drive/MyDrive/MMVQA_Clinical/curated/phase2/temporal_frames/3ada4222967f421d/frame_00002127.jpg,curated/phase2/temporal_frames/3ada4222967f421d/frame_00002127.jpg,True,329e36f3fb6ce00281f6e363b4060405cba15f903a894338032dc0fd1479a469,336,336,\N
/content/drive/MyDrive/MMVQA_Clinical/curated/phase2/temporal_frames/3ada4222967f421d/frame_00002138.jpg,curated/phase2/temporal_frames/3ada4222967f421d/frame_00002138.jpg,True,eb2601550b2e00301e8dd6b16c8aa20f9267132db1d1f72a2a4a122a3c88d9cf,336,336,\N
/content/drive/MyDrive/MMVQA_Clinical/curated/phase2/temporal_frames/3ada4222967f421d/frame_00002140.jpg,curated/phase2/temporal_frames/3ada4222967f421d/frame_00002140.jpg,True,331c3fe63ed36551f9171f59b49bc28b238e6266a5d45058b4eae45afe3696b3,336,336,\N
/content/drive/MyDrive/MMVQA_Clinical/curated/phase2/temporal_frames/3ada4222967f421d/frame_00002149.jpg,curated/phase2/temporal_frames/3ada4222967f421d/frame_00002149.jpg,True,76bebc70c13a34c5c46e35c4b4ca23c360a9d8c1fc45fe83d5e7f35c1a1b1813,336,336,\N
/content/drive/MyDrive/MMVQA_Clinical/curated/phase2/temporal_frames/3ada4222967f421d/frame_00002157.jpg,curated/phase2/temporal_frames/3ada4222967f421d/frame_00002157.jpg,True,559f9e717b8de572a4c08ee4488509800694d4ddc329c340f929a76a9d352603,336,336,\N
/content/drive/MyDrive/MMVQA_Clinical/curated/phase2/temporal_frames/3ada4222967f421d/frame_00002185.jpg,curated/phase2/temporal_frames/3ada4222967f421d/frame_00002185.jpg,True,24a47c33fd81f3a132ad778dcee1482f279dba5f1fc6eb9ae75aecccbd33e785,336,336,\N
/content/drive/MyDrive/MMVQA_Clinical/curated/phase2/temporal_frames/3ada4222967f421d/frame_00002200.jpg,curated/phase2/temporal_frames/3ada4222967f421d/frame_00002200.jpg,True,e781a837d2d38ac6f16fe60246f19b75c1039f005459dfd6801e35462d1f967c,336,336,\N
/content/drive/MyDrive/MMVQA_Clinical/curated/phase2/temporal_frames/3ada4222967f421d/frame_00002205.jpg,curated/phase2/temporal_frames/3ada4222967f421d/frame_00002205.jpg,True,7a5f0c285010e7932f3a4f1c59c889d9d8cae78d7f0f8da06c3f5237959442ff,336,336,\N
/content/drive/MyDrive/MMVQA_Clinical/curated/phase2/temporal_frames/3ada4222967f421d/frame_00002215.jpg,curated/phase2/temporal_frames/3ada4222967f421d/frame_00002215.jpg,True,f5a4224f5f6997311723b8c29d6ef23abbdf0bbfc9e2f83d624e13c5f081866f,336,336,\N
/content/drive/MyDrive/MMVQA_Clinical/curated/phase2/temporal_frames/3ada4222967f421d/frame_00002217.jpg,curated/phase2/temporal_frames/3ada4222967f421d/frame_00002217.jpg,True,450028f6e51cc9980d8178cb80132bc464e2f9798c4f89d210a9398d413afde0,336,336,\N
/content/drive/MyDrive/MMVQA_Clinical/curated/phase2/temporal_frames/3ada4222967f421d/frame_00002228.jpg,curated/phase2/temporal_frames/3ada4222967f421d/frame_00002228.jpg,True,6ae44c8cec950e2222d0762c9dd611c0eada835640a95dec69146b742ef743a0,336,336,\N
/content/drive/MyDrive/MMVQA_Clinical/curated/phase2/temporal_frames/3ada4222967f421d/frame_00002230.jpg,curated/phase2/temporal_frames/3ada4222967f421d/frame_00002230.jpg,True,d91453525f72d5677f57ae32ce8d898f2717f65e732ec2d2b952513e31098642,336,336,\N
/content/drive/MyDrive/MMVQA_Clinical/curated/phase2/temporal_frames/3ada4222967f421d/frame_00002233.jpg,curated/phase2/temporal_frames/3ada4222967f421d/frame_00002233.jpg,True,027a7d935525f1232ceb6e7956c1038d1d0fbee5e2b7fffb2deef4aacfb34a37,336,336,\N
/content/drive/MyDrive/MMVQA_Clinical/curated/phase2/temporal_frames/3ada4222967f421d/frame_00002239.jpg,curated/phase2/temporal_frames/3ada4222967f421d/frame_00002239.jpg,True,c6a29c2c6271047ddb2ad2a861a55d72a343a9c89bccd3cb37acf02d621a19a1,336,336,\N
/content/drive/MyDrive/MMVQA_Clinical/curated/phase2/temporal_frames/3ada4222967f421d/frame_00002247.jpg,curated/phase2/temporal_frames/3ada4222967f421d/frame_00002247.jpg,True,89c83c6ecc9e3f143e15469b3558546561af5df69e4ae42928a52e99995e6c4f,336,336,\N
/content/drive/MyDrive/MMVQA_Clinical/curated/phase2/temporal_frames/3ada4222967f421d/frame_00002258.jpg,curated/phase2/temporal_frames/3ada4222967f421d/frame_00002258.jpg,True,56ba54a603311f36d39cd21673f2f1e959c4739eaedcc68a73da275c1c6da55c,336,336,\N
/content/drive/MyDrive/MMVQA_Clinical/curated/phase2/temporal_frames/3ada4222967f421d/frame_00002263.jpg,curated/phase2/temporal_frames/3ada4222967f421d/frame_00002263.jpg,True,c3c1ba3a0321f47b42da5933ffd695266b8199e9b06ba0d23215ae9836fa3a06,336,336,\N
/content/drive/MyDrive/MMVQA_Clinical/curated/phase2/temporal_frames/3ada4222967f421d/frame_00002266.jpg,curated/phase2/temporal_frames/3ada4222967f421d/frame_00002266.jpg,True,1c8b5dd5ad5f1c99b458a09d8eafdef002dec42d5339e89436df593cac721d75,336,336,\N
/content/drive/MyDrive/MMVQA_Clinical/curated/phase2/temporal_frames/3ada4222967f421d/frame_00002269.jpg,curated/phase2/temporal_frames/3ada4222967f421d/frame_00002269.jpg,True,409f38ae370ba8c8820b564cd84678ee6434148a023d21fa50ba28d093de08ff,336,336,\N
/content/drive/MyDrive/MMVQA_Clinical/curated/phase2/temporal_frames/3ada4222967f421d/frame_00002296.jpg,curated/phase2/temporal_frames/3ada4222967f421d/frame_00002296.jpg,True,119ef07ab9b9b81e5dbfc2130855278f95dc8a0aebb62cb9b51cb5a87bde2d77,336,336,\N
/content/drive/MyDrive/MMVQA_Clinical/curated/phase2/temporal_frames/3ada4222967f421d/frame_00002309.jpg,curated/phase2/temporal_frames/3ada4222967f421d/frame_00002309.jpg,True,60da259b495dace025f4109d0b37592c2e570601f5b458c46009f2c5390933f5,336,336,\N
/content/drive/MyDrive/MMVQA_Clinical/curated/phase2/temporal_frames/3ada4222967f421d/frame_00002335.jpg,curated/phase2/temporal_frames/3ada4222967f421d/frame_00002335.jpg,True,6f49e2bb108606eddc20c02320f946b9c1454255cf36848246532d8617c9a566,336,336,\N
/content/drive/MyDrive/MMVQA_Clinical/curated/phase2/temporal_frames/3ada4222967f421d/frame_00002339.jpg,curated/phase2/temporal_frames/3ada4222967f421d/frame_00002339.jpg,True,5a1f684a4e75bccb03f1964873f5cd3b15865ff912306858ea27e4280e4e0dd4,336,336,\N
/content/drive/MyDrive/MMVQA_Clinical/curated/phase2/temporal_frames/3ada4222967f421d/frame_00002356.jpg,curated/phase2/temporal_frames/3ada4222967f421d/frame_00002356.jpg,True,f1ba2da5585e16bc159d7c54ac55758af8d4f1244aa99fafb4e22134d0d5ac05,336,336,\N
/content/drive/MyDrive/MMVQA_Clinical/curated/phase2/temporal_frames/3ada4222967f421d/frame_00002358.jpg,curated/phase2/temporal_frames/3ada4222967f421d/frame_00002358.jpg,True,c422c09c56dba070c6c8492225e25d721e40ce0d831590005a75fe9a992cb96f,336,336,\N
/content/drive/MyDrive/MMVQA_Clinical/curated/phase2/temporal_frames/3ada4222967f421d/frame_00002386.jpg,curated/phase2/temporal_frames/3ada4222967f421d/frame_00002386.jpg,True,0dfc4a039907cbdb2bcf67eece382bb06c349e96f9af43e4282f4b7d11ff3d63,336,336,\N
/content/drive/MyDrive/MMVQA_Clinical/curated/phase2/temporal_frames/3ada4222967f421d/frame_00002387.jpg,curated/phase2/temporal_frames/3ada4222967f421d/frame_00002387.jpg,True,25c880d847a29af0589e3abb9b958f26fa4a20a8a3895e8dac850630682b731a,336,336,\N
/content/drive/MyDrive/MMVQA_Clinical/curated/phase2/temporal_frames/3ada4222967f421d/frame_00002388.jpg,curated/phase2/temporal_frames/3ada4222967f421d/frame_00002388.jpg,True,d73cefc036d1c3dd02df07881b3fc9a96d76630151d291d94a9481b30cb24e85,336,336,\N
/content/drive/MyDrive/MMVQA_Clinical/curated/phase2/temporal_frames/3ada4222967f421d/frame_00002399.jpg,curated/phase2/temporal_frames/3ada4222967f421d/frame_00002399.jpg,True,4652682e319860b486b390d31ea04e2d5f4f7d768d406e8393bb96548d5b3859,336,336,\N
/content/drive/MyDrive/MMVQA_Clinical/curated/phase2/temporal_frames/3ada4222967f421d/frame_00002455.jpg,curated/phase2/temporal_frames/3ada4222967f421d/frame_00002455.jpg,True,1ed1b396b3360b99c355939838e6136a6d214a8bcc15501e593bf3099b0cb4a7,336,336,\N
/content/drive/MyDrive/MMVQA_Clinical/curated/phase2/temporal_frames/3ada4222967f421d/frame_00002585.jpg,curated/phase2/temporal_frames/3ada4222967f421d/frame_00002585.jpg,True,60afa2560560c4ef66edfe566b586b1ce33ca44e7d6d0492dc2b0161d6cf6cea,336,336,\N
/content/drive/MyDrive/MMVQA_Clinical/curated/phase2/temporal_frames/3ada4222967f421d/frame_00002615.jpg,curated/phase2/temporal_frames/3ada4222967f421d/frame_00002615.jpg,True,5593de864e4e4e56965e8d89cc9f18d8e197ca645377bdb20df5315a909b9425,336,336,\N
/content/drive/MyDrive/MMVQA_Clinical/curated/phase2/temporal_frames/3ada4222967f421d/frame_00002629.jpg,curated/phase2/temporal_frames/3ada4222967f421d/frame_00002629.jpg,True,698d441688eb7580ab59a8ce241083874191c10d76f530fa774585ee3f698738,336,336,\N
/content/drive/MyDrive/MMVQA_Clinical/curated/phase2/temporal_frames/3ada4222967f421d/frame_00002637.jpg,curated/phase2/temporal_frames/3ada4222967f421d/frame_00002637.jpg,True,f52fed89e3554157de11dc7b230bd244738af09a275564f1b7aece673172de93,336,336,\N
/content/drive/MyDrive/MMVQA_Clinical/curated/phase2/temporal_frames/3ada4222967f421d/frame_00002661.jpg,curated/phase2/temporal_frames/3ada4222967f421d/frame_00002661.jpg,True,9cc5ff70fb9147e3f6576381e4c0b249e09f0b022eff54be9ad9868d40438f00,336,336,\N
/content/drive/MyDrive/MMVQA_Clinical/curated/phase2/temporal_frames/3ada4222967f421d/frame_00002663.jpg,curated/phase2/temporal_frames/3ada4222967f421d/frame_00002663.jpg,True,b1a2902da5df2a77d6493babcaf354d2c950957c9cf5144964d9ab9ed67a3b42,336,336,\N
/content/drive/MyDrive/MMVQA_Clinical/curated/phase2/temporal_frames/3ada4222967f421d/frame_00002672.jpg,curated/phase2/temporal_frames/3ada4222967f421d/frame_00002672.jpg,True,6f34a411d1f3c4f678985def4ec2e42bcd604e3d2b2bd11f624a764ce36b2ad1,336,336,\N
/content/drive/MyDrive/MMVQA_Clinical/curated/phase2/temporal_frames/3ada4222967f421d/frame_00002687.jpg,curated/phase2/temporal_frames/3ada4222967f421d/frame_00002687.jpg,True,2d87dac92ed331800046ec365c660cf537c0373de3781037886e1e53d6780190,336,336,\N
/content/drive/MyDrive/MMVQA_Clinical/curated/phase2/temporal_frames/3ada4222967f421d/frame_00002693.jpg,curated/phase2/temporal_frames/3ada4222967f421d/frame_00002693.jpg,True,e9e65512f68896d1ef3c31ad683b0b4de81833223a7e51615c7cc6cfdcc10f5b,336,336,\N
/content/drive/MyDrive/MMVQA_Clinical/curated/phase2/temporal_frames/3ada4222967f421d/frame_00002702.jpg,curated/phase2/temporal_frames/3ada4222967f421d/frame_00002702.jpg,True,f7249d3aa66fb0134bdd64009827c33b5f74107a87fe3813e37bf7d861fd36ba,336,336,\N
/content/drive/MyDrive/MMVQA_Clinical/curated/phase2/temporal_frames/3ada4222967f421d/frame_00002717.jpg,curated/phase2/temporal_frames/3ada4222967f421d/frame_00002717.jpg,True,4baafb8328ef2f6aa2e82fde74dcb0b812f66def0b5d7694719194d04e9d4532,336,336,\N
/content/drive/MyDrive/MMVQA_Clinical/curated/phase2/temporal_frames/3ada4222967f421d/frame_00002762.jpg,curated/phase2/temporal_frames/3ada4222967f421d/frame_00002762.jpg,True,4846b12fcaed077e94e276be277ebb0678e482437eea5320c516c407ad774c29,336,336,\N
/content/drive/MyDrive/MMVQA_Clinical/curated/phase2/temporal_frames/3ada4222967f421d/frame_00002777.jpg,curated/phase2/temporal_frames/3ada4222967f421d/frame_00002777.jpg,True,5a16150ee0d47ec150288459ce30847640660dc96733a0ca1151b2b7315b0f66,336,336,\N
/content/drive/MyDrive/MMVQA_Clinical/curated/phase2/temporal_frames/3ada4222967f421d/frame_00002792.jpg,curated/phase2/temporal_frames/3ada4222967f421d/frame_00002792.jpg,True,d13de439ffee604a7a5d95d6a830c76727da3a2a8f5d7a10b5e4fc94b05fc089,336,336,\N
/content/drive/MyDrive/MMVQA_Clinical/curated/phase2/temporal_frames/3ada4222967f421d/frame_00002807.jpg,curated/phase2/temporal_frames/3ada4222967f421d/frame_00002807.jpg,True,b27b37a74d74b3a4474b6df68121239ff6b37cf97b15bdbc026d12df11d61e37,336,336,\N
/content/drive/MyDrive/MMVQA_Clinical/curated/phase2/temporal_frames/3ada4222967f421d/frame_00002870.jpg,curated/phase2/temporal_frames/3ada4222967f421d/frame_00002870.jpg,True,9b1da38e9dea3233ba6e4d9243e666e08f2b0f0b26e62ff4e46a6eb3bbf1e723,336,336,\N
/content/drive/MyDrive/MMVQA_Clinical/curated/phase2/temporal_frames/3ada4222967f421d/frame_00002900.jpg,curated/phase2/temporal_frames/3ada4222967f421d/frame_00002900.jpg,True,55e247ba5bb534e5695be93f8860d6ff7b36cca4737891629344002491cdfd50,336,336,\N
/content/drive/MyDrive/MMVQA_Clinical/curated/phase2/temporal_frames/3ada4222967f421d/frame_00002960.jpg,curated/phase2/temporal_frames/3ada4222967f421d/frame_00002960.jpg,True,88b83a69b01d84686073ac6c25c9d02560148b466c5aee5d2592ca6875aee2ad,336,336,\N
/content/drive/MyDrive/MMVQA_Clinical/curated/phase2/temporal_frames/3ada4222967f421d/frame_00002990.jpg,curated/phase2/temporal_frames/3ada4222967f421d/frame_00002990.jpg,True,8bcd26511716fadb9038c23adb4cb4ac6501279eae5bdcc809c59a54a9df2681,336,336,\N
/content/drive/MyDrive/MMVQA_Clinical/curated/phase2/temporal_frames/3ada4222967f421d/frame_00003017.jpg,curated/phase2/temporal_frames/3ada4222967f421d/frame_00003017.jpg,True,734436c36115664aef532d7d9ccd2bc7e14b22a8af9f962ea9653db261986b57,336,336,\N
/content/drive/MyDrive/MMVQA_Clinical/curated/phase2/temporal_frames/3ada4222967f421d/frame_00003047.jpg,curated/phase2/temporal_frames/3ada4222967f421d/frame_00003047.jpg,True,0b2ab89cb269bbfac52032d4baa446b6bd88df9eafc9a6bd7a4fe3a9a0469758,336,336,\N
/content/drive/MyDrive/MMVQA_Clinical/curated/phase2/temporal_frames/3ada4222967f421d/frame_00003107.jpg,curated/phase2/temporal_frames/3ada4222967f421d/frame_00003107.jpg,True,5ce4b74261ae29fadcf0e2995cebb07515153f0b7da2e98abb1eb1fbc65ca87d,336,336,\N
/content/drive/MyDrive/MMVQA_Clinical/curated/phase2/temporal_frames/3ada4222967f421d/frame_00003135.jpg,curated/phase2/temporal_frames/3ada4222967f421d/frame_00003135.jpg,True,3025b084063c3806aefe03e0fea3b1a90f89a2e4b5550a7368356303964ed928,336,336,\N
/content/drive/MyDrive/MMVQA_Clinical/curated/phase2/temporal_frames/3ada4222967f421d/frame_00003137.jpg,curated/phase2/temporal_frames/3ada4222967f421d/frame_00003137.jpg,True,aac34fb19649615c6e96b906b65e5ebe939262b109657ba07d5149a5d2625540,336,336,\N
/content/drive/MyDrive/MMVQA_Clinical/curated/phase2/temporal_frames/3ada4222967f421d/frame_00003165.jpg,curated/phase2/temporal_frames/3ada4222967f421d/frame_00003165.jpg,True,3e09fad1d9f5acc7e67734a60fb09e339d941a0bc2b4d9eb22f853b7b24a1090,336,336,\N
/content/drive/MyDrive/MMVQA_Clinical/curated/phase2/temporal_frames/3ada4222967f421d/frame_00003198.jpg,curated/phase2/temporal_frames/3ada4222967f421d/frame_00003198.jpg,True,fcc216fd40d70bb11468a3eb8b587f67067da2ccdd153764f18d03a8fa71fb6b,336,336,\N
/content/drive/MyDrive/MMVQA_Clinical/curated/phase2/temporal_frames/3ada4222967f421d/frame_00003225.jpg,curated/phase2/temporal_frames/3ada4222967f421d/frame_00003225.jpg,True,665f769efaeaaa13a207b1fe48486560444d5699a95565ec06bca78ba1a54948,336,336,\N
/content/drive/MyDrive/MMVQA_Clinical/curated/phase2/temporal_frames/3ada4222967f421d/frame_00003288.jpg,curated/phase2/temporal_frames/3ada4222967f421d/frame_00003288.jpg,True,9451390a73d1880b60f02a713613261226b08c846f96c0b4e937b0f55fe1ec2e,336,336,\N
/content/drive/MyDrive/MMVQA_Clinical/curated/phase2/temporal_frames/3ada4222967f421d/frame_00003318.jpg,curated/phase2/temporal_frames/3ada4222967f421d/frame_00003318.jpg,True,9f6efac656f208a5628a4c301117e427a7db9c836156d2dc0c3f736c0dcf7bf1,336,336,\N
/content/drive/MyDrive/MMVQA_Clinical/curated/phase2/temporal_frames/3ada4222967f421d/frame_00003376.jpg,curated/phase2/temporal_frames/3ada4222967f421d/frame_00003376.jpg,True,5e3749fd98ccf104026078549d8a598b58d8bb63bde7d1c5dec5914076d8cfed,336,336,\N
/content/drive/MyDrive/MMVQA_Clinical/curated/phase2/temporal_frames/3ada4222967f421d/frame_00003406.jpg,curated/phase2/temporal_frames/3ada4222967f421d/frame_00003406.jpg,True,d2557e1864617b4c792154b8aa6c009249a35166b3ec918cb9b472b4b07bcec4,336,336,\N
/content/drive/MyDrive/MMVQA_Clinical/curated/phase2/temporal_frames/3ada4222967f421d/frame_00003466.jpg,curated/phase2/temporal_frames/3ada4222967f421d/frame_00003466.jpg,True,e53e2a277410fe8023ed804ddc2a086db4ce0a57adfa2459f7311ec2d6d549c3,336,336,\N
/content/drive/MyDrive/MMVQA_Clinical/curated/phase2/temporal_frames/3ada4222967f421d/frame_00003496.jpg,curated/phase2/temporal_frames/3ada4222967f421d/frame_00003496.jpg,True,bf8ca7e215a0bf5248bde2937a9a0167e5d735e8eaede2f6b1099bf6fa25902c,336,336,\N
/content/drive/MyDrive/MMVQA_Clinical/curated/phase2/temporal_frames/3ada4222967f421d/frame_00003623.jpg,curated/phase2/temporal_frames/3ada4222967f421d/frame_00003623.jpg,True,2e8a19b83856db6bf538204c25d88fc69d151e78c9c8ad12989860997b336450,336,336,\N
/content/drive/MyDrive/MMVQA_Clinical/curated/phase2/temporal_frames/3ada4222967f421d/frame_00003626.jpg,curated/phase2/temporal_frames/3ada4222967f421d/frame_00003626.jpg,True,2267d2b9374c94fa99fb675a2d40bfe26515bf05d02b30dbb3298d274304306e,336,336,\N
/content/drive/MyDrive/MMVQA_Clinical/curated/phase2/temporal_frames/3ada4222967f421d/frame_00003653.jpg,curated/phase2/temporal_frames/3ada4222967f421d/frame_00003653.jpg,True,c190089ed15b715b195fb7cd05f04019f5ef8794280af99cbd1b3bb100729632,336,336,\N
/content/drive/MyDrive/MMVQA_Clinical/curated/phase2/temporal_frames/3ada4222967f421d/frame_00003656.jpg,curated/phase2/temporal_frames/3ada4222967f421d/frame_00003656.jpg,True,0fea4e44dd6201b31d2b2a23c8b651ee5fb5ce5cff4cfbe0acd31c1895c8bb55,336,336,\N
/content/drive/MyDrive/MMVQA_Clinical/curated/phase2/temporal_frames/3ada4222967f421d/frame_00003669.jpg,curated/phase2/temporal_frames/3ada4222967f421d/frame_00003669.jpg,True,f2a107798340b9def3aa2fc893a7d10014189842331755caa0427b7ddb0f6fbc,336,336,\N
/content/drive/MyDrive/MMVQA_Clinical/curated/phase2/temporal_frames/3ada4222967f421d/frame_00003673.jpg,curated/phase2/temporal_frames/3ada4222967f421d/frame_00003673.jpg,True,aeda997884cc8a27da857b8c16c70527903e899218c9d167090cbfd0b40cdb6b,336,336,\N
/content/drive/MyDrive/MMVQA_Clinical/curated/phase2/temporal_frames/3ada4222967f421d/frame_00003687.jpg,curated/phase2/temporal_frames/3ada4222967f421d/frame_00003687.jpg,True,93f70d307923130058cb31fc033b045aa1a674111920dd12f64d58d7bdda7116,336,336,\N
/content/drive/MyDrive/MMVQA_Clinical/curated/phase2/temporal_frames/3ada4222967f421d/frame_00003699.jpg,curated/phase2/temporal_frames/3ada4222967f421d/frame_00003699.jpg,True,19a0882aa48b62c26143caab368ac6137ca03ea8bda7171bfdf312d56cafb37d,336,336,\N
/content/drive/MyDrive/MMVQA_Clinical/curated/phase2/temporal_frames/3ada4222967f421d/frame_00003703.jpg,curated/phase2/temporal_frames/3ada4222967f421d/frame_00003703.jpg,True,616dee3b1e9162a1790a0d059e61b7609ea12ca4a733c2f04e1cde7874a0c89b,336,336,\N
/content/drive/MyDrive/MMVQA_Clinical/curated/phase2/temporal_frames/3ada4222967f421d/frame_00003712.jpg,curated/phase2/temporal_frames/3ada4222967f421d/frame_00003712.jpg,True,8c2c6d9015ea514cc7a68c103b6eebf63a1ad3d839cc00636aa0ef9bd1124bb5,336,336,\N
/content/drive/MyDrive/MMVQA_Clinical/curated/phase2/temporal_frames/3ada4222967f421d/frame_00003713.jpg,curated/phase2/temporal_frames/3ada4222967f421d/frame_00003713.jpg,True,c2747a7e3b47a21d839a7b3ec2b43e8c41d8aa7e66d7d412a9329213ebe93f5b,336,336,\N
/content/drive/MyDrive/MMVQA_Clinical/curated/phase2/temporal_frames/3ada4222967f421d/frame_00003716.jpg,curated/phase2/temporal_frames/3ada4222967f421d/frame_00003716.jpg,True,f3ef67c19926564a2ee13f799e74cb4b304c0bf79b6807d3b39e079e15fc3487,336,336,\N
/content/drive/MyDrive/MMVQA_Clinical/curated/phase2/temporal_frames/3ada4222967f421d/frame_00003717.jpg,curated/phase2/temporal_frames/3ada4222967f421d/frame_00003717.jpg,True,1c066bf6ecc2409095c8f1567e4473c8f8c66dc9e5ea715bdef1e3d35a513cea,336,336,\N
/content/drive/MyDrive/MMVQA_Clinical/curated/phase2/temporal_frames/3ada4222967f421d/frame_00003743.jpg,curated/phase2/temporal_frames/3ada4222967f421d/frame_00003743.jpg,True,742ca8e4fedf514a5d8c5a89a88ced55c2326b87037b4e2a3ecf0c969d46a39f,336,336,\N
/content/drive/MyDrive/MMVQA_Clinical/curated/phase2/temporal_frames/3ada4222967f421d/frame_00003759.jpg,curated/phase2/temporal_frames/3ada4222967f421d/frame_00003759.jpg,True,c777a3bfcf0874f68cf7ae3ba6ffbedaeeab70d9da2090febc97fe09298aaa5e,336,336,\N
/content/drive/MyDrive/MMVQA_Clinical/curated/phase2/temporal_frames/3ada4222967f421d/frame_00003763.jpg,curated/phase2/temporal_frames/3ada4222967f421d/frame_00003763.jpg,True,92f5ede00137390a0a0e2a01a62b41d00e539c3d83a13d5a338ddedb106bc7ec,336,336,\N
/content/drive/MyDrive/MMVQA_Clinical/curated/phase2/temporal_frames/3ada4222967f421d/frame_00003772.jpg,curated/phase2/temporal_frames/3ada4222967f421d/frame_00003772.jpg,True,70499d918583682bf026b072c430174e5b7cea481bf745cd2bed67f039f8b0c9,336,336,\N
/content/drive/MyDrive/MMVQA_Clinical/curated/phase2/temporal_frames/3ada4222967f421d/frame_00003777.jpg,curated/phase2/temporal_frames/3ada4222967f421d/frame_00003777.jpg,True,22d64f1c6d1dc2a75d384b348f3a2cca30ba35ee4931b369c2eae87f0d0e221e,336,336,\N
/content/drive/MyDrive/MMVQA_Clinical/curated/phase2/temporal_frames/3ada4222967f421d/frame_00003789.jpg,curated/phase2/temporal_frames/3ada4222967f421d/frame_00003789.jpg,True,d042331a5cc072a01fb4b79c01e44c3000c5319f6db0d76d0ec330986e08a000,336,336,\N
/content/drive/MyDrive/MMVQA_Clinical/curated/phase2/temporal_frames/3ada4222967f421d/frame_00003793.jpg,curated/phase2/temporal_frames/3ada4222967f421d/frame_00003793.jpg,True,093fccd95ae14b4fd6c74458c5fcf36022327f2f85a35699cc54d7484b5c3e1a,336,336,\N
/content/drive/MyDrive/MMVQA_Clinical/curated/phase2/temporal_frames/3ada4222967f421d/frame_00003802.jpg,curated/phase2/temporal_frames/3ada4222967f421d/frame_00003802.jpg,True,25b69a444f93362d59dc4c0b25146c76565eb95e1a51a34ef0314cc4af2275b6,336,336,\N
/content/drive/MyDrive/MMVQA_Clinical/curated/phase2/temporal_frames/3ada4222967f421d/frame_00003807.jpg,curated/phase2/temporal_frames/3ada4222967f421d/frame_00003807.jpg,True,2fcce25a220b214b0506cab33b557ff2d1f44f0a601fa030e2974bc119609385,336,336,\N
/content/drive/MyDrive/MMVQA_Clinical/curated/phase2/temporal_frames/3ada4222967f421d/frame_00010530.jpg,curated/phase2/temporal_frames/3ada4222967f421d/frame_00010530.jpg,True,77a3815e7de02b355cb046fd47f13a91db864a9c9a1132c22d53059b1da6080b,336,336,\N
/content/drive/MyDrive/MMVQA_Clinical/curated/phase2/temporal_frames/3ada4222967f421d/frame_00010560.jpg,curated/phase2/temporal_frames/3ada4222967f421d/frame_00010560.jpg,True,d232e5038db28afa82017dcb46ec200b43319cab8bb9196bf2a23785182119fc,336,336,\N
/content/drive/MyDrive/MMVQA_Clinical/curated/phase2/temporal_frames/3ada4222967f421d/frame_00010620.jpg,curated/phase2/temporal_frames/3ada4222967f421d/frame_00010620.jpg,True,3937abdc0337b9df082b9ae4421ea8a38e7c0eeb4963a3330342690b03568f87,336,336,\N
/content/drive/MyDrive/MMVQA_Clinical/curated/phase2/temporal_frames/3ada4222967f421d/frame_00010650.jpg,curated/phase2/temporal_frames/3ada4222967f421d/frame_00010650.jpg,True,c1a2576ea75f404846194c9a4d59b2e0edbfd4587107e69713a21093ad36b1f0,336,336,\N
/content/drive/MyDrive/MMVQA_Clinical/curated/phase2/temporal_frames/3ada4222967f421d/frame_00010874.jpg,curated/phase2/temporal_frames/3ada4222967f421d/frame_00010874.jpg,True,4c9dba77af2eb5adb845fd49e8a5ac8b9383ac7213d60b3b5887e7e5e215d7f9,336,336,\N
/content/drive/MyDrive/MMVQA_Clinical/curated/phase2/temporal_frames/3ada4222967f421d/frame_00010888.jpg,curated/phase2/temporal_frames/3ada4222967f421d/frame_00010888.jpg,True,efcdb5703b6932752813df53f3ad2a96e310609f221f7aab40e71ef0baf6abd3,336,336,\N
/content/drive/MyDrive/MMVQA_Clinical/curated/phase2/temporal_frames/3ada4222967f421d/frame_00010904.jpg,curated/phase2/temporal_frames/3ada4222967f421d/frame_00010904.jpg,True,5fbc7594e384df3bd2665cd1d6a1c62d1fd9507797dd938ba5936c99bc06c339,336,336,\N
/content/drive/MyDrive/MMVQA_Clinical/curated/phase2/temporal_frames/3ada4222967f421d/frame_00010918.jpg,curated/phase2/temporal_frames/3ada4222967f421d/frame_00010918.jpg,True,43a6ff060f45872a58e1bc275c177611e472fe6b3e3b824ae9b00ec78501bb08,336,336,\N
/content/drive/MyDrive/MMVQA_Clinical/curated/phase2/temporal_frames/3ada4222967f421d/frame_00011393.jpg,curated/phase2/temporal_frames/3ada4222967f421d/frame_00011393.jpg,True,3360b6bc5901750ac15aab847fc336bd5c4dcc4f46ac3df59f04ab397b6ac622,336,336,\N
/content/drive/MyDrive/MMVQA_Clinical/curated/phase2/temporal_frames/3ada4222967f421d/frame_00011412.jpg,curated/phase2/temporal_frames/3ada4222967f421d/frame_00011412.jpg,True,f0befdb8514c3744b5b2788b6c145bbd8f62e84377cd5c743878906dd63c0c9c,336,336,\N
/content/drive/MyDrive/MMVQA_Clinical/curated/phase2/temporal_frames/3ada4222967f421d/frame_00011423.jpg,curated/phase2/temporal_frames/3ada4222967f421d/frame_00011423.jpg,True,415ade440f67260c09c6ad6e702f837bf6a34538f2a4c456a3177b890075491f,336,336,\N
/content/drive/MyDrive/MMVQA_Clinical/curated/phase2/temporal_frames/3ada4222967f421d/frame_00011442.jpg,curated/phase2/temporal_frames/3ada4222967f421d/frame_00011442.jpg,True,ee6b371ba67fb67c9067334cb0592bb5e5663bf2a61d9b92e4a82de2bed536a5,336,336,\N
/content/drive/MyDrive/MMVQA_Clinical/curated/phase2/temporal_frames/3ada4222967f421d/frame_00011482.jpg,curated/phase2/temporal_frames/3ada4222967f421d/frame_00011482.jpg,True,fe7cfaf22e466dfda7dd63f938dba7843ec938b6c79b8de41034e6a0ad6d6bff,336,336,\N
/content/drive/MyDrive/MMVQA_Clinical/curated/phase2/temporal_frames/3ada4222967f421d/frame_00011483.jpg,curated/phase2/temporal_frames/3ada4222967f421d/frame_00011483.jpg,True,85b61f3134cb5afae0c9da2155d69b0b88b36218b145cc194212430bd5e01fc7,336,336,\N
/content/drive/MyDrive/MMVQA_Clinical/curated/phase2/temporal_frames/3ada4222967f421d/frame_00011502.jpg,curated/phase2/temporal_frames/3ada4222967f421d/frame_00011502.jpg,True,26fe7edccb6bd75f3eb41121139626c7fdbc3f4d520d14165b3f844a39c76e11,336,336,\N
/content/drive/MyDrive/MMVQA_Clinical/curated/phase2/temporal_frames/3ada4222967f421d/frame_00011512.jpg,curated/phase2/temporal_frames/3ada4222967f421d/frame_00011512.jpg,True,b93bdecbc47347abd03652b95547e615066ed7a99b7f69256f75bd8179c697ec,336,336,\N
/content/drive/MyDrive/MMVQA_Clinical/curated/phase2/temporal_frames/3ada4222967f421d/frame_00011513.jpg,curated/phase2/temporal_frames/3ada4222967f421d/frame_00011513.jpg,True,1444b13a4eb4cfa8c11e1a0080e54c8a7bedc2e8c131501ba16bc02cc35c3678,336,336,\N
/content/drive/MyDrive/MMVQA_Clinical/curated/phase2/temporal_frames/3ada4222967f421d/frame_00011521.jpg,curated/phase2/temporal_frames/3ada4222967f421d/frame_00011521.jpg,True,0842a6183de21a11d556359582c54b3bd32831607848950f8a70c874f727ef5c,336,336,\N
/content/drive/MyDrive/MMVQA_Clinical/curated/phase2/temporal_frames/3ada4222967f421d/frame_00011532.jpg,curated/phase2/temporal_frames/3ada4222967f421d/frame_00011532.jpg,True,16b7e6dc8c09c4a8a38e9a7048b8868a7f80fe001a315066e2e10b6c3151c215,336,336,\N
/content/drive/MyDrive/MMVQA_Clinical/curated/phase2/temporal_frames/3ada4222967f421d/frame_00011538.jpg,curated/phase2/temporal_frames/3ada4222967f421d/frame_00011538.jpg,True,ff2caa61214ecce66a8fef548f259686b5546aea72897e0759c56b4a3a9e5db4,336,336,\N
/content/drive/MyDrive/MMVQA_Clinical/curated/phase2/temporal_frames/3ada4222967f421d/frame_00011551.jpg,curated/phase2/temporal_frames/3ada4222967f421d/frame_00011551.jpg,True,c07e331322343ce1c192f130ffd91b8948dd5dbbde61921d1a148c33c88d38cf,336,336,\N
/content/drive/MyDrive/MMVQA_Clinical/curated/phase2/temporal_frames/3ada4222967f421d/frame_00011568.jpg,curated/phase2/temporal_frames/3ada4222967f421d/frame_00011568.jpg,True,a77bb17f81250b851c971630e2709c43c198dbb6ab7b3512c9aca7b5510f0bd1,336,336,\N
/content/drive/MyDrive/MMVQA_Clinical/curated/phase2/temporal_frames/3ada4222967f421d/frame_00011572.jpg,curated/phase2/temporal_frames/3ada4222967f421d/frame_00011572.jpg,True,d1dc75e6e7a0558f5c606c7ba18c132ff3c05457991070e4f2d3e1be9a5dd3ab,336,336,\N
/content/drive/MyDrive/MMVQA_Clinical/curated/phase2/temporal_frames/3ada4222967f421d/frame_00011611.jpg,curated/phase2/temporal_frames/3ada4222967f421d/frame_00011611.jpg,True,09bcb33b02cc2b313f4f735d37ea0ff280173676ae526bb7db2152ad264f432e,336,336,\N
/content/drive/MyDrive/MMVQA_Clinical/curated/phase2/temporal_frames/3ada4222967f421d/frame_00011628.jpg,curated/phase2/temporal_frames/3ada4222967f421d/frame_00011628.jpg,True,2fe359702ff4d5d3fed70a23701899f2c7e868620ad33f23ec0269b117bf9e1b,336,336,\N
/content/drive/MyDrive/MMVQA_Clinical/curated/phase2/temporal_frames/3ada4222967f421d/frame_00011641.jpg,curated/phase2/temporal_frames/3ada4222967f421d/frame_00011641.jpg,True,336a5a5820c37b5069372c3b42fd918adfc3edbac73dbc753d0a36f782f3c769,336,336,\N
/content/drive/MyDrive/MMVQA_Clinical/curated/phase2/temporal_frames/3ada4222967f421d/frame_00011658.jpg,curated/phase2/temporal_frames/3ada4222967f421d/frame_00011658.jpg,True,fe7f6ad1f7c08021d2f091267248bc9554a0ab1fdcdc9374ee62ff7a830bbf17,336,336,\N
/content/drive/MyDrive/MMVQA_Clinical/curated/phase2/temporal_frames/3ada4222967f421d/frame_00012251.jpg,curated/phase2/temporal_frames/3ada4222967f421d/frame_00012251.jpg,True,ea7e37c1a3637aa6169b6b43177ead5b1190b2462fd2a732c5b2e0c6e1904546,336,336,\N
/content/drive/MyDrive/MMVQA_Clinical/curated/phase2/temporal_frames/3ada4222967f421d/frame_00012281.jpg,curated/phase2/temporal_frames/3ada4222967f421d/frame_00012281.jpg,True,71b0d40b3a386f959cf48d31520b6dcccb6be868a7864a8463b5bff826d21a4c,336,336,\N
/content/drive/MyDrive/MMVQA_Clinical/curated/phase2/temporal_frames/3ada4222967f421d/frame_00012341.jpg,curated/phase2/temporal_frames/3ada4222967f421d/frame_00012341.jpg,True,66714723356ffd0e8debc63812a69b8a2f64d457330f5665862b8a6d9cadd883,336,336,\N
/content/drive/MyDrive/MMVQA_Clinical/curated/phase2/temporal_frames/3ada4222967f421d/frame_00012371.jpg,curated/phase2/temporal_frames/3ada4222967f421d/frame_00012371.jpg,True,8e95b8f28ca61c4736f78e00a7a932bb436ebd3a5ff631ff9d059088fd1c4753,336,336,\N
/content/drive/MyDrive/MMVQA_Clinical/curated/phase2/temporal_frames/3ada4222967f421d/frame_00040466.jpg,curated/phase2/temporal_frames/3ada4222967f421d/frame_00040466.jpg,True,68d7cbbd35f825bbd9630df2ce94f21f4f223cdc1a6d52c82a992a7891db3798,336,336,\N
/content/drive/MyDrive/MMVQA_Clinical/curated/phase2/temporal_frames/3ada4222967f421d/frame_00040496.jpg,curated/phase2/temporal_frames/3ada4222967f421d/frame_00040496.jpg,True,7b00bafd77146ab9c0c4770823da974b2d727c9a5853b753472fb54247929600,336,336,\N
/content/drive/MyDrive/MMVQA_Clinical/curated/phase2/temporal_frames/3c8d5f0b90d7475d/frame_00014410.jpg,curated/phase2/temporal_frames/3c8d5f0b90d7475d/frame_00014410.jpg,True,2714be0f1df4a9a7001f6a0b409c62bce327cfb2edcef6d3be1482d696fb0aea,336,336,\N
/content/drive/MyDrive/MMVQA_Clinical/curated/phase2/temporal_frames/3c8d5f0b90d7475d/frame_00014530.jpg,curated/phase2/temporal_frames/3c8d5f0b90d7475d/frame_00014530.jpg,True,0eca1afc4ef01d41722c22a8e5edf9635802982b9ce1ee5495411c960751782a,336,336,\N
/content/drive/MyDrive/MMVQA_Clinical/curated/phase2/temporal_frames/3c8d5f0b90d7475d/frame_00044969.jpg,curated/phase2/temporal_frames/3c8d5f0b90d7475d/frame_00044969.jpg,True,b5af98a0b316c04865a5619a4b36d191e47bc5358570fd61fc05058687c6ac62,336,336,\N
/content/drive/MyDrive/MMVQA_Clinical/curated/phase2/temporal_frames/3c8d5f0b90d7475d/frame_00044999.jpg,curated/phase2/temporal_frames/3c8d5f0b90d7475d/frame_00044999.jpg,True,88aa759c83b9632bfef6950f9ce76dfdff5ab4287b4a2d5098490e0ab333b922,336,336,\N
/content/drive/MyDrive/MMVQA_Clinical/curated/phase2/temporal_frames/4560e83f9afc4685/frame_00000834.jpg,curated/phase2/temporal_frames/4560e83f9afc4685/frame_00000834.jpg,True,e9b85a354aea9d13b89df0fb2d593b171a5b9dc91b35f87aab84b61eaf3bc33b,336,336,\N
/content/drive/MyDrive/MMVQA_Clinical/curated/phase2/temporal_frames/4560e83f9afc4685/frame_00000864.jpg,curated/phase2/temporal_frames/4560e83f9afc4685/frame_00000864.jpg,True,37f940a0536de11d3c52a6757f760c9f30d471f4bdc6cdcc2fe967a91f98b564,336,336,\N
/content/drive/MyDrive/MMVQA_Clinical/curated/phase2/temporal_frames/4560e83f9afc4685/frame_00000924.jpg,curated/phase2/temporal_frames/4560e83f9afc4685/frame_00000924.jpg,True,54aa6a43d7660cb9e5dbc6ff0cde3589b54a5fe0ca9ebec6b6b00716696faf5d,336,336,\N
/content/drive/MyDrive/MMVQA_Clinical/curated/phase2/temporal_frames/4560e83f9afc4685/frame_00000954.jpg,curated/phase2/temporal_frames/4560e83f9afc4685/frame_00000954.jpg,True,e330bd6fc1ed77abdab7556d59d8103b419a60e08a880d3996284f90188dcfc7,336,336,\N
/content/drive/MyDrive/MMVQA_Clinical/curated/phase2/temporal_frames/4560e83f9afc4685/frame_00020292.jpg,curated/phase2/temporal_frames/4560e83f9afc4685/frame_00020292.jpg,True,659a3a7699661ca8ff53f95609ec1cd90286698f2d9725f55ce509e76a02029e,336,336,\N
/content/drive/MyDrive/MMVQA_Clinical/curated/phase2/temporal_frames/4560e83f9afc4685/frame_00020322.jpg,curated/phase2/temporal_frames/4560e83f9afc4685/frame_00020322.jpg,True,a327071a565aeff8984b1f5171b580e45e79836185a4d5a86f39c3e3889d7074,336,336,\N
/content/drive/MyDrive/MMVQA_Clinical/curated/phase2/temporal_frames/4560e83f9afc4685/frame_00020382.jpg,curated/phase2/temporal_frames/4560e83f9afc4685/frame_00020382.jpg,True,8ee4b2bc58a09f93d7c246b0593531ea7ef483b635586416e281af7f30b048fb,336,336,\N
/content/drive/MyDrive/MMVQA_Clinical/curated/phase2/temporal_frames/4560e83f9afc4685/frame_00020412.jpg,curated/phase2/temporal_frames/4560e83f9afc4685/frame_00020412.jpg,True,38b9cc8c41df6a460d45809117a13d68355d51d51692ee79aa378247d90ee203,336,336,\N
/content/drive/MyDrive/MMVQA_Clinical/curated/phase2/temporal_frames/48579eec79784294/frame_00001245.jpg,curated/phase2/temporal_frames/48579eec79784294/frame_00001245.jpg,True,3ae3ad8a6869f79c5606965ebcfc179dfbdc91dd0ef56a77b50fae0ec54f14a0,336,336,\N
/content/drive/MyDrive/MMVQA_Clinical/curated/phase2/temporal_frames/48579eec79784294/frame_00001275.jpg,curated/phase2/temporal_frames/48579eec79784294/frame_00001275.jpg,True,799aa7d8db5835bd49fdd33500dfb7e90bfbf45b8172f76e1177aff20209779e,336,336,\N
/content/drive/MyDrive/MMVQA_Clinical/curated/phase2/temporal_frames/48579eec79784294/frame_00001335.jpg,curated/phase2/temporal_frames/48579eec79784294/frame_00001335.jpg,True,1915f3a995936a028fc84e62a0e61e597d7e175144178d4a2c09eb5e822216c9,336,336,\N
/content/drive/MyDrive/MMVQA_Clinical/curated/phase2/temporal_frames/48579eec79784294/frame_00001365.jpg,curated/phase2/temporal_frames/48579eec79784294/frame_00001365.jpg,True,33bf6b283fccf94c8e72013f0c0336998a7d34da906a38e31810aa7093425ffc,336,336,\N
/content/drive/MyDrive/MMVQA_Clinical/curated/phase2/temporal_frames/48579eec79784294/frame_00001538.jpg,curated/phase2/temporal_frames/48579eec79784294/frame_00001538.jpg,True,20e260a100eb6b48efb610f7dcb0dcdeccbada0e7e2e5c0e4cca7f67076bb4db,336,336,\N
/content/drive/MyDrive/MMVQA_Clinical/curated/phase2/temporal_frames/48579eec79784294/frame_00001548.jpg,curated/phase2/temporal_frames/48579eec79784294/frame_00001548.jpg,True,f8b546ff1a0a3bd18190a751402aba60a3c496e481ec61db6c20cfa375d1601c,336,336,\N
/content/drive/MyDrive/MMVQA_Clinical/curated/phase2/temporal_frames/48579eec79784294/frame_00001568.jpg,curated/phase2/temporal_frames/48579eec79784294/frame_00001568.jpg,True,058c4f86162af32c2689a4e9491159b6acc09b6aabf832e19bb461ad6e3e1bf8,336,336,\N
/content/drive/MyDrive/MMVQA_Clinical/curated/phase2/temporal_frames/48579eec79784294/frame_00001578.jpg,curated/phase2/temporal_frames/48579eec79784294/frame_00001578.jpg,True,7247bd35b49ad3d8de8cc7f9cd7e3a4fc8ed5b7999094c8e3fba31126378a155,336,336,\N
/content/drive/MyDrive/MMVQA_Clinical/curated/phase2/temporal_frames/48579eec79784294/frame_00001628.jpg,curated/phase2/temporal_frames/48579eec79784294/frame_00001628.jpg,True,767f35362b07f5d6ec53800adc76307a7402568c630cdc7a9f1a5b5d8156ae61,336,336,\N
/content/drive/MyDrive/MMVQA_Clinical/curated/phase2/temporal_frames/48579eec79784294/frame_00001638.jpg,curated/phase2/temporal_frames/48579eec79784294/frame_00001638.jpg,True,a7a29c2b95258ce9f11349b095bd030a5dfa36ab9da3b52514afe9a789c6f545,336,336,\N
/content/drive/MyDrive/MMVQA_Clinical/curated/phase2/temporal_frames/48579eec79784294/frame_00001658.jpg,curated/phase2/temporal_frames/48579eec79784294/frame_00001658.jpg,True,549f4bcce6f8d25753f07ae50279e98e2f1a57ba3b6479d4671961e9f72d2167,336,336,\N
/content/drive/MyDrive/MMVQA_Clinical/curated/phase2/temporal_frames/48579eec79784294/frame_00001668.jpg,curated/phase2/temporal_frames/48579eec79784294/frame_00001668.jpg,True,7143b9fcca989f71277d245a35a4b7ff65763c88f33ca91bb566e9b38321eaff,336,336,\N
/content/drive/MyDrive/MMVQA_Clinical/curated/phase2/temporal_frames/48579eec79784294/frame_00028620.jpg,curated/phase2/temporal_frames/48579eec79784294/frame_00028620.jpg,True,889ebc523ebdbca19dade32189b90acbf5e0e2e29195ccc1330ebc44807b312a,336,336,\N
/content/drive/MyDrive/MMVQA_Clinical/curated/phase2/temporal_frames/48579eec79784294/frame_00028650.jpg,curated/phase2/temporal_frames/48579eec79784294/frame_00028650.jpg,True,18463fb67e0451d619d9eb0b45bcbffd4c6a1e78360def12caa9358a7fdd82ea,336,336,\N
/content/drive/MyDrive/MMVQA_Clinical/curated/phase2/temporal_frames/48579eec79784294/frame_00028710.jpg,curated/phase2/temporal_frames/48579eec79784294/frame_00028710.jpg,True,e1da2129a7d188fda480ec635e4b60db02a0703892cbb431f11ed935dfb6e23a,336,336,\N
/content/drive/MyDrive/MMVQA_Clinical/curated/phase2/temporal_frames/48579eec79784294/frame_00028740.jpg,curated/phase2/temporal_frames/48579eec79784294/frame_00028740.jpg,True,c0a5f0eec78cf0548c923e6a96d04073585e3af881eaad13195369373c707c5a,336,336,\N
/content/drive/MyDrive/MMVQA_Clinical/curated/phase2/temporal_frames/48579eec79784294/frame_00028979.jpg,curated/phase2/temporal_frames/48579eec79784294/frame_00028979.jpg,True,c6b901fda464c90d11001b8a9f41bd7b1ffff48257c7922446c0069124057fa8,336,336,\N
/content/drive/MyDrive/MMVQA_Clinical/curated/phase2/temporal_frames/48579eec79784294/frame_00029009.jpg,curated/phase2/temporal_frames/48579eec79784294/frame_00029009.jpg,True,eb860f2bf72d56a54f2e61e399bddad8daec7e4d06d464a5c8f84de3d31087ae,336,336,\N
/content/drive/MyDrive/MMVQA_Clinical/curated/phase2/temporal_frames/48579eec79784294/frame_00029069.jpg,curated/phase2/temporal_frames/48579eec79784294/frame_00029069.jpg,True,5d827fd1cef68c369902f6e527cde78e87293e73a191eebab522f919d06eba9a,336,336,\N
/content/drive/MyDrive/MMVQA_Clinical/curated/phase2/temporal_frames/48579eec79784294/frame_00029099.jpg,curated/phase2/temporal_frames/48579eec79784294/frame_00029099.jpg,True,ab67c76cab82ce699b50a3a07a47a49a47433728a62aac726c683a45bff60040,336,336,\N
/content/drive/MyDrive/MMVQA_Clinical/curated/phase2/temporal_frames/48579eec79784294/frame_00029719.jpg,curated/phase2/temporal_frames/48579eec79784294/frame_00029719.jpg,True,36a0190de101e7a85dd99ec9ae9d40f610bdaa1e5382fec74c515163d9f2c047,336,336,\N
/content/drive/MyDrive/MMVQA_Clinical/curated/phase2/temporal_frames/48579eec79784294/frame_00029839.jpg,curated/phase2/temporal_frames/48579eec79784294/frame_00029839.jpg,True,56dc56466301b47773d53d0e4f7c7d9de21bbb9499e43a7b32fb4fb2a07e25db,336,336,\N
/content/drive/MyDrive/MMVQA_Clinical/curated/phase2/temporal_frames/495f16498db34d3c/frame_00032825.jpg,curated/phase2/temporal_frames/495f16498db34d3c/frame_00032825.jpg,True,517c549c56a780ceb8dc332d1985194c322efe3912c2a5efd8944dac0bc0363c,336,336,\N
/content/drive/MyDrive/MMVQA_Clinical/curated/phase2/temporal_frames/495f16498db34d3c/frame_00032855.jpg,curated/phase2/temporal_frames/495f16498db34d3c/frame_00032855.jpg,True,4b0b9bb073bcee0e9060564b34a35f6d26f5e197063a38d3e6368ec25f242245,336,336,\N
/content/drive/MyDrive/MMVQA_Clinical/curated/phase2/temporal_frames/4aebc5cb2d4847aa/frame_00028449.jpg,curated/phase2/temporal_frames/4aebc5cb2d4847aa/frame_00028449.jpg,True,46abb7a5cbded58a7d97041a7ecb2ae49d1ab61408cf688beb897dd96b787f69,336,336,\N
/content/drive/MyDrive/MMVQA_Clinical/curated/phase2/temporal_frames/5bb1d3cc7dc64cec/frame_00034063.jpg,curated/phase2/temporal_frames/5bb1d3cc7dc64cec/frame_00034063.jpg,True,020a920630174429c45712474865de8a168f78c916665ead66f522d9f96f74c6,336,336,\N
/content/drive/MyDrive/MMVQA_Clinical/curated/phase2/temporal_frames/5e59c7fdb16c4228/frame_00002711.jpg,curated/phase2/temporal_frames/5e59c7fdb16c4228/frame_00002711.jpg,True,59526111bd9cebc2ee4651d630b647a0e3a39226db6e1d67d44f3ca1cae1eb7c,336,336,\N
/content/drive/MyDrive/MMVQA_Clinical/curated/phase2/temporal_frames/5e59c7fdb16c4228/frame_00002831.jpg,curated/phase2/temporal_frames/5e59c7fdb16c4228/frame_00002831.jpg,True,831829c80b4c2e0765d9b52d103db226f1ac1ea82d047c84446197a00ec84436,336,336,\N
/content/drive/MyDrive/MMVQA_Clinical/curated/phase2/temporal_frames/5e59c7fdb16c4228/frame_00026087.jpg,curated/phase2/temporal_frames/5e59c7fdb16c4228/frame_00026087.jpg,True,2a8269dcc8ad7d46785f4d42f181731122428cd43cc807dec7260df0817dc4e1,336,336,\N
/content/drive/MyDrive/MMVQA_Clinical/curated/phase2/temporal_frames/5e59c7fdb16c4228/frame_00026117.jpg,curated/phase2/temporal_frames/5e59c7fdb16c4228/frame_00026117.jpg,True,88ab6b538eb58b784a45d4bd41155858b92afd3c81d62bc38d71d42cd42c1b70,336,336,\N
/content/drive/MyDrive/MMVQA_Clinical/curated/phase2/temporal_frames/5e59c7fdb16c4228/frame_00026177.jpg,curated/phase2/temporal_frames/5e59c7fdb16c4228/frame_00026177.jpg,True,74ad167beb97ffb933d7f79a70806135e5039da358c78b735db77b174ddbf97b,336,336,\N
/content/drive/MyDrive/MMVQA_Clinical/curated/phase2/temporal_frames/5e59c7fdb16c4228/frame_00026207.jpg,curated/phase2/temporal_frames/5e59c7fdb16c4228/frame_00026207.jpg,True,0170f1d08ba8ae3db493b694ae55da4f19cc04d2b547b68388a72a5e78c85ac4,336,336,\N
/content/drive/MyDrive/MMVQA_Clinical/curated/phase2/temporal_frames/5e59c7fdb16c4228/frame_00026539.jpg,curated/phase2/temporal_frames/5e59c7fdb16c4228/frame_00026539.jpg,True,cb48f31b9fd47319cbe7293894db56e9529fded7b96135340c7b306cc7317349,336,336,\N
/content/drive/MyDrive/MMVQA_Clinical/curated/phase2/temporal_frames/5e59c7fdb16c4228/frame_00026569.jpg,curated/phase2/temporal_frames/5e59c7fdb16c4228/frame_00026569.jpg,True,e7bb933a8abffac0f8939242635932def79c339341632ad80712de2b6ba549a5,336,336,\N
/content/drive/MyDrive/MMVQA_Clinical/curated/phase2/temporal_frames/5e59c7fdb16c4228/frame_00026629.jpg,curated/phase2/temporal_frames/5e59c7fdb16c4228/frame_00026629.jpg,True,15c9ed94827710ab081f21433fa07dd9f1c121351575e6b47031a067386ebb18,336,336,\N
/content/drive/MyDrive/MMVQA_Clinical/curated/phase2/temporal_frames/5e59c7fdb16c4228/frame_00026659.jpg,curated/phase2/temporal_frames/5e59c7fdb16c4228/frame_00026659.jpg,True,9c268d6f72f99b12a572e1d6e2983bfea6d0f490404035c259c357a4c79dffcb,336,336,\N
/content/drive/MyDrive/MMVQA_Clinical/curated/phase2/temporal_frames/5e59c7fdb16c4228/frame_00027305.jpg,curated/phase2/temporal_frames/5e59c7fdb16c4228/frame_00027305.jpg,True,babb24aa771332307d39fc80415f5d2d253c107be6af1fd54ecdc6eb510d2a3f,336,336,\N
/content/drive/MyDrive/MMVQA_Clinical/curated/phase2/temporal_frames/5e59c7fdb16c4228/frame_00027335.jpg,curated/phase2/temporal_frames/5e59c7fdb16c4228/frame_00027335.jpg,True,ed5edb786bac9f426a07e7ccff9336e59bd48c9e89fe8df962789174a09e6e24,336,336,\N
/content/drive/MyDrive/MMVQA_Clinical/curated/phase2/temporal_frames/5e59c7fdb16c4228/frame_00027395.jpg,curated/phase2/temporal_frames/5e59c7fdb16c4228/frame_00027395.jpg,True,833c5b10143bd5192e84c4f606850c9b949566eedf34b53cd5ad3a0e6f862dba,336,336,\N
/content/drive/MyDrive/MMVQA_Clinical/curated/phase2/temporal_frames/5e59c7fdb16c4228/frame_00027425.jpg,curated/phase2/temporal_frames/5e59c7fdb16c4228/frame_00027425.jpg,True,624e221c4c10249deefba63e3b02213dff592c9a32c5017e0deb45fc7e22c05d,336,336,\N
/content/drive/MyDrive/MMVQA_Clinical/curated/phase2/temporal_frames/5e59c7fdb16c4228/frame_00032266.jpg,curated/phase2/temporal_frames/5e59c7fdb16c4228/frame_00032266.jpg,True,e657741164f4769730d30afa932db2bb17280608bbb71953b0cce232d8bb15ee,336,336,\N
/content/drive/MyDrive/MMVQA_Clinical/curated/phase2/temporal_frames/5e59c7fdb16c4228/frame_00032276.jpg,curated/phase2/temporal_frames/5e59c7fdb16c4228/frame_00032276.jpg,True,8be6cf6a3d56b3b0e8a6f5d58d56859d3356252c7069cfdcd5f436d8090eeb01,336,336,\N
/content/drive/MyDrive/MMVQA_Clinical/curated/phase2/temporal_frames/5e59c7fdb16c4228/frame_00032296.jpg,curated/phase2/temporal_frames/5e59c7fdb16c4228/frame_00032296.jpg,True,6e00349f56823dd1f6bf7a157467061b83bd32ff96cf37b195679391c6e66980,336,336,\N
/content/drive/MyDrive/MMVQA_Clinical/curated/phase2/temporal_frames/5e59c7fdb16c4228/frame_00032306.jpg,curated/phase2/temporal_frames/5e59c7fdb16c4228/frame_00032306.jpg,True,03fcdd1cb06f11f2dedab7aa21613cdf56a485846b66c7084d5d7ec7901101ae,336,336,\N
/content/drive/MyDrive/MMVQA_Clinical/curated/phase2/temporal_frames/5e59c7fdb16c4228/frame_00032356.jpg,curated/phase2/temporal_frames/5e59c7fdb16c4228/frame_00032356.jpg,True,2ea4adea668a7d7c2ca7bb805be695ceddbd68f2e282c8b801f436f38a307f52,336,336,\N
/content/drive/MyDrive/MMVQA_Clinical/curated/phase2/temporal_frames/5e59c7fdb16c4228/frame_00032366.jpg,curated/phase2/temporal_frames/5e59c7fdb16c4228/frame_00032366.jpg,True,5444b3c6957d76badc236ee24e1c9d5a734c5609fd151de2696c527c6b0ee0a7,336,336,\N
/content/drive/MyDrive/MMVQA_Clinical/curated/phase2/temporal_frames/5e59c7fdb16c4228/frame_00032386.jpg,curated/phase2/temporal_frames/5e59c7fdb16c4228/frame_00032386.jpg,True,529c5164f4cad01b2f4625af9bb32440ea0f009a28b0a01b25a3f2d35e0a07cf,336,336,\N
/content/drive/MyDrive/MMVQA_Clinical/curated/phase2/temporal_frames/5e59c7fdb16c4228/frame_00032396.jpg,curated/phase2/temporal_frames/5e59c7fdb16c4228/frame_00032396.jpg,True,b82fb86d32e9adb2090e7a5349a2e515b784dc598a729f914ce5c38022dcfc9a,336,336,\N
/content/drive/MyDrive/MMVQA_Clinical/curated/phase2/temporal_frames/5e59c7fdb16c4228/frame_00034370.jpg,curated/phase2/temporal_frames/5e59c7fdb16c4228/frame_00034370.jpg,True,cdfab58fc400d1d55ac83638a051a03382b92729fe8be4411326b7290b588e56,336,336,\N
/content/drive/MyDrive/MMVQA_Clinical/curated/phase2/temporal_frames/5e59c7fdb16c4228/frame_00034400.jpg,curated/phase2/temporal_frames/5e59c7fdb16c4228/frame_00034400.jpg,True,fc2f1b11831ea47f530448131c5956cf2777ad7151c87e3a6ed50356be5713ee,336,336,\N
/content/drive/MyDrive/MMVQA_Clinical/curated/phase2/temporal_frames/5e59c7fdb16c4228/frame_00034460.jpg,curated/phase2/temporal_frames/5e59c7fdb16c4228/frame_00034460.jpg,True,68a6916d8b8280bec86642c92995122a38ba38d74a4139ca214d32c4c9272d93,336,336,\N
/content/drive/MyDrive/MMVQA_Clinical/curated/phase2/temporal_frames/5e59c7fdb16c4228/frame_00034490.jpg,curated/phase2/temporal_frames/5e59c7fdb16c4228/frame_00034490.jpg,True,d28064951fd833291f4029030551228a6e6db200a87bb75a24b0d79f4da0cbf6,336,336,\N
/content/drive/MyDrive/MMVQA_Clinical/curated/phase2/temporal_frames/5e59c7fdb16c4228/frame_00035063.jpg,curated/phase2/temporal_frames/5e59c7fdb16c4228/frame_00035063.jpg,True,15b71dd696c170b9029bdbd9e822b584f3e160505eeeb4f57f07442b66f373a6,336,336,\N
/content/drive/MyDrive/MMVQA_Clinical/curated/phase2/temporal_frames/5e59c7fdb16c4228/frame_00035081.jpg,curated/phase2/temporal_frames/5e59c7fdb16c4228/frame_00035081.jpg,True,242a5aa82fe32ef76841998b873d5564f5f956c0556f21b64d42512047bb5835,336,336,\N
/content/drive/MyDrive/MMVQA_Clinical/curated/phase2/temporal_frames/5e59c7fdb16c4228/frame_00035093.jpg,curated/phase2/temporal_frames/5e59c7fdb16c4228/frame_00035093.jpg,True,326b2c25cfe1099e577837adb105ea4bc4a9657fa2a998ffa77ce5b0d9324e56,336,336,\N
/content/drive/MyDrive/MMVQA_Clinical/curated/phase2/temporal_frames/5e59c7fdb16c4228/frame_00035111.jpg,curated/phase2/temporal_frames/5e59c7fdb16c4228/frame_00035111.jpg,True,db6bdbfa363fddcbe25fa0bea77c37051a7671cad67127889d7ece490f4515b5,336,336,\N
/content/drive/MyDrive/MMVQA_Clinical/curated/phase2/temporal_frames/5e59c7fdb16c4228/frame_00035153.jpg,curated/phase2/temporal_frames/5e59c7fdb16c4228/frame_00035153.jpg,True,2bdcab35cc09a33bf5679868b57537fbbcf1da234daa81e20fb44e22928188ee,336,336,\N
/content/drive/MyDrive/MMVQA_Clinical/curated/phase2/temporal_frames/5e59c7fdb16c4228/frame_00035171.jpg,curated/phase2/temporal_frames/5e59c7fdb16c4228/frame_00035171.jpg,True,2272d1cf3523f7670c4eba36c9f108de30b83346292615ba4068fbb1d9fe3705,336,336,\N
/content/drive/MyDrive/MMVQA_Clinical/curated/phase2/temporal_frames/5e59c7fdb16c4228/frame_00035183.jpg,curated/phase2/temporal_frames/5e59c7fdb16c4228/frame_00035183.jpg,True,cfdf7d5f71d635d54ebca7a960c80e3953e74701e6c5bf15e218aac383439464,336,336,\N
/content/drive/MyDrive/MMVQA_Clinical/curated/phase2/temporal_frames/5e59c7fdb16c4228/frame_00035201.jpg,curated/phase2/temporal_frames/5e59c7fdb16c4228/frame_00035201.jpg,True,c0f547826dc243a5255e3d1a07885846e42a99356b3f5a6b5bc485bccf6c1e7d,336,336,\N
/content/drive/MyDrive/MMVQA_Clinical/curated/phase2/temporal_frames/5e59c7fdb16c4228/frame_00035553.jpg,curated/phase2/temporal_frames/5e59c7fdb16c4228/frame_00035553.jpg,True,0ed861c516224118577329560d8f7250c5cb28c4fe9d7ca1f08102dc1a5c4b3e,336,336,\N
/content/drive/MyDrive/MMVQA_Clinical/curated/phase2/temporal_frames/5e59c7fdb16c4228/frame_00035583.jpg,curated/phase2/temporal_frames/5e59c7fdb16c4228/frame_00035583.jpg,True,eef8bce057dc317a859b86da9c42c2b49c230c6cc983fa90f3a0000f99a69743,336,336,\N
/content/drive/MyDrive/MMVQA_Clinical/curated/phase2/temporal_frames/5e59c7fdb16c4228/frame_00035643.jpg,curated/phase2/temporal_frames/5e59c7fdb16c4228/frame_00035643.jpg,True,1e13ba43c0a2f38a2418709575f7a9efdf4807a6150c8a33992ad04240a20867,336,336,\N
/content/drive/MyDrive/MMVQA_Clinical/curated/phase2/temporal_frames/5e59c7fdb16c4228/frame_00035673.jpg,curated/phase2/temporal_frames/5e59c7fdb16c4228/frame_00035673.jpg,True,61857a8506d44febeee9337edfe245bdd7f9098fcf0a6ace67c00596c11cf30d,336,336,\N
/content/drive/MyDrive/MMVQA_Clinical/curated/phase2/temporal_frames/5e59c7fdb16c4228/frame_00036092.jpg,curated/phase2/temporal_frames/5e59c7fdb16c4228/frame_00036092.jpg,True,58694653982e77debd94d5ad4c0181f95db9d8f9b4eab60a81999e13d0a0184a,336,336,\N
/content/drive/MyDrive/MMVQA_Clinical/curated/phase2/temporal_frames/5e59c7fdb16c4228/frame_00036122.jpg,curated/phase2/temporal_frames/5e59c7fdb16c4228/frame_00036122.jpg,True,3e1b46308c6959d1482d37d7e486fcaf4e71109221d75412ff7e90b436b73bb1,336,336,\N
/content/drive/MyDrive/MMVQA_Clinical/curated/phase2/temporal_frames/5e59c7fdb16c4228/frame_00036182.jpg,curated/phase2/temporal_frames/5e59c7fdb16c4228/frame_00036182.jpg,True,723052f985a70e14a9cda170920b2e990586ba4894482710a05b3869b957d09f,336,336,\N
/content/drive/MyDrive/MMVQA_Clinical/curated/phase2/temporal_frames/5e59c7fdb16c4228/frame_00036212.jpg,curated/phase2/temporal_frames/5e59c7fdb16c4228/frame_00036212.jpg,True,0102bc0933908d9ab16759c875a8abadb52b72bf993bc24f184058cfba68164c,336,336,\N
/content/drive/MyDrive/MMVQA_Clinical/curated/phase2/temporal_frames/5e59c7fdb16c4228/frame_00036783.jpg,curated/phase2/temporal_frames/5e59c7fdb16c4228/frame_00036783.jpg,True,a3a41f01f5c5f4d032388cc30b09a363e9a1ef36a4596bb733d934253b92aaad,336,336,\N
/content/drive/MyDrive/MMVQA_Clinical/curated/phase2/temporal_frames/5e59c7fdb16c4228/frame_00036813.jpg,curated/phase2/temporal_frames/5e59c7fdb16c4228/frame_00036813.jpg,True,1268c7df16d14f5e58e9bab796f326e76c433e4f6c0aea8d6a5a695cdf7e700e,336,336,\N
/content/drive/MyDrive/MMVQA_Clinical/curated/phase2/temporal_frames/5e59c7fdb16c4228/frame_00036873.jpg,curated/phase2/temporal_frames/5e59c7fdb16c4228/frame_00036873.jpg,True,75042664278a7845b2c1c2ab5a70837cce45f64e8cd9cef56fdf261e1d31489e,336,336,\N
/content/drive/MyDrive/MMVQA_Clinical/curated/phase2/temporal_frames/5e59c7fdb16c4228/frame_00036903.jpg,curated/phase2/temporal_frames/5e59c7fdb16c4228/frame_00036903.jpg,True,711673cf1e7d7b32e02d7755916b516e263da95bf3f1b0f73fc62265cfdccff5,336,336,\N
/content/drive/MyDrive/MMVQA_Clinical/curated/phase2/temporal_frames/5e59c7fdb16c4228/frame_00037454.jpg,curated/phase2/temporal_frames/5e59c7fdb16c4228/frame_00037454.jpg,True,f175599e7e2f53cd1101f9cc36c1d586919a24c6cdcae60e2df8deb9d10821a5,336,336,\N
/content/drive/MyDrive/MMVQA_Clinical/curated/phase2/temporal_frames/5e59c7fdb16c4228/frame_00037484.jpg,curated/phase2/temporal_frames/5e59c7fdb16c4228/frame_00037484.jpg,True,e580e668dc7e9aea2b3742ddd74ef5113d12311007bf6f8962669c877afcd001,336,336,\N
/content/drive/MyDrive/MMVQA_Clinical/curated/phase2/temporal_frames/5e59c7fdb16c4228/frame_00037544.jpg,curated/phase2/temporal_frames/5e59c7fdb16c4228/frame_00037544.jpg,True,2cac491cca0e97a5e50be4f6518e4904fa27e2326ac78cfd2d7981000e832732,336,336,\N
/content/drive/MyDrive/MMVQA_Clinical/curated/phase2/temporal_frames/5e59c7fdb16c4228/frame_00037574.jpg,curated/phase2/temporal_frames/5e59c7fdb16c4228/frame_00037574.jpg,True,3409995f14b88b257b016f10fa2a5aff069272a4ef51f59bd061d93890a48c9b,336,336,\N
/content/drive/MyDrive/MMVQA_Clinical/curated/phase2/temporal_frames/5e59c7fdb16c4228/frame_00037692.jpg,curated/phase2/temporal_frames/5e59c7fdb16c4228/frame_00037692.jpg,True,a7ba602a903bc60537f18cc355d01b7fdc6bf4d75631a5d86120020e7be7c3e8,336,336,\N
/content/drive/MyDrive/MMVQA_Clinical/curated/phase2/temporal_frames/5e59c7fdb16c4228/frame_00037706.jpg,curated/phase2/temporal_frames/5e59c7fdb16c4228/frame_00037706.jpg,True,368dc5f807c5e2d4e9da856b3e609c9179de1ee64ffd2c69d1ffdc37152a1527,336,336,\N
/content/drive/MyDrive/MMVQA_Clinical/curated/phase2/temporal_frames/5e59c7fdb16c4228/frame_00037722.jpg,curated/phase2/temporal_frames/5e59c7fdb16c4228/frame_00037722.jpg,True,980197a9e097376aa5e8f9f1dcd105cc1fe2fdae79e3b113ae5970ea8c0387e6,336,336,\N
/content/drive/MyDrive/MMVQA_Clinical/curated/phase2/temporal_frames/5e59c7fdb16c4228/frame_00037736.jpg,curated/phase2/temporal_frames/5e59c7fdb16c4228/frame_00037736.jpg,True,73b6ab0bbbcd8f2f9ca6fba085efe2d2650638b24ce8cc9a4f4fd4cda21f4379,336,336,\N
/content/drive/MyDrive/MMVQA_Clinical/curated/phase2/temporal_frames/5e59c7fdb16c4228/frame_00037782.jpg,curated/phase2/temporal_frames/5e59c7fdb16c4228/frame_00037782.jpg,True,372d51e8bf3a3b2914b9b452a6d263814589acb8577741465576efdbd5fed9e1,336,336,\N
/content/drive/MyDrive/MMVQA_Clinical/curated/phase2/temporal_frames/5e59c7fdb16c4228/frame_00037796.jpg,curated/phase2/temporal_frames/5e59c7fdb16c4228/frame_00037796.jpg,True,627cadc3db567b90f9cc00371871d47a6efc736160321bbf5b5c067df295a012,336,336,\N
/content/drive/MyDrive/MMVQA_Clinical/curated/phase2/temporal_frames/5e59c7fdb16c4228/frame_00037812.jpg,curated/phase2/temporal_frames/5e59c7fdb16c4228/frame_00037812.jpg,True,34b697bb08ac06ea9c538e4d02fba0ad42c4e42050b2e76ac5e26146d8d443d1,336,336,\N
/content/drive/MyDrive/MMVQA_Clinical/curated/phase2/temporal_frames/5e59c7fdb16c4228/frame_00037826.jpg,curated/phase2/temporal_frames/5e59c7fdb16c4228/frame_00037826.jpg,True,8e69148d1f3d399e6fd2d5c1089ef32944a9f3eb4b275adde9b47ba02a9baafa,336,336,\N
/content/drive/MyDrive/MMVQA_Clinical/curated/phase2/temporal_frames/5e59c7fdb16c4228/frame_00037885.jpg,curated/phase2/temporal_frames/5e59c7fdb16c4228/frame_00037885.jpg,True,3dea79b9c0c5d8d73e1cfcddbc41f5fd5ab77f15aedb6cb9d46396c757689f4a,336,336,\N
/content/drive/MyDrive/MMVQA_Clinical/curated/phase2/temporal_frames/5e59c7fdb16c4228/frame_00037915.jpg,curated/phase2/temporal_frames/5e59c7fdb16c4228/frame_00037915.jpg,True,dd330474699286a5d34ef5795e7b3b3b1627e310073cae057456bac157593dd8,336,336,\N
/content/drive/MyDrive/MMVQA_Clinical/curated/phase2/temporal_frames/5e59c7fdb16c4228/frame_00037975.jpg,curated/phase2/temporal_frames/5e59c7fdb16c4228/frame_00037975.jpg,True,b854bb070a453ad5c0c744ba200cc39a66045aa1f7ba3df89f05243206af38a2,336,336,\N
/content/drive/MyDrive/MMVQA_Clinical/curated/phase2/temporal_frames/5e59c7fdb16c4228/frame_00038005.jpg,curated/phase2/temporal_frames/5e59c7fdb16c4228/frame_00038005.jpg,True,f4c34e3dbb69b44a45e822e5140693a1c79de940a8b56d4ac0892f064a3f0b97,336,336,\N
/content/drive/MyDrive/MMVQA_Clinical/curated/phase2/temporal_frames/5e59c7fdb16c4228/frame_00038204.jpg,curated/phase2/temporal_frames/5e59c7fdb16c4228/frame_00038204.jpg,True,2742d625eaf45a07d02a63fe09379c6a5d4db2f34d6f9e3fa5ac63734c5bff68,336,336,\N
/content/drive/MyDrive/MMVQA_Clinical/curated/phase2/temporal_frames/5e59c7fdb16c4228/frame_00038234.jpg,curated/phase2/temporal_frames/5e59c7fdb16c4228/frame_00038234.jpg,True,1729095d071e2efa49b61c48e3ef4afa0208ed73836100d4c487a2cdfbba9408,336,336,\N
/content/drive/MyDrive/MMVQA_Clinical/curated/phase2/temporal_frames/5e59c7fdb16c4228/frame_00038294.jpg,curated/phase2/temporal_frames/5e59c7fdb16c4228/frame_00038294.jpg,True,8178bde61fa21c1899b3e9210d0ae88f6ec20a80ab695b53dc561b0c984fdd0d,336,336,\N
/content/drive/MyDrive/MMVQA_Clinical/curated/phase2/temporal_frames/5e59c7fdb16c4228/frame_00038324.jpg,curated/phase2/temporal_frames/5e59c7fdb16c4228/frame_00038324.jpg,True,f9c7e613360f3966c1fd9e999e3272844f0c5eaf34a33dff268168d4fa5f4ba7,336,336,\N
/content/drive/MyDrive/MMVQA_Clinical/curated/phase2/temporal_frames/5e59c7fdb16c4228/frame_00038414.jpg,curated/phase2/temporal_frames/5e59c7fdb16c4228/frame_00038414.jpg,True,635a6651a22a2a82169c8e08be134c76af47707eedc4c3555e4a85ec33c43d7c,336,336,\N
/content/drive/MyDrive/MMVQA_Clinical/curated/phase2/temporal_frames/5e59c7fdb16c4228/frame_00038444.jpg,curated/phase2/temporal_frames/5e59c7fdb16c4228/frame_00038444.jpg,True,8f2cf909c3524febecba97e72645b4237c7e405c4e61f4803cb72940afe4323e,336,336,\N
/content/drive/MyDrive/MMVQA_Clinical/curated/phase2/temporal_frames/5e59c7fdb16c4228/frame_00038504.jpg,curated/phase2/temporal_frames/5e59c7fdb16c4228/frame_00038504.jpg,True,a8cece61e6211273046793c90af2b35b5b85f054050f095a6ae3f8d874e00cc7,336,336,\N
/content/drive/MyDrive/MMVQA_Clinical/curated/phase2/temporal_frames/5e59c7fdb16c4228/frame_00038534.jpg,curated/phase2/temporal_frames/5e59c7fdb16c4228/frame_00038534.jpg,True,0de3a476e6d21a4faca600080b09ba919a3e8b977879f25554ba005a8a716fbb,336,336,\N
/content/drive/MyDrive/MMVQA_Clinical/curated/phase2/temporal_frames/5e9beaf4e66142c8/frame_00049233.jpg,curated/phase2/temporal_frames/5e9beaf4e66142c8/frame_00049233.jpg,True,58c3690c8f1e30608e8ef958631a644c622746f564acd70aef84ed8d428c3f1b,336,336,\N
/content/drive/MyDrive/MMVQA_Clinical/curated/phase2/temporal_frames/64440803f87b4843/frame_00003529.jpg,curated/phase2/temporal_frames/64440803f87b4843/frame_00003529.jpg,True,49e6be62d45ca7aed114306d2a46c9bf238965a1027cae8a518f0da47ae18900,336,336,\N
/content/drive/MyDrive/MMVQA_Clinical/curated/phase2/temporal_frames/64440803f87b4843/frame_00003559.jpg,curated/phase2/temporal_frames/64440803f87b4843/frame_00003559.jpg,True,7f0d99d0301bd51451762bbb5e9cb4638810ed3cd214266934fd2eaffd5afbb4,336,336,\N
/content/drive/MyDrive/MMVQA_Clinical/curated/phase2/temporal_frames/64440803f87b4843/frame_00003619.jpg,curated/phase2/temporal_frames/64440803f87b4843/frame_00003619.jpg,True,bcf516be04922aabfb5cae295258f5945a391fc60c4e46cb945fdb6a77100c98,336,336,\N
/content/drive/MyDrive/MMVQA_Clinical/curated/phase2/temporal_frames/64440803f87b4843/frame_00003649.jpg,curated/phase2/temporal_frames/64440803f87b4843/frame_00003649.jpg,True,b5d98eea5f4b06c77fa603b8e10ef4991fac5e87727968aa9dfe72bd6f6bccef,336,336,\N
/content/drive/MyDrive/MMVQA_Clinical/curated/phase2/temporal_frames/64440803f87b4843/frame_00013685.jpg,curated/phase2/temporal_frames/64440803f87b4843/frame_00013685.jpg,True,7ed7824545477409bf68eb5295e897909a07dcc44ea4f4f61078f3ead1d34129,336,336,\N
/content/drive/MyDrive/MMVQA_Clinical/curated/phase2/temporal_frames/64440803f87b4843/frame_00013715.jpg,curated/phase2/temporal_frames/64440803f87b4843/frame_00013715.jpg,True,3eee300a8f3b0e9c8f2b71ef1bd9dfd6cda1aceea200417e292403237c69d0d2,336,336,\N
/content/drive/MyDrive/MMVQA_Clinical/curated/phase2/temporal_frames/64440803f87b4843/frame_00013775.jpg,curated/phase2/temporal_frames/64440803f87b4843/frame_00013775.jpg,True,1da7fbca7118f0ca4ad3af3372fe98290d9735e4f0aa2464333d562a3f10b8eb,336,336,\N
/content/drive/MyDrive/MMVQA_Clinical/curated/phase2/temporal_frames/64440803f87b4843/frame_00013805.jpg,curated/phase2/temporal_frames/64440803f87b4843/frame_00013805.jpg,True,9d5a43ba40ade220bf7bfa71f70b096b839165af8c54d71aeb38da717ef26fd0,336,336,\N
/content/drive/MyDrive/MMVQA_Clinical/curated/phase2/temporal_frames/64440803f87b4843/frame_00017792.jpg,curated/phase2/temporal_frames/64440803f87b4843/frame_00017792.jpg,True,fbfd87e7e97a68650db86f9098d0d9bf9b995bb396358b337a87c2601cd7642f,336,336,\N
/content/drive/MyDrive/MMVQA_Clinical/curated/phase2/temporal_frames/64440803f87b4843/frame_00017912.jpg,curated/phase2/temporal_frames/64440803f87b4843/frame_00017912.jpg,True,424255b5364245d82d7c03bc0b98c21b24ad85005fa2e5ebe105eb67d822c53a,336,336,\N
/content/drive/MyDrive/MMVQA_Clinical/curated/phase2/temporal_frames/64440803f87b4843/frame_00017972.jpg,curated/phase2/temporal_frames/64440803f87b4843/frame_00017972.jpg,True,ed9138e1da983b5941620af4e0393256b6ec1f69a42dd1587a6761457cf4fe13,336,336,\N
/content/drive/MyDrive/MMVQA_Clinical/curated/phase2/temporal_frames/64440803f87b4843/frame_00018002.jpg,curated/phase2/temporal_frames/64440803f87b4843/frame_00018002.jpg,True,dd9173fd4fdb33ea4013a7bd3c81737e0bc78db943657a22a274bb8e9cea8e74,336,336,\N
/content/drive/MyDrive/MMVQA_Clinical/curated/phase2/temporal_frames/64440803f87b4843/frame_00018177.jpg,curated/phase2/temporal_frames/64440803f87b4843/frame_00018177.jpg,True,ee1b0a299e1f4ffde7c3163b4691cd757bbaa74d510b3b502e9581ddd3605228,336,336,\N
/content/drive/MyDrive/MMVQA_Clinical/curated/phase2/temporal_frames/64440803f87b4843/frame_00018207.jpg,curated/phase2/temporal_frames/64440803f87b4843/frame_00018207.jpg,True,17af5b82008190253764907781764b1e173a840e1c1965ba230385b98d94c3c3,336,336,\N
/content/drive/MyDrive/MMVQA_Clinical/curated/phase2/temporal_frames/64440803f87b4843/frame_00018266.jpg,curated/phase2/temporal_frames/64440803f87b4843/frame_00018266.jpg,True,829449eea23144b2b8dd6d7d1e65eaf344d0125a7985a392e569786f8d566aec,336,336,\N
/content/drive/MyDrive/MMVQA_Clinical/curated/phase2/temporal_frames/64440803f87b4843/frame_00018267.jpg,curated/phase2/temporal_frames/64440803f87b4843/frame_00018267.jpg,True,f3595033b9e5d36c1858bc967db3a0c3c8e777dd62f79594551ad44e539cc834,336,336,\N
/content/drive/MyDrive/MMVQA_Clinical/curated/phase2/temporal_frames/64440803f87b4843/frame_00018296.jpg,curated/phase2/temporal_frames/64440803f87b4843/frame_00018296.jpg,True,e5fe4ed3e86bfe2bf1038ec3d7f5d4553dad44524d418d16290fe1b67fbbc2d7,336,336,\N
/content/drive/MyDrive/MMVQA_Clinical/curated/phase2/temporal_frames/64440803f87b4843/frame_00018297.jpg,curated/phase2/temporal_frames/64440803f87b4843/frame_00018297.jpg,True,d1252aa1155a9528c6d612afcf15030680b741af9353387a7237a907bda641f9,336,336,\N
/content/drive/MyDrive/MMVQA_Clinical/curated/phase2/temporal_frames/64440803f87b4843/frame_00018343.jpg,curated/phase2/temporal_frames/64440803f87b4843/frame_00018343.jpg,True,e8a738637cb4b830683bb679c621c7a3c2d3f4e097a45f3a649195dc9bc2f81e,336,336,\N
/content/drive/MyDrive/MMVQA_Clinical/curated/phase2/temporal_frames/64440803f87b4843/frame_00018354.jpg,curated/phase2/temporal_frames/64440803f87b4843/frame_00018354.jpg,True,49a9cafbae0fe9413992e1b6fce344796787a10e2c1fa66a4c169b0df735d8ba,336,336,\N
/content/drive/MyDrive/MMVQA_Clinical/curated/phase2/temporal_frames/64440803f87b4843/frame_00018356.jpg,curated/phase2/temporal_frames/64440803f87b4843/frame_00018356.jpg,True,4209adcb310d4877d8955d3fa5d91dd3b0752a2b1a897f4d8dff9b28e86b1a58,336,336,\N
/content/drive/MyDrive/MMVQA_Clinical/curated/phase2/temporal_frames/64440803f87b4843/frame_00018368.jpg,curated/phase2/temporal_frames/64440803f87b4843/frame_00018368.jpg,True,620a3f1a0cb79e0cd20dd65e1cfb5250346dabf6ab2c01997731e0dcb45edef4,336,336,\N
/content/drive/MyDrive/MMVQA_Clinical/curated/phase2/temporal_frames/64440803f87b4843/frame_00018373.jpg,curated/phase2/temporal_frames/64440803f87b4843/frame_00018373.jpg,True,a5232cfcea0a94d82d37dc96f9bb5f11c6574bd071d517fcbf3e0e9741a78629,336,336,\N
/content/drive/MyDrive/MMVQA_Clinical/curated/phase2/temporal_frames/64440803f87b4843/frame_00018398.jpg,curated/phase2/temporal_frames/64440803f87b4843/frame_00018398.jpg,True,1e5fac6f4520e53e57227a7abee6dbd30f3b39468b724773fd4742c54866258b,336,336,\N
/content/drive/MyDrive/MMVQA_Clinical/curated/phase2/temporal_frames/64440803f87b4843/frame_00018414.jpg,curated/phase2/temporal_frames/64440803f87b4843/frame_00018414.jpg,True,920b2b819ca89b907cc109497c197521a2451e74a0949b74d30a8cf4c951d946,336,336,\N
/content/drive/MyDrive/MMVQA_Clinical/curated/phase2/temporal_frames/64440803f87b4843/frame_00018435.jpg,curated/phase2/temporal_frames/64440803f87b4843/frame_00018435.jpg,True,985c1a6b5d7a97573af2f25a13e97ee66a766599e0a43a06fe6911452c0bdbfe,336,336,\N
/content/drive/MyDrive/MMVQA_Clinical/curated/phase2/temporal_frames/64440803f87b4843/frame_00018444.jpg,curated/phase2/temporal_frames/64440803f87b4843/frame_00018444.jpg,True,6184cbb5d7dcc8680507d5aca40d13e8292e3497043a1bf3299d4c83d10ddcf7,336,336,\N
/content/drive/MyDrive/MMVQA_Clinical/curated/phase2/temporal_frames/64440803f87b4843/frame_00018453.jpg,curated/phase2/temporal_frames/64440803f87b4843/frame_00018453.jpg,True,336fb2e9db7ea874f908221b93ee3d84ee436c358a6563c5f43c1ebe02144820,336,336,\N
/content/drive/MyDrive/MMVQA_Clinical/curated/phase2/temporal_frames/64440803f87b4843/frame_00018488.jpg,curated/phase2/temporal_frames/64440803f87b4843/frame_00018488.jpg,True,21dbbcf6a9f700401bdb43aebf0d6ec3cda1a250870916baf5dc1fd13124dd4f,336,336,\N
/content/drive/MyDrive/MMVQA_Clinical/curated/phase2/temporal_frames/64440803f87b4843/frame_00018674.jpg,curated/phase2/temporal_frames/64440803f87b4843/frame_00018674.jpg,True,2a615da6fac35316173346477cc5f7927061c10a71ec0be07cb168f56464ac32,336,336,\N
/content/drive/MyDrive/MMVQA_Clinical/curated/phase2/temporal_frames/64440803f87b4843/frame_00018687.jpg,curated/phase2/temporal_frames/64440803f87b4843/frame_00018687.jpg,True,a8216d9464e0e49ba713c2f3852839ad819e955cff44d19454c01eab65b43eeb,336,336,\N
/content/drive/MyDrive/MMVQA_Clinical/curated/phase2/temporal_frames/64440803f87b4843/frame_00018925.jpg,curated/phase2/temporal_frames/64440803f87b4843/frame_00018925.jpg,True,0b1fe14eb8cae59c7e104cc1ae4807cf43c02c9b8e1d771a64bb0e65f7cb5497,336,336,\N
/content/drive/MyDrive/MMVQA_Clinical/curated/phase2/temporal_frames/64440803f87b4843/frame_00018961.jpg,curated/phase2/temporal_frames/64440803f87b4843/frame_00018961.jpg,True,d479758ce205db09c6fcd23a733b2817b340e24c06ac8d325d351ef0d7299b52,336,336,\N
/content/drive/MyDrive/MMVQA_Clinical/curated/phase2/temporal_frames/64440803f87b4843/frame_00018985.jpg,curated/phase2/temporal_frames/64440803f87b4843/frame_00018985.jpg,True,cfa9161450fb90c63e8cfd14f10344b02efff8cf0e2c37613f41a6ef9a7ff676,336,336,\N
/content/drive/MyDrive/MMVQA_Clinical/curated/phase2/temporal_frames/64440803f87b4843/frame_00018991.jpg,curated/phase2/temporal_frames/64440803f87b4843/frame_00018991.jpg,True,317f5a09cc9c4f3d1a4c22181e00d57cefe3b7103cd58bf60f2f059476b00c78,336,336,\N
/content/drive/MyDrive/MMVQA_Clinical/curated/phase2/temporal_frames/64440803f87b4843/frame_00019015.jpg,curated/phase2/temporal_frames/64440803f87b4843/frame_00019015.jpg,True,73d194ddf7447e183adf14c55a5a1c8d3db75b6af3546e34549e44b763d7251a,336,336,\N
/content/drive/MyDrive/MMVQA_Clinical/curated/phase2/temporal_frames/64440803f87b4843/frame_00019040.jpg,curated/phase2/temporal_frames/64440803f87b4843/frame_00019040.jpg,True,3207337404befe228d4a1f0a4bd61d7fcc83e32d824989516239a04b68d9894f,336,336,\N
/content/drive/MyDrive/MMVQA_Clinical/curated/phase2/temporal_frames/64440803f87b4843/frame_00019070.jpg,curated/phase2/temporal_frames/64440803f87b4843/frame_00019070.jpg,True,7c0189dc1698216c2d05e70e51583c34e8ad63bb67d4e1350ed344571d954e4c,336,336,\N
/content/drive/MyDrive/MMVQA_Clinical/curated/phase2/temporal_frames/64440803f87b4843/frame_00019076.jpg,curated/phase2/temporal_frames/64440803f87b4843/frame_00019076.jpg,True,9fda4c64c0783d0d87839b81a89c9a71db017e545c681355cdfefc8c6bef870d,336,336,\N
/content/drive/MyDrive/MMVQA_Clinical/curated/phase2/temporal_frames/64440803f87b4843/frame_00019106.jpg,curated/phase2/temporal_frames/64440803f87b4843/frame_00019106.jpg,True,b46198f581c7ac043eb52aad2d61b15bf0b9cdc88ad9dd4d0be4d194b6c96b09,336,336,\N
/content/drive/MyDrive/MMVQA_Clinical/curated/phase2/temporal_frames/64440803f87b4843/frame_00019112.jpg,curated/phase2/temporal_frames/64440803f87b4843/frame_00019112.jpg,True,0175cc99bee5acb315aef419eedc00e1a5ff7b05c30463b38cfd837b8755a6bf,336,336,\N
/content/drive/MyDrive/MMVQA_Clinical/curated/phase2/temporal_frames/64440803f87b4843/frame_00019129.jpg,curated/phase2/temporal_frames/64440803f87b4843/frame_00019129.jpg,True,ef49beb766e8a3f7e1591b1f45c5787680917b8bc995802216438d0e322b961a,336,336,\N
/content/drive/MyDrive/MMVQA_Clinical/curated/phase2/temporal_frames/64440803f87b4843/frame_00019130.jpg,curated/phase2/temporal_frames/64440803f87b4843/frame_00019130.jpg,True,f28bcc4403d13e727f307e7a30cefa6626d6907155148b958dcf8c3f041f8a04,336,336,\N
/content/drive/MyDrive/MMVQA_Clinical/curated/phase2/temporal_frames/64440803f87b4843/frame_00019142.jpg,curated/phase2/temporal_frames/64440803f87b4843/frame_00019142.jpg,True,922df05f689d0bbf72d042608b18c81404eb90b0377ba8a65d294b8dfaaff458,336,336,\N
/content/drive/MyDrive/MMVQA_Clinical/curated/phase2/temporal_frames/64440803f87b4843/frame_00019144.jpg,curated/phase2/temporal_frames/64440803f87b4843/frame_00019144.jpg,True,2a9d97246e160297a8dbc3db86ff60d79174502a383e9d51eeb222d6b254697f,336,336,\N
/content/drive/MyDrive/MMVQA_Clinical/curated/phase2/temporal_frames/64440803f87b4843/frame_00019166.jpg,curated/phase2/temporal_frames/64440803f87b4843/frame_00019166.jpg,True,540abce93a9cd5d8d01fae08c2946f4c6552ee5fea32ab89302425622fc2b75e,336,336,\N
/content/drive/MyDrive/MMVQA_Clinical/curated/phase2/temporal_frames/64440803f87b4843/frame_00019232.jpg,curated/phase2/temporal_frames/64440803f87b4843/frame_00019232.jpg,True,a8bbe32ac359cf69fdbe8220ece0e99308e75677d2e323be91f842dce212d3d0,336,336,\N
/content/drive/MyDrive/MMVQA_Clinical/curated/phase2/temporal_frames/64440803f87b4843/frame_00019234.jpg,curated/phase2/temporal_frames/64440803f87b4843/frame_00019234.jpg,True,2863a7fb5511e4b4af994d70e056ddfaeb9bdb2bf52acffa321d1436c57b4f43,336,336,\N
/content/drive/MyDrive/MMVQA_Clinical/curated/phase2/temporal_frames/64440803f87b4843/frame_00019248.jpg,curated/phase2/temporal_frames/64440803f87b4843/frame_00019248.jpg,True,44cc63409ac52d2c5716490e8c5768dfb7b00dac05a2f3a8d17ad65da0ba3b52,336,336,\N
/content/drive/MyDrive/MMVQA_Clinical/curated/phase2/temporal_frames/64440803f87b4843/frame_00019264.jpg,curated/phase2/temporal_frames/64440803f87b4843/frame_00019264.jpg,True,f5e8db713c1cb110ddd11d44d38b1e8f55936af92ad8c545f36a55c6bb564a7c,336,336,\N
/content/drive/MyDrive/MMVQA_Clinical/curated/phase2/temporal_frames/64440803f87b4843/frame_00019278.jpg,curated/phase2/temporal_frames/64440803f87b4843/frame_00019278.jpg,True,e95a12dfcb5ad5e16918430d77134fa0fa4e78c7d462d4d258173234618b3799,336,336,\N
/content/drive/MyDrive/MMVQA_Clinical/curated/phase2/temporal_frames/64440803f87b4843/frame_00019338.jpg,curated/phase2/temporal_frames/64440803f87b4843/frame_00019338.jpg,True,e25873f27c8a68fb1c567814ef2f770b8bf98e396ebf7d94fd37d3b1c5c48ba4,336,336,\N
/content/drive/MyDrive/MMVQA_Clinical/curated/phase2/temporal_frames/64440803f87b4843/frame_00019342.jpg,curated/phase2/temporal_frames/64440803f87b4843/frame_00019342.jpg,True,4f369cbed5285e2f6c061744919685cb32131c6355d7b594f5998c23adee92b7,336,336,\N
/content/drive/MyDrive/MMVQA_Clinical/curated/phase2/temporal_frames/64440803f87b4843/frame_00019346.jpg,curated/phase2/temporal_frames/64440803f87b4843/frame_00019346.jpg,True,d3f00f62df21ea3e5c55f0bf72f8317817aa509061da022e7e5206466bbff4db,336,336,\N
/content/drive/MyDrive/MMVQA_Clinical/curated/phase2/temporal_frames/64440803f87b4843/frame_00019382.jpg,curated/phase2/temporal_frames/64440803f87b4843/frame_00019382.jpg,True,21c690437ae27802caabfb208a0752c0f95357d87fc88f54ccbd31baac5b22dc,336,336,\N
/content/drive/MyDrive/MMVQA_Clinical/curated/phase2/temporal_frames/64440803f87b4843/frame_00019402.jpg,curated/phase2/temporal_frames/64440803f87b4843/frame_00019402.jpg,True,1a9fd37b158509a50e7db22c2bab8de3118c451012b00bc3a9a380c0e68e512e,336,336,\N
/content/drive/MyDrive/MMVQA_Clinical/curated/phase2/temporal_frames/64440803f87b4843/frame_00019412.jpg,curated/phase2/temporal_frames/64440803f87b4843/frame_00019412.jpg,True,1b26c72fe5550124c2b4cda6b0ce7039d9435f0498ad351a5d3f4c161e7da731,336,336,\N
/content/drive/MyDrive/MMVQA_Clinical/curated/phase2/temporal_frames/64440803f87b4843/frame_00019428.jpg,curated/phase2/temporal_frames/64440803f87b4843/frame_00019428.jpg,True,43b5d457578c71f7bc6e209c6e1c329ca75cea9982df17497d6d52a0d887013a,336,336,\N
/content/drive/MyDrive/MMVQA_Clinical/curated/phase2/temporal_frames/64440803f87b4843/frame_00019432.jpg,curated/phase2/temporal_frames/64440803f87b4843/frame_00019432.jpg,True,efcc158b8c19b81dd5fe9929d9f74dc1a861c377c181b74531cdc0863544e295,336,336,\N
/content/drive/MyDrive/MMVQA_Clinical/curated/phase2/temporal_frames/64440803f87b4843/frame_00019436.jpg,curated/phase2/temporal_frames/64440803f87b4843/frame_00019436.jpg,True,938c63726d55572ae48e094313ea9db5da527378307c7b241eb7e5678febef8a,336,336,\N
/content/drive/MyDrive/MMVQA_Clinical/curated/phase2/temporal_frames/64440803f87b4843/frame_00019458.jpg,curated/phase2/temporal_frames/64440803f87b4843/frame_00019458.jpg,True,14851ac5b6193f09085e9396f6452370c948037cbb30ca351f0227b1c243ac63,336,336,\N
/content/drive/MyDrive/MMVQA_Clinical/curated/phase2/temporal_frames/64440803f87b4843/frame_00019466.jpg,curated/phase2/temporal_frames/64440803f87b4843/frame_00019466.jpg,True,607257603952de4e15f8c40cca9d6a38a0832199c383bb4a95fbc5a453937955,336,336,\N
/content/drive/MyDrive/MMVQA_Clinical/curated/phase2/temporal_frames/64440803f87b4843/frame_00021312.jpg,curated/phase2/temporal_frames/64440803f87b4843/frame_00021312.jpg,True,24267afcac63c6dc2eb3295e6868c795c215abc994ef934ee4061445383cd79a,336,336,\N
/content/drive/MyDrive/MMVQA_Clinical/curated/phase2/temporal_frames/64440803f87b4843/frame_00021334.jpg,curated/phase2/temporal_frames/64440803f87b4843/frame_00021334.jpg,True,9a4fb946d290ab23731bcede6ff0e0a660096ac6a4e6d6cc75472634ba14ac05,336,336,\N
/content/drive/MyDrive/MMVQA_Clinical/curated/phase2/temporal_frames/64440803f87b4843/frame_00021342.jpg,curated/phase2/temporal_frames/64440803f87b4843/frame_00021342.jpg,True,36984d9523a09a2cce0dda2568b713c2a6df27d853a8e3e97898b83a310881fc,336,336,\N
/content/drive/MyDrive/MMVQA_Clinical/curated/phase2/temporal_frames/64440803f87b4843/frame_00021356.jpg,curated/phase2/temporal_frames/64440803f87b4843/frame_00021356.jpg,True,c43063aa3ce4996385eeeb8017d1d71af4dd466835ad2d16125fc5dcb68ee87f,336,336,\N
/content/drive/MyDrive/MMVQA_Clinical/curated/phase2/temporal_frames/64440803f87b4843/frame_00021386.jpg,curated/phase2/temporal_frames/64440803f87b4843/frame_00021386.jpg,True,4ff7c744393c8360b41d515e7fe7395037203cc035b08bbf2ecf0a55ce90727d,336,336,\N
/content/drive/MyDrive/MMVQA_Clinical/curated/phase2/temporal_frames/64440803f87b4843/frame_00021402.jpg,curated/phase2/temporal_frames/64440803f87b4843/frame_00021402.jpg,True,3dca5bc36027bd759a607dd962001a2d6c68985ad98b69c3ac4be757da2b6acf,336,336,\N
/content/drive/MyDrive/MMVQA_Clinical/curated/phase2/temporal_frames/64440803f87b4843/frame_00021424.jpg,curated/phase2/temporal_frames/64440803f87b4843/frame_00021424.jpg,True,aa3935c5dcfe95ee2558a67460ae2e98c3ef1da9ec25dbab6d869d7eec0fa9b4,336,336,\N
/content/drive/MyDrive/MMVQA_Clinical/curated/phase2/temporal_frames/64440803f87b4843/frame_00021432.jpg,curated/phase2/temporal_frames/64440803f87b4843/frame_00021432.jpg,True,c3e3243abcb23d2b02a54145c1630e127a004a8583ddc71c236c7beb7bff99ad,336,336,\N
/content/drive/MyDrive/MMVQA_Clinical/curated/phase2/temporal_frames/64440803f87b4843/frame_00021446.jpg,curated/phase2/temporal_frames/64440803f87b4843/frame_00021446.jpg,True,04fe25ed28528e5a07fe8882c2754dca4e569ab57a65c9c63e8d0b83290ec01b,336,336,\N
/content/drive/MyDrive/MMVQA_Clinical/curated/phase2/temporal_frames/64440803f87b4843/frame_00021454.jpg,curated/phase2/temporal_frames/64440803f87b4843/frame_00021454.jpg,True,30aaf763966e11c7818d0fe73fda229799c54dc2d505df96c8c7c73a5effcdbd,336,336,\N
/content/drive/MyDrive/MMVQA_Clinical/curated/phase2/temporal_frames/64440803f87b4843/frame_00021460.jpg,curated/phase2/temporal_frames/64440803f87b4843/frame_00021460.jpg,True,baa9a1587da759d82c894a57837fce2e72c330f4734ae887a27dcbd2ec5780ac,336,336,\N
/content/drive/MyDrive/MMVQA_Clinical/curated/phase2/temporal_frames/64440803f87b4843/frame_00021476.jpg,curated/phase2/temporal_frames/64440803f87b4843/frame_00021476.jpg,True,b0dade844da38d3fd3744fdb81deed0b1237cf533a2cccdd266558feef4eb85e,336,336,\N
/content/drive/MyDrive/MMVQA_Clinical/curated/phase2/temporal_frames/64440803f87b4843/frame_00021490.jpg,curated/phase2/temporal_frames/64440803f87b4843/frame_00021490.jpg,True,801e1f16dbf54508058ecc7448f845ac719f171bc4a0cff97306526b99c23680,336,336,\N
/content/drive/MyDrive/MMVQA_Clinical/curated/phase2/temporal_frames/64440803f87b4843/frame_00021550.jpg,curated/phase2/temporal_frames/64440803f87b4843/frame_00021550.jpg,True,da1f7e2f160179ab2874d49894eb0fbc947c2106c730d56845b489fe80557019,336,336,\N
/content/drive/MyDrive/MMVQA_Clinical/curated/phase2/temporal_frames/64440803f87b4843/frame_00021580.jpg,curated/phase2/temporal_frames/64440803f87b4843/frame_00021580.jpg,True,b0bc62da3641893b3add57813d8170c5c97322dfb12ac86291622e4e4e3ccd15,336,336,\N
/content/drive/MyDrive/MMVQA_Clinical/curated/phase2/temporal_frames/64440803f87b4843/frame_00021706.jpg,curated/phase2/temporal_frames/64440803f87b4843/frame_00021706.jpg,True,f7db300c1692ecc47e44807c903edbfdab5589b1d2bba76db5e2fa6b720faef7,336,336,\N
/content/drive/MyDrive/MMVQA_Clinical/curated/phase2/temporal_frames/64440803f87b4843/frame_00021721.jpg,curated/phase2/temporal_frames/64440803f87b4843/frame_00021721.jpg,True,0e07909b4fe4237ecbf1b31496485d0bfedcc3d38ace2b53df6f0b07e8b07bbf,336,336,\N
/content/drive/MyDrive/MMVQA_Clinical/curated/phase2/temporal_frames/64440803f87b4843/frame_00021736.jpg,curated/phase2/temporal_frames/64440803f87b4843/frame_00021736.jpg,True,ab05c749d18fb16596abea526e8ad14457bca3c9d63ffd29496c5209559bd483,336,336,\N
/content/drive/MyDrive/MMVQA_Clinical/curated/phase2/temporal_frames/64440803f87b4843/frame_00021751.jpg,curated/phase2/temporal_frames/64440803f87b4843/frame_00021751.jpg,True,f6cfe6dee4eb4e32ed5790f65e2f6059cfcbdb127855265ae3715af684765b8d,336,336,\N
/content/drive/MyDrive/MMVQA_Clinical/curated/phase2/temporal_frames/64440803f87b4843/frame_00021759.jpg,curated/phase2/temporal_frames/64440803f87b4843/frame_00021759.jpg,True,44399020307712a44c3cfa881027999a3a7fbf1c736cb005c6432bd85f6c5330,336,336,\N
/content/drive/MyDrive/MMVQA_Clinical/curated/phase2/temporal_frames/64440803f87b4843/frame_00021773.jpg,curated/phase2/temporal_frames/64440803f87b4843/frame_00021773.jpg,True,5f0311ec15f82259887355b88666d01c7f4355b2feef091c15ac6f207d59188d,336,336,\N
/content/drive/MyDrive/MMVQA_Clinical/curated/phase2/temporal_frames/64440803f87b4843/frame_00021789.jpg,curated/phase2/temporal_frames/64440803f87b4843/frame_00021789.jpg,True,4849f39bdb0a3c082b1600db2f33b6c2f1add2fed632468b1b72b95edeed3ec5,336,336,\N
/content/drive/MyDrive/MMVQA_Clinical/curated/phase2/temporal_frames/64440803f87b4843/frame_00021796.jpg,curated/phase2/temporal_frames/64440803f87b4843/frame_00021796.jpg,True,78dea6bb759c977e8f934fac181684d13cb15576c7538652b79f981049bad24c,336,336,\N
/content/drive/MyDrive/MMVQA_Clinical/curated/phase2/temporal_frames/64440803f87b4843/frame_00021803.jpg,curated/phase2/temporal_frames/64440803f87b4843/frame_00021803.jpg,True,bba75e8fabe9c24a54c0395caaff827c765b8f8e8975bee0e873507f89f72ffa,336,336,\N
/content/drive/MyDrive/MMVQA_Clinical/curated/phase2/temporal_frames/64440803f87b4843/frame_00021841.jpg,curated/phase2/temporal_frames/64440803f87b4843/frame_00021841.jpg,True,5efc9cfae7d9d8f1c6d0625d9d1fb8b192103c09829ce390d2fc8eb361be07c3,336,336,\N
/content/drive/MyDrive/MMVQA_Clinical/curated/phase2/temporal_frames/64440803f87b4843/frame_00021849.jpg,curated/phase2/temporal_frames/64440803f87b4843/frame_00021849.jpg,True,b6626606bd85f093979c36110cd4b0bb9aa6fba9d4c542f6fae108e10fd024eb,336,336,\N
/content/drive/MyDrive/MMVQA_Clinical/curated/phase2/temporal_frames/64440803f87b4843/frame_00021850.jpg,curated/phase2/temporal_frames/64440803f87b4843/frame_00021850.jpg,True,4f0c73fc382f8818a0b213a5fdc5e057062f759712b85e3a2381837ec7f0452e,336,336,\N
/content/drive/MyDrive/MMVQA_Clinical/curated/phase2/temporal_frames/64440803f87b4843/frame_00021855.jpg,curated/phase2/temporal_frames/64440803f87b4843/frame_00021855.jpg,True,00fe78b49e1ea503c9c60215ec99601e8b4ceb761bcded43c5e0df79b3742c4b,336,336,\N
/content/drive/MyDrive/MMVQA_Clinical/curated/phase2/temporal_frames/64440803f87b4843/frame_00021863.jpg,curated/phase2/temporal_frames/64440803f87b4843/frame_00021863.jpg,True,c843489b8aca82efee93c052f9002f6a3be5a2c8a32cebe3982ee6f641930e4d,336,336,\N
/content/drive/MyDrive/MMVQA_Clinical/curated/phase2/temporal_frames/64440803f87b4843/frame_00021893.jpg,curated/phase2/temporal_frames/64440803f87b4843/frame_00021893.jpg,True,891d1064c9efe519e26158a5b8eea14d1c30a6071aa12b60280a105dca472f70,336,336,\N
/content/drive/MyDrive/MMVQA_Clinical/curated/phase2/temporal_frames/64440803f87b4843/frame_00021910.jpg,curated/phase2/temporal_frames/64440803f87b4843/frame_00021910.jpg,True,075a2ca125110daec31d10f9ed5e90cd06c9d3fbdcd27fd00bf20879cba099f8,336,336,\N
/content/drive/MyDrive/MMVQA_Clinical/curated/phase2/temporal_frames/64440803f87b4843/frame_00021915.jpg,curated/phase2/temporal_frames/64440803f87b4843/frame_00021915.jpg,True,a4d3239962b0494343eda7cc121d44682219999a36af08f6bc914a0959b2fca9,336,336,\N
/content/drive/MyDrive/MMVQA_Clinical/curated/phase2/temporal_frames/64440803f87b4843/frame_00021940.jpg,curated/phase2/temporal_frames/64440803f87b4843/frame_00021940.jpg,True,95725edfd9b6c443a654badf21470f0f3f1d78947620e05e9e029ce7dcb47000,336,336,\N
/content/drive/MyDrive/MMVQA_Clinical/curated/phase2/temporal_frames/64440803f87b4843/frame_00021945.jpg,curated/phase2/temporal_frames/64440803f87b4843/frame_00021945.jpg,True,3d449520233c4c50672e84b8024e1c0bd57d4e3bf395a343da2bdb7eb52134dc,336,336,\N
/content/drive/MyDrive/MMVQA_Clinical/curated/phase2/temporal_frames/64440803f87b4843/frame_00022519.jpg,curated/phase2/temporal_frames/64440803f87b4843/frame_00022519.jpg,True,ee7b1c7cb362f4f5f254a0dfb7c87e27d6005ec5869c02dcf980d5d9217ef785,336,336,\N
/content/drive/MyDrive/MMVQA_Clinical/curated/phase2/temporal_frames/64440803f87b4843/frame_00022549.jpg,curated/phase2/temporal_frames/64440803f87b4843/frame_00022549.jpg,True,25f8e33cdb6458ff36dcc00bacaa71a956fdc018d84bc40f1daf9a5a1a4fe96b,336,336,\N
/content/drive/MyDrive/MMVQA_Clinical/curated/phase2/temporal_frames/64440803f87b4843/frame_00022609.jpg,curated/phase2/temporal_frames/64440803f87b4843/frame_00022609.jpg,True,a0451c0bbd43acb6b03de34af2830ac584fbe2b10ced940e89ee68675d43baf5,336,336,\N
/content/drive/MyDrive/MMVQA_Clinical/curated/phase2/temporal_frames/64440803f87b4843/frame_00022639.jpg,curated/phase2/temporal_frames/64440803f87b4843/frame_00022639.jpg,True,373f6108973461c23058b56f9dd8abd694ab2cf2adde5d48f6cd0e94ef5705a6,336,336,\N
/content/drive/MyDrive/MMVQA_Clinical/curated/phase2/temporal_frames/64440803f87b4843/frame_00028095.jpg,curated/phase2/temporal_frames/64440803f87b4843/frame_00028095.jpg,True,507fb681906d0776c80d51c673b617ab9f937858517f66aea15eddc00555e628,336,336,\N
/content/drive/MyDrive/MMVQA_Clinical/curated/phase2/temporal_frames/64440803f87b4843/frame_00028125.jpg,curated/phase2/temporal_frames/64440803f87b4843/frame_00028125.jpg,True,543a1c356ab65c1052b3406233042b154f135d8279f0cc9143946a5310bd6368,336,336,\N
/content/drive/MyDrive/MMVQA_Clinical/curated/phase2/temporal_frames/64440803f87b4843/frame_00028185.jpg,curated/phase2/temporal_frames/64440803f87b4843/frame_00028185.jpg,True,aaf179bda9b147b3a3e17a0ba4126e3f649af315536baf651aff4a79bf28af30,336,336,\N
/content/drive/MyDrive/MMVQA_Clinical/curated/phase2/temporal_frames/64440803f87b4843/frame_00028215.jpg,curated/phase2/temporal_frames/64440803f87b4843/frame_00028215.jpg,True,f8eb909ac23fc220a20ad1f9fab54b695c6093db24ec29dc252bb078fdfa5066,336,336,\N
/content/drive/MyDrive/MMVQA_Clinical/curated/phase2/temporal_frames/64440803f87b4843/frame_00028275.jpg,curated/phase2/temporal_frames/64440803f87b4843/frame_00028275.jpg,True,5e71e504692f2b57fecc993cad2ea339568735c0298577ad7a84df10f98fa57f,336,336,\N
/content/drive/MyDrive/MMVQA_Clinical/curated/phase2/temporal_frames/64440803f87b4843/frame_00028305.jpg,curated/phase2/temporal_frames/64440803f87b4843/frame_00028305.jpg,True,87c051996874284fb2ed45e831de4366dbbf53d1cef113e85595dd1f4702d8bb,336,336,\N
/content/drive/MyDrive/MMVQA_Clinical/curated/phase2/temporal_frames/64440803f87b4843/frame_00032205.jpg,curated/phase2/temporal_frames/64440803f87b4843/frame_00032205.jpg,True,e56fd65ef1c9ae100972c574bf38e51bfb4075bb609c5ad6e7cfc82a3566a186,336,336,\N
/content/drive/MyDrive/MMVQA_Clinical/curated/phase2/temporal_frames/64440803f87b4843/frame_00032235.jpg,curated/phase2/temporal_frames/64440803f87b4843/frame_00032235.jpg,True,7284fb825ddf1852ab87db06e0cf8a414e5d1b9d80efc752a297e6b046e78c5f,336,336,\N
/content/drive/MyDrive/MMVQA_Clinical/curated/phase2/temporal_frames/64440803f87b4843/frame_00032295.jpg,curated/phase2/temporal_frames/64440803f87b4843/frame_00032295.jpg,True,9f64ec14d527b8689cf5064486d09f03078fda84a5f0d7d42a7f41dbd90a29e6,336,336,\N
/content/drive/MyDrive/MMVQA_Clinical/curated/phase2/temporal_frames/64440803f87b4843/frame_00032325.jpg,curated/phase2/temporal_frames/64440803f87b4843/frame_00032325.jpg,True,c8f2f29d457330d516d033a4a5d300be78346db6b51543969e2db75154c9dab1,336,336,\N
/content/drive/MyDrive/MMVQA_Clinical/curated/phase2/temporal_frames/7a47e8eacea04e64/frame_00001978.jpg,curated/phase2/temporal_frames/7a47e8eacea04e64/frame_00001978.jpg,True,af75b1468a653819bc53bebd98aebcaca52d5345ab72bd00a74a53e3bfa5813f,336,336,\N
/content/drive/MyDrive/MMVQA_Clinical/curated/phase2/temporal_frames/7a47e8eacea04e64/frame_00002098.jpg,curated/phase2/temporal_frames/7a47e8eacea04e64/frame_00002098.jpg,True,3beef80e53fde0a044451df0eea33337b4e5db28b73cb7a0c2b0d7c27a19540d,336,336,\N
/content/drive/MyDrive/MMVQA_Clinical/curated/phase2/temporal_frames/7a47e8eacea04e64/frame_00008318.jpg,curated/phase2/temporal_frames/7a47e8eacea04e64/frame_00008318.jpg,True,fec6d6c9db115c04f89c53338a77a3c49903326e18398b3efc9b23fe3c3fcbed,336,336,\N
/content/drive/MyDrive/MMVQA_Clinical/curated/phase2/temporal_frames/7a47e8eacea04e64/frame_00008348.jpg,curated/phase2/temporal_frames/7a47e8eacea04e64/frame_00008348.jpg,True,5b6d025f3669524cb24a358811e717e2b363e03c124943eeff7943b10c210584,336,336,\N
/content/drive/MyDrive/MMVQA_Clinical/curated/phase2/temporal_frames/7a47e8eacea04e64/frame_00008408.jpg,curated/phase2/temporal_frames/7a47e8eacea04e64/frame_00008408.jpg,True,e455afe7ff242d1663af822218e23219a3f67e4a61101c83ed62d6e65de291b5,336,336,\N
/content/drive/MyDrive/MMVQA_Clinical/curated/phase2/temporal_frames/7a47e8eacea04e64/frame_00008438.jpg,curated/phase2/temporal_frames/7a47e8eacea04e64/frame_00008438.jpg,True,f00a639dfb0b723269fd988359feaa7de62e17cdff0931781849850d066e23f1,336,336,\N
/content/drive/MyDrive/MMVQA_Clinical/curated/phase2/temporal_frames/7a47e8eacea04e64/frame_00051226.jpg,curated/phase2/temporal_frames/7a47e8eacea04e64/frame_00051226.jpg,True,adb0c9450bf32b0f4b14dc6521f5ffbb284211a21f20cb393c0335532b892cc2,336,336,\N
/content/drive/MyDrive/MMVQA_Clinical/curated/phase2/temporal_frames/7a47e8eacea04e64/frame_00051242.jpg,curated/phase2/temporal_frames/7a47e8eacea04e64/frame_00051242.jpg,True,ee78c0b2829940429859ea2e63a3608e0c513ddbaf3f49cdd6a8d8faca806b1c,336,336,\N
/content/drive/MyDrive/MMVQA_Clinical/curated/phase2/temporal_frames/7a47e8eacea04e64/frame_00051256.jpg,curated/phase2/temporal_frames/7a47e8eacea04e64/frame_00051256.jpg,True,d26af336d7a2e08a8990197910ebfe13a7cfcb572e939e7c911f6a6e4589b454,336,336,\N
/content/drive/MyDrive/MMVQA_Clinical/curated/phase2/temporal_frames/7a47e8eacea04e64/frame_00051259.jpg,curated/phase2/temporal_frames/7a47e8eacea04e64/frame_00051259.jpg,True,ad4786b23850f2fe405687301d1d00b05c2c2f8defcafea4d562cde3c5603f10,336,336,\N
/content/drive/MyDrive/MMVQA_Clinical/curated/phase2/temporal_frames/7a47e8eacea04e64/frame_00051272.jpg,curated/phase2/temporal_frames/7a47e8eacea04e64/frame_00051272.jpg,True,a8a9e7804da3fa5e879d8dcc87ec8a781c7b47f4bc4465e188f92bd68c885ed3,336,336,\N
/content/drive/MyDrive/MMVQA_Clinical/curated/phase2/temporal_frames/7a47e8eacea04e64/frame_00051289.jpg,curated/phase2/temporal_frames/7a47e8eacea04e64/frame_00051289.jpg,True,3ccaed4346023eab8f5232a152cb47c647de55bbf6c899c3461bce9e6e2620bf,336,336,\N
/content/drive/MyDrive/MMVQA_Clinical/curated/phase2/temporal_frames/7a47e8eacea04e64/frame_00051332.jpg,curated/phase2/temporal_frames/7a47e8eacea04e64/frame_00051332.jpg,True,803fd4aaa06b0155ffcf2e81aca5a486192e08801112a0a8064890b2e7a76e0a,336,336,\N
/content/drive/MyDrive/MMVQA_Clinical/curated/phase2/temporal_frames/7a47e8eacea04e64/frame_00051346.jpg,curated/phase2/temporal_frames/7a47e8eacea04e64/frame_00051346.jpg,True,6f889d8765121f0ddcb779446ca0214fedb8de1b5618a54607070d9e9951d0ca,336,336,\N
/content/drive/MyDrive/MMVQA_Clinical/curated/phase2/temporal_frames/7a47e8eacea04e64/frame_00051349.jpg,curated/phase2/temporal_frames/7a47e8eacea04e64/frame_00051349.jpg,True,208d477b997cdf6df740a662746f57fa7c4077e3901ad79e51ad6c706a5ee91c,336,336,\N
/content/drive/MyDrive/MMVQA_Clinical/curated/phase2/temporal_frames/7a47e8eacea04e64/frame_00051362.jpg,curated/phase2/temporal_frames/7a47e8eacea04e64/frame_00051362.jpg,True,96311db82bae28a1533056b7c6169027b3c57df279adca344e4f1ed4ae4ae958,336,336,\N
/content/drive/MyDrive/MMVQA_Clinical/curated/phase2/temporal_frames/7a47e8eacea04e64/frame_00051379.jpg,curated/phase2/temporal_frames/7a47e8eacea04e64/frame_00051379.jpg,True,3105d90482b436d74b9465c421a55351eb151e5b6563384b36032dab0bc79297,336,336,\N
/content/drive/MyDrive/MMVQA_Clinical/curated/phase2/temporal_frames/7a47e8eacea04e64/frame_00051562.jpg,curated/phase2/temporal_frames/7a47e8eacea04e64/frame_00051562.jpg,True,bff517018bb0d0a6fcd1200b0b025c0a9fe278c56a71b13195ed5443294c2e97,336,336,\N
/content/drive/MyDrive/MMVQA_Clinical/curated/phase2/temporal_frames/7a47e8eacea04e64/frame_00051592.jpg,curated/phase2/temporal_frames/7a47e8eacea04e64/frame_00051592.jpg,True,4c043dc1e28e0af18d6ab5d673ef67670cf4043210ead7d825e65a0c6498a29d,336,336,\N
/content/drive/MyDrive/MMVQA_Clinical/curated/phase2/temporal_frames/7a47e8eacea04e64/frame_00051652.jpg,curated/phase2/temporal_frames/7a47e8eacea04e64/frame_00051652.jpg,True,a2fa81fccc4a33a00349631bac590dba3be0c3d74d3553440718de644fe51ee0,336,336,\N
/content/drive/MyDrive/MMVQA_Clinical/curated/phase2/temporal_frames/7a47e8eacea04e64/frame_00051682.jpg,curated/phase2/temporal_frames/7a47e8eacea04e64/frame_00051682.jpg,True,1def7a5e6b00e6c5579b245c044a24203b03648a5d6127df5f349e79f7755a2c,336,336,\N
/content/drive/MyDrive/MMVQA_Clinical/curated/phase2/temporal_frames/7a47e8eacea04e64/frame_00051921.jpg,curated/phase2/temporal_frames/7a47e8eacea04e64/frame_00051921.jpg,True,0ab91758180f122f396b9564064fa0d4b353cef421150c9b97eef92353fd0e99,336,336,\N
/content/drive/MyDrive/MMVQA_Clinical/curated/phase2/temporal_frames/7a47e8eacea04e64/frame_00051951.jpg,curated/phase2/temporal_frames/7a47e8eacea04e64/frame_00051951.jpg,True,cd3f3a37848ab8f6d4f25beeabf3fccdbfed826fc991ff44e8e89345dcbacad7,336,336,\N
/content/drive/MyDrive/MMVQA_Clinical/curated/phase2/temporal_frames/7a47e8eacea04e64/frame_00051953.jpg,curated/phase2/temporal_frames/7a47e8eacea04e64/frame_00051953.jpg,True,74838cb334f02153fdac7e27738b2e8094fac68136f50ffc50ab36bdee715e66,336,336,\N
/content/drive/MyDrive/MMVQA_Clinical/curated/phase2/temporal_frames/7a47e8eacea04e64/frame_00052041.jpg,curated/phase2/temporal_frames/7a47e8eacea04e64/frame_00052041.jpg,True,d7eb146aa872290358e7280aea22bc1ebf972504313c2cb07f107b103f25631f,336,336,\N
/content/drive/MyDrive/MMVQA_Clinical/curated/phase2/temporal_frames/7a47e8eacea04e64/frame_00052043.jpg,curated/phase2/temporal_frames/7a47e8eacea04e64/frame_00052043.jpg,True,a7ab167dc22bc8b84effb3cc4fc2aed06fc1def7e8ffd67b1834d4ccad5ea5b0,336,336,\N
/content/drive/MyDrive/MMVQA_Clinical/curated/phase2/temporal_frames/7a47e8eacea04e64/frame_00052073.jpg,curated/phase2/temporal_frames/7a47e8eacea04e64/frame_00052073.jpg,True,1a2bb729f77953b8a2a1fa025d71914c3360c12a62995ad124779c4a60071594,336,336,\N
/content/drive/MyDrive/MMVQA_Clinical/curated/phase2/temporal_frames/7a47e8eacea04e64/frame_00052099.jpg,curated/phase2/temporal_frames/7a47e8eacea04e64/frame_00052099.jpg,True,a7a87a39c225492917327c6cea8d1691268ae433262abc8ae21f021d5ce1444c,336,336,\N
/content/drive/MyDrive/MMVQA_Clinical/curated/phase2/temporal_frames/7a47e8eacea04e64/frame_00052129.jpg,curated/phase2/temporal_frames/7a47e8eacea04e64/frame_00052129.jpg,True,5063f95ae9fb525da0df123428f09e7c4b7d1aac6fbaaa926aea78ee84030215,336,336,\N
/content/drive/MyDrive/MMVQA_Clinical/curated/phase2/temporal_frames/7a47e8eacea04e64/frame_00052189.jpg,curated/phase2/temporal_frames/7a47e8eacea04e64/frame_00052189.jpg,True,7e3334728ee0e442c2e7e19d7425045b8388477678a4d0f9b3c039b17697dff3,336,336,\N
/content/drive/MyDrive/MMVQA_Clinical/curated/phase2/temporal_frames/7a47e8eacea04e64/frame_00052219.jpg,curated/phase2/temporal_frames/7a47e8eacea04e64/frame_00052219.jpg,True,fa563adfe69ba173dd94467097634ac8eead21f5872edf5e5192c204bdcc710e,336,336,\N
/content/drive/MyDrive/MMVQA_Clinical/curated/phase2/temporal_frames/7a47e8eacea04e64/frame_00052220.jpg,curated/phase2/temporal_frames/7a47e8eacea04e64/frame_00052220.jpg,True,dce0de94fb080ff47be6e23b859ba81100dcf6ef9cf9b3a773f583da421fd4e2,336,336,\N
/content/drive/MyDrive/MMVQA_Clinical/curated/phase2/temporal_frames/7a47e8eacea04e64/frame_00052250.jpg,curated/phase2/temporal_frames/7a47e8eacea04e64/frame_00052250.jpg,True,4af41404d65e2a1a84387f3604157de3518c0c5efd9eb3b4754d00b942b59ac9,336,336,\N
/content/drive/MyDrive/MMVQA_Clinical/curated/phase2/temporal_frames/7a47e8eacea04e64/frame_00052310.jpg,curated/phase2/temporal_frames/7a47e8eacea04e64/frame_00052310.jpg,True,fc7854ef6c191c8116877838617e0f638e1915b3086a0aaf362a061e4b0beb7a,336,336,\N
/content/drive/MyDrive/MMVQA_Clinical/curated/phase2/temporal_frames/7a47e8eacea04e64/frame_00052319.jpg,curated/phase2/temporal_frames/7a47e8eacea04e64/frame_00052319.jpg,True,51081573cd02c66825b3af6cfb9ab68ec6549b3a451f0f60be6e00db14cbee25,336,336,\N
/content/drive/MyDrive/MMVQA_Clinical/curated/phase2/temporal_frames/7a47e8eacea04e64/frame_00052340.jpg,curated/phase2/temporal_frames/7a47e8eacea04e64/frame_00052340.jpg,True,43f11ba0c46f5e0b347963c044227c9989f9b069dc4414b4abce96e7998cb47b,336,336,\N
/content/drive/MyDrive/MMVQA_Clinical/curated/phase2/temporal_frames/7a47e8eacea04e64/frame_00052349.jpg,curated/phase2/temporal_frames/7a47e8eacea04e64/frame_00052349.jpg,True,a4a0e91218407e69ae1d63746253bc9760881f60b9631b1470ad511cfbb317c3,336,336,\N
/content/drive/MyDrive/MMVQA_Clinical/curated/phase2/temporal_frames/7a47e8eacea04e64/frame_00052409.jpg,curated/phase2/temporal_frames/7a47e8eacea04e64/frame_00052409.jpg,True,75e1b603bb2f1b4fd63a6157dce39ede09cef7d30f87d3db496523ee0cf7af85,336,336,\N
/content/drive/MyDrive/MMVQA_Clinical/curated/phase2/temporal_frames/7a47e8eacea04e64/frame_00052439.jpg,curated/phase2/temporal_frames/7a47e8eacea04e64/frame_00052439.jpg,True,b5b75b94df7fa6ffc27f4e343b9f53b3a1856abf7b02f8864cdb34750d64a63c,336,336,\N
/content/drive/MyDrive/MMVQA_Clinical/curated/phase2/temporal_frames/7ad22d50ebaf4596/frame_00002774.jpg,curated/phase2/temporal_frames/7ad22d50ebaf4596/frame_00002774.jpg,True,5280347d04f0858d3528c26383526c6f76d64292eed765b23f2d169b6da15d6f,336,336,\N
/content/drive/MyDrive/MMVQA_Clinical/curated/phase2/temporal_frames/7ad22d50ebaf4596/frame_00002804.jpg,curated/phase2/temporal_frames/7ad22d50ebaf4596/frame_00002804.jpg,True,4f941af4f7722741e86ee787a8e6ec128e37657f0e44df8e3b46dc50bbed2cdd,336,336,\N
/content/drive/MyDrive/MMVQA_Clinical/curated/phase2/temporal_frames/7ad22d50ebaf4596/frame_00002864.jpg,curated/phase2/temporal_frames/7ad22d50ebaf4596/frame_00002864.jpg,True,aeda4e8baa53a983cc000f7f16ca88277e00ff601f973cb5dd96316823d21249,336,336,\N
/content/drive/MyDrive/MMVQA_Clinical/curated/phase2/temporal_frames/7ad22d50ebaf4596/frame_00002894.jpg,curated/phase2/temporal_frames/7ad22d50ebaf4596/frame_00002894.jpg,True,d899d629db1474339c04bdd23814902f8d75e178a5906db8cdb6a1a7cf711281,336,336,\N
/content/drive/MyDrive/MMVQA_Clinical/curated/phase2/temporal_frames/7ad22d50ebaf4596/frame_00006721.jpg,curated/phase2/temporal_frames/7ad22d50ebaf4596/frame_00006721.jpg,True,5a6876b86622b0c34e1f19189a18599f8854951b99d8ea505f7617ddaab1e7df,336,336,\N
/content/drive/MyDrive/MMVQA_Clinical/curated/phase2/temporal_frames/7ad22d50ebaf4596/frame_00006841.jpg,curated/phase2/temporal_frames/7ad22d50ebaf4596/frame_00006841.jpg,True,5f94512ea2588c8a6b5ee909ece4d8e2fb33c222c890dc4d1b5fcd2c0267b486,336,336,\N
/content/drive/MyDrive/MMVQA_Clinical/curated/phase2/temporal_frames/7ad22d50ebaf4596/frame_00010374.jpg,curated/phase2/temporal_frames/7ad22d50ebaf4596/frame_00010374.jpg,True,5899c472d31694ce91a9d3ea1b67e7afeb69c8a0d234a1782f3b9a0805a058a9,336,336,\N
/content/drive/MyDrive/MMVQA_Clinical/curated/phase2/temporal_frames/7ad22d50ebaf4596/frame_00010404.jpg,curated/phase2/temporal_frames/7ad22d50ebaf4596/frame_00010404.jpg,True,efa37488e5d87522e16dbfc3661fec894cd754b89644e3e048155ac2ad6d18d4,336,336,\N
/content/drive/MyDrive/MMVQA_Clinical/curated/phase2/temporal_frames/7ad22d50ebaf4596/frame_00010412.jpg,curated/phase2/temporal_frames/7ad22d50ebaf4596/frame_00010412.jpg,True,ac239bc4ac1558ba1b8d94c663c9d3bcc56ce46aa27e609e455132bce66b131d,336,336,\N
/content/drive/MyDrive/MMVQA_Clinical/curated/phase2/temporal_frames/7ad22d50ebaf4596/frame_00010494.jpg,curated/phase2/temporal_frames/7ad22d50ebaf4596/frame_00010494.jpg,True,b725a78735cb3e88001465fc80ffb285ac0e2ecc6e6ba1d56262dca92b38eb06,336,336,\N
/content/drive/MyDrive/MMVQA_Clinical/curated/phase2/temporal_frames/7ad22d50ebaf4596/frame_00010502.jpg,curated/phase2/temporal_frames/7ad22d50ebaf4596/frame_00010502.jpg,True,f6c08621ed8da18ea10a60449781ee8bfb53e709405dc4e3be5d23dbd0168664,336,336,\N
/content/drive/MyDrive/MMVQA_Clinical/curated/phase2/temporal_frames/7ad22d50ebaf4596/frame_00010511.jpg,curated/phase2/temporal_frames/7ad22d50ebaf4596/frame_00010511.jpg,True,247ca89eb5ced8007219156bd956d24b925c1bf223d0df4b2de19f19303b8466,336,336,\N
/content/drive/MyDrive/MMVQA_Clinical/curated/phase2/temporal_frames/7ad22d50ebaf4596/frame_00010532.jpg,curated/phase2/temporal_frames/7ad22d50ebaf4596/frame_00010532.jpg,True,edeb93b935b172b1b1c6429b602fb5020fec089cead80160da76ccdf294d8165,336,336,\N
/content/drive/MyDrive/MMVQA_Clinical/curated/phase2/temporal_frames/7ad22d50ebaf4596/frame_00010541.jpg,curated/phase2/temporal_frames/7ad22d50ebaf4596/frame_00010541.jpg,True,c34e1f30ab793acb0cd068f9689184e54f8f2d12a73dfee31445a79f559e6772,336,336,\N
/content/drive/MyDrive/MMVQA_Clinical/curated/phase2/temporal_frames/7ad22d50ebaf4596/frame_00010601.jpg,curated/phase2/temporal_frames/7ad22d50ebaf4596/frame_00010601.jpg,True,a99afe15fc8076cceee7a5f85bd671b069b0df1c92e863dabe760ce994730874,336,336,\N
/content/drive/MyDrive/MMVQA_Clinical/curated/phase2/temporal_frames/7ad22d50ebaf4596/frame_00010631.jpg,curated/phase2/temporal_frames/7ad22d50ebaf4596/frame_00010631.jpg,True,4b313ac6bb725cab4973c76975923d702ae178fb8bfe0a6129041a748fc4b8e1,336,336,\N
/content/drive/MyDrive/MMVQA_Clinical/curated/phase2/temporal_frames/7ad22d50ebaf4596/frame_00022756.jpg,curated/phase2/temporal_frames/7ad22d50ebaf4596/frame_00022756.jpg,True,86204c66d4d141c1ce0639aa459d4f4fc1788ee54a5b3d64c04efca3740d1618,336,336,\N
/content/drive/MyDrive/MMVQA_Clinical/curated/phase2/temporal_frames/7ad22d50ebaf4596/frame_00022776.jpg,curated/phase2/temporal_frames/7ad22d50ebaf4596/frame_00022776.jpg,True,5aeef9f9269e75f22e532545e5be5f2b1ba65177cd5ad4e40ba2322da8c8a0fb,336,336,\N
/content/drive/MyDrive/MMVQA_Clinical/curated/phase2/temporal_frames/7ad22d50ebaf4596/frame_00022786.jpg,curated/phase2/temporal_frames/7ad22d50ebaf4596/frame_00022786.jpg,True,70c620b0f68d51193f2dd9f6435330946597906fd72d82c73ff26909bf521ee5,336,336,\N
/content/drive/MyDrive/MMVQA_Clinical/curated/phase2/temporal_frames/7ad22d50ebaf4596/frame_00022790.jpg,curated/phase2/temporal_frames/7ad22d50ebaf4596/frame_00022790.jpg,True,3f879e7fe47be95f2dd04db334915a92b16907b06ef165bc7a0492644e71bc51,336,336,\N
/content/drive/MyDrive/MMVQA_Clinical/curated/phase2/temporal_frames/7ad22d50ebaf4596/frame_00022806.jpg,curated/phase2/temporal_frames/7ad22d50ebaf4596/frame_00022806.jpg,True,48b7230dd790d099a40ce56588a8eb58a4702cb41bc8f1bfcdea6fb6c84fd424,336,336,\N
/content/drive/MyDrive/MMVQA_Clinical/curated/phase2/temporal_frames/7ad22d50ebaf4596/frame_00022820.jpg,curated/phase2/temporal_frames/7ad22d50ebaf4596/frame_00022820.jpg,True,560f8ae268fb3bfcdb4268452d688c043b59f04ec7932dec8d57ab418640d9ef,336,336,\N
/content/drive/MyDrive/MMVQA_Clinical/curated/phase2/temporal_frames/7ad22d50ebaf4596/frame_00022866.jpg,curated/phase2/temporal_frames/7ad22d50ebaf4596/frame_00022866.jpg,True,3d5eaee24f4df293fdb1458b7599e7fa982a009f37ec18c714af7010701d32d0,336,336,\N
/content/drive/MyDrive/MMVQA_Clinical/curated/phase2/temporal_frames/7ad22d50ebaf4596/frame_00022876.jpg,curated/phase2/temporal_frames/7ad22d50ebaf4596/frame_00022876.jpg,True,4e6556e19315d4076427016f1786341224158e24dfe6cbc2e152fea837b3423e,336,336,\N
/content/drive/MyDrive/MMVQA_Clinical/curated/phase2/temporal_frames/7ad22d50ebaf4596/frame_00022880.jpg,curated/phase2/temporal_frames/7ad22d50ebaf4596/frame_00022880.jpg,True,4c946167a414fafe5f92e3b4e7467b0e4d2036cc90ee34b3dd23632057f12e60,336,336,\N
/content/drive/MyDrive/MMVQA_Clinical/curated/phase2/temporal_frames/7ad22d50ebaf4596/frame_00022896.jpg,curated/phase2/temporal_frames/7ad22d50ebaf4596/frame_00022896.jpg,True,c35a1b6998293a9dcf9c4cbc8b6bfd479732754e5cf3699f9646e77130146c44,336,336,\N
/content/drive/MyDrive/MMVQA_Clinical/curated/phase2/temporal_frames/7ad22d50ebaf4596/frame_00022910.jpg,curated/phase2/temporal_frames/7ad22d50ebaf4596/frame_00022910.jpg,True,0b2a2ec3498a9ab93d9e020932e474474e14a1dccdb80183fb321c5d1bfc1d78,336,336,\N
/content/drive/MyDrive/MMVQA_Clinical/curated/phase2/temporal_frames/7ad22d50ebaf4596/frame_00026998.jpg,curated/phase2/temporal_frames/7ad22d50ebaf4596/frame_00026998.jpg,True,89abd0d1450f84ba1f0951e43d6392f69573db110de9fd9808b7c1d6702ac062,336,336,\N
/content/drive/MyDrive/MMVQA_Clinical/curated/phase2/temporal_frames/7ad22d50ebaf4596/frame_00027028.jpg,curated/phase2/temporal_frames/7ad22d50ebaf4596/frame_00027028.jpg,True,fd66f3a0e12114fbca39383607b884fdcb42dfc5fe8a3e592b027e96ce083704,336,336,\N
/content/drive/MyDrive/MMVQA_Clinical/curated/phase2/temporal_frames/7ad22d50ebaf4596/frame_00027088.jpg,curated/phase2/temporal_frames/7ad22d50ebaf4596/frame_00027088.jpg,True,89bd5cb5621d0cbcdfbbdd1a54dfddb14d738a403640fb58e315e06b92be2905,336,336,\N
/content/drive/MyDrive/MMVQA_Clinical/curated/phase2/temporal_frames/7ad22d50ebaf4596/frame_00027118.jpg,curated/phase2/temporal_frames/7ad22d50ebaf4596/frame_00027118.jpg,True,b1b06085da6aa8ef60341e50fdbe28a7d7c6e8b57fa72477aae0accb5999fc67,336,336,\N
/content/drive/MyDrive/MMVQA_Clinical/curated/phase2/temporal_frames/7ad22d50ebaf4596/frame_00027161.jpg,curated/phase2/temporal_frames/7ad22d50ebaf4596/frame_00027161.jpg,True,ef95ff50961d521d95c4791e504eb55b59ce4e0b7e1364dd8acd939c92d11642,336,336,\N
/content/drive/MyDrive/MMVQA_Clinical/curated/phase2/temporal_frames/7ad22d50ebaf4596/frame_00027178.jpg,curated/phase2/temporal_frames/7ad22d50ebaf4596/frame_00027178.jpg,True,3cd26b925222ada0355cc9034d3c10e9f1e6ce5e985e4258ebd20370f2c12fef,336,336,\N
/content/drive/MyDrive/MMVQA_Clinical/curated/phase2/temporal_frames/7ad22d50ebaf4596/frame_00027191.jpg,curated/phase2/temporal_frames/7ad22d50ebaf4596/frame_00027191.jpg,True,51748e3d363d9efed256f255217ebc3846307caa8ae8db18e4996a6d8d7105eb,336,336,\N
/content/drive/MyDrive/MMVQA_Clinical/curated/phase2/temporal_frames/7ad22d50ebaf4596/frame_00027208.jpg,curated/phase2/temporal_frames/7ad22d50ebaf4596/frame_00027208.jpg,True,0f141b15deeddfe2a87fc4901ecedeec912535286e3ad9814a6c236f299fdda3,336,336,\N
/content/drive/MyDrive/MMVQA_Clinical/curated/phase2/temporal_frames/7ad22d50ebaf4596/frame_00027211.jpg,curated/phase2/temporal_frames/7ad22d50ebaf4596/frame_00027211.jpg,True,cedd31b20a450b291335ea708fe520bbf5b926d84113dc3cf540da0cd8c66bf8,336,336,\N
/content/drive/MyDrive/MMVQA_Clinical/curated/phase2/temporal_frames/7ad22d50ebaf4596/frame_00027228.jpg,curated/phase2/temporal_frames/7ad22d50ebaf4596/frame_00027228.jpg,True,130acd27b787fb40dfaef60d1521a31c6705bd3f0fde8f08e0bc973589a398d3,336,336,\N
/content/drive/MyDrive/MMVQA_Clinical/curated/phase2/temporal_frames/7ad22d50ebaf4596/frame_00027234.jpg,curated/phase2/temporal_frames/7ad22d50ebaf4596/frame_00027234.jpg,True,348e6ae25a1c1fa52b552595c05540d94b6a36143efc3df569b82aa0a69a4e06,336,336,\N
/content/drive/MyDrive/MMVQA_Clinical/curated/phase2/temporal_frames/7ad22d50ebaf4596/frame_00027241.jpg,curated/phase2/temporal_frames/7ad22d50ebaf4596/frame_00027241.jpg,True,6de7ddfea04463ec3baa1fd2fc8774958fbbc590cc359bebbce0acae1846cd59,336,336,\N
/content/drive/MyDrive/MMVQA_Clinical/curated/phase2/temporal_frames/7ad22d50ebaf4596/frame_00027251.jpg,curated/phase2/temporal_frames/7ad22d50ebaf4596/frame_00027251.jpg,True,56b8e3715a1925e834af3e6505ad7ecc1716d5ad235b05379aedf386338f2428,336,336,\N
/content/drive/MyDrive/MMVQA_Clinical/curated/phase2/temporal_frames/7ad22d50ebaf4596/frame_00027258.jpg,curated/phase2/temporal_frames/7ad22d50ebaf4596/frame_00027258.jpg,True,2cc1503667af01f95807675bb8bdc0d9e84826a805dbb9f97a1bf069c53b168a,336,336,\N
/content/drive/MyDrive/MMVQA_Clinical/curated/phase2/temporal_frames/7ad22d50ebaf4596/frame_00027298.jpg,curated/phase2/temporal_frames/7ad22d50ebaf4596/frame_00027298.jpg,True,12eef286702075c04906fa9309fd1d1c7a0dce256b49a33bfa58b59c207f76d0,336,336,\N
/content/drive/MyDrive/MMVQA_Clinical/curated/phase2/temporal_frames/7ad22d50ebaf4596/frame_00027301.jpg,curated/phase2/temporal_frames/7ad22d50ebaf4596/frame_00027301.jpg,True,384db958cf305ca3f62b1b881e40b0a2e1fd6ebcc216be1c597c7293caa7e7f8,336,336,\N
/content/drive/MyDrive/MMVQA_Clinical/curated/phase2/temporal_frames/7ad22d50ebaf4596/frame_00027318.jpg,curated/phase2/temporal_frames/7ad22d50ebaf4596/frame_00027318.jpg,True,e66cd0001df2adf9a2878a165284a94708815a0195803860730be9120fb7f339,336,336,\N
/content/drive/MyDrive/MMVQA_Clinical/curated/phase2/temporal_frames/7ad22d50ebaf4596/frame_00027324.jpg,curated/phase2/temporal_frames/7ad22d50ebaf4596/frame_00027324.jpg,True,c1435d86bfccd65f42872e8a677e9c720c5a2b4dda8e1cbfdf529fcacc0ae727,336,336,\N
/content/drive/MyDrive/MMVQA_Clinical/curated/phase2/temporal_frames/7ad22d50ebaf4596/frame_00027327.jpg,curated/phase2/temporal_frames/7ad22d50ebaf4596/frame_00027327.jpg,True,079fc5659bdc28be53a8049cb39852a73628728a5156ccbe01d65eefc83bda84,336,336,\N
/content/drive/MyDrive/MMVQA_Clinical/curated/phase2/temporal_frames/7ad22d50ebaf4596/frame_00027331.jpg,curated/phase2/temporal_frames/7ad22d50ebaf4596/frame_00027331.jpg,True,d4b458702a1bfffdfbd6d58e51dca151a1f6cee42fa7f0ee163f022aed5f7494,336,336,\N
/content/drive/MyDrive/MMVQA_Clinical/curated/phase2/temporal_frames/7ad22d50ebaf4596/frame_00027348.jpg,curated/phase2/temporal_frames/7ad22d50ebaf4596/frame_00027348.jpg,True,cecaf2cfbb6836eefd24b8c5fa196430428828f2b4a75d0e5d700d9447c98578,336,336,\N
/content/drive/MyDrive/MMVQA_Clinical/curated/phase2/temporal_frames/7ad22d50ebaf4596/frame_00027354.jpg,curated/phase2/temporal_frames/7ad22d50ebaf4596/frame_00027354.jpg,True,8f43a34671b527d1a45e989a6824b79de725ce2715af1237496c473e90d4d55e,336,336,\N
/content/drive/MyDrive/MMVQA_Clinical/curated/phase2/temporal_frames/7ad22d50ebaf4596/frame_00027357.jpg,curated/phase2/temporal_frames/7ad22d50ebaf4596/frame_00027357.jpg,True,a44d774ef770e6eb3ccad7b49ec0f5579d6b2719ce1a145d77928d20556aeee0,336,336,\N
/content/drive/MyDrive/MMVQA_Clinical/curated/phase2/temporal_frames/7ad22d50ebaf4596/frame_00027374.jpg,curated/phase2/temporal_frames/7ad22d50ebaf4596/frame_00027374.jpg,True,62a9c00db72abd97d3e1037acf2e09ceabc6da99f706aa65b09eb84b942bc05d,336,336,\N
/content/drive/MyDrive/MMVQA_Clinical/curated/phase2/temporal_frames/7ad22d50ebaf4596/frame_00027390.jpg,curated/phase2/temporal_frames/7ad22d50ebaf4596/frame_00027390.jpg,True,de5cb30e64583fc18d21c0e6b2f071cf98f9151054e314a74e1da4d068cabb54,336,336,\N
/content/drive/MyDrive/MMVQA_Clinical/curated/phase2/temporal_frames/7ad22d50ebaf4596/frame_00027404.jpg,curated/phase2/temporal_frames/7ad22d50ebaf4596/frame_00027404.jpg,True,13f36584314118eb3b8bc1e45127ea91534d4c520288976bbffbd187f591e8c3,336,336,\N
/content/drive/MyDrive/MMVQA_Clinical/curated/phase2/temporal_frames/7ad22d50ebaf4596/frame_00027420.jpg,curated/phase2/temporal_frames/7ad22d50ebaf4596/frame_00027420.jpg,True,6876d203dc0a6ca574dcd55c1d98df351b52f08b8ba5d74860d7f66e6ed84a7c,336,336,\N
/content/drive/MyDrive/MMVQA_Clinical/curated/phase2/temporal_frames/7ad22d50ebaf4596/frame_00027430.jpg,curated/phase2/temporal_frames/7ad22d50ebaf4596/frame_00027430.jpg,True,ad0923e6bee2d813f7b2aec827c565ef595d8c69573b1d46c4301ed434b35812,336,336,\N
/content/drive/MyDrive/MMVQA_Clinical/curated/phase2/temporal_frames/7ad22d50ebaf4596/frame_00027455.jpg,curated/phase2/temporal_frames/7ad22d50ebaf4596/frame_00027455.jpg,True,5c7d097602a69532a0149875fc25960d0d99bfff7744be4e5467c4736a778c9e,336,336,\N
/content/drive/MyDrive/MMVQA_Clinical/curated/phase2/temporal_frames/7ad22d50ebaf4596/frame_00027460.jpg,curated/phase2/temporal_frames/7ad22d50ebaf4596/frame_00027460.jpg,True,0488d9a8e37a4d9f0194662ef38961709c9c0a4f2f65f05c4ef7b8daf3d8e78c,336,336,\N
/content/drive/MyDrive/MMVQA_Clinical/curated/phase2/temporal_frames/7ad22d50ebaf4596/frame_00027464.jpg,curated/phase2/temporal_frames/7ad22d50ebaf4596/frame_00027464.jpg,True,40d98b609d45529a4c38819e2539eae200ea395cd935ebe9754f33255dda0707,336,336,\N
/content/drive/MyDrive/MMVQA_Clinical/curated/phase2/temporal_frames/7ad22d50ebaf4596/frame_00027510.jpg,curated/phase2/temporal_frames/7ad22d50ebaf4596/frame_00027510.jpg,True,fef1964f9c98624d21c8e01797d041d2145d22a8272f2478db7399f9975064a4,336,336,\N
/content/drive/MyDrive/MMVQA_Clinical/curated/phase2/temporal_frames/7ad22d50ebaf4596/frame_00027520.jpg,curated/phase2/temporal_frames/7ad22d50ebaf4596/frame_00027520.jpg,True,63b6b02224207bd26e6932cd83de8b2c53fbf77a439d40a09f4cd4bc9735ac56,336,336,\N
/content/drive/MyDrive/MMVQA_Clinical/curated/phase2/temporal_frames/7ad22d50ebaf4596/frame_00027535.jpg,curated/phase2/temporal_frames/7ad22d50ebaf4596/frame_00027535.jpg,True,9a3cd449e76c427a37c8956c32ed0d636e3c783ab0845c41536abc3d98eb7b7b,336,336,\N
/content/drive/MyDrive/MMVQA_Clinical/curated/phase2/temporal_frames/7ad22d50ebaf4596/frame_00027545.jpg,curated/phase2/temporal_frames/7ad22d50ebaf4596/frame_00027545.jpg,True,06ea88dd68fc4415780e2ea1d4273fdcfd12d7f42366766aa54228a5c7c5a84a,336,336,\N
/content/drive/MyDrive/MMVQA_Clinical/curated/phase2/temporal_frames/7ad22d50ebaf4596/frame_00027550.jpg,curated/phase2/temporal_frames/7ad22d50ebaf4596/frame_00027550.jpg,True,ff7caf6d3eb9dfae8c4e7e0dc7e4618f4f8550206813aee11a08686d526d12a1,336,336,\N
/content/drive/MyDrive/MMVQA_Clinical/curated/phase2/temporal_frames/7ad22d50ebaf4596/frame_00027551.jpg,curated/phase2/temporal_frames/7ad22d50ebaf4596/frame_00027551.jpg,True,60906a55ed1cbdcb41740eecfe997f33b80e379542db9241bbfb1a071aecd14a,336,336,\N
/content/drive/MyDrive/MMVQA_Clinical/curated/phase2/temporal_frames/7ad22d50ebaf4596/frame_00027554.jpg,curated/phase2/temporal_frames/7ad22d50ebaf4596/frame_00027554.jpg,True,fb73df564453d7df7888d83a298890b554f1fc71c3a9f103e82834798cdcf67a,336,336,\N
/content/drive/MyDrive/MMVQA_Clinical/curated/phase2/temporal_frames/7ad22d50ebaf4596/frame_00027556.jpg,curated/phase2/temporal_frames/7ad22d50ebaf4596/frame_00027556.jpg,True,1d998d5ea8a7780edbad78e124203d38196f4edad6e97b8ce868d9933031474d,336,336,\N
/content/drive/MyDrive/MMVQA_Clinical/curated/phase2/temporal_frames/7ad22d50ebaf4596/frame_00027565.jpg,curated/phase2/temporal_frames/7ad22d50ebaf4596/frame_00027565.jpg,True,2de97850a152dc01ca05d5b365906e7a870070cac4816950d49493881a60b527,336,336,\N
/content/drive/MyDrive/MMVQA_Clinical/curated/phase2/temporal_frames/7ad22d50ebaf4596/frame_00027571.jpg,curated/phase2/temporal_frames/7ad22d50ebaf4596/frame_00027571.jpg,True,534ab485b0aab80c9e1e35fae0326d8207497a5cdfd8906b0f44439740faa8e7,336,336,\N
/content/drive/MyDrive/MMVQA_Clinical/curated/phase2/temporal_frames/7ad22d50ebaf4596/frame_00027575.jpg,curated/phase2/temporal_frames/7ad22d50ebaf4596/frame_00027575.jpg,True,f46d39ee0c2d1d22662648a9806f894cf552cd94dab029ccb0f6d1a459ebe025,336,336,\N
/content/drive/MyDrive/MMVQA_Clinical/curated/phase2/temporal_frames/7ad22d50ebaf4596/frame_00027581.jpg,curated/phase2/temporal_frames/7ad22d50ebaf4596/frame_00027581.jpg,True,1a2e0385d6e4a867feba972816cc760bc46369e7008a44aa8625b8f639598efe,336,336,\N
/content/drive/MyDrive/MMVQA_Clinical/curated/phase2/temporal_frames/7ad22d50ebaf4596/frame_00027584.jpg,curated/phase2/temporal_frames/7ad22d50ebaf4596/frame_00027584.jpg,True,2fe6697c26ab4fc29109776341c31e02a089bfcd5f37d79713102c436d8bdeb8,336,336,\N
/content/drive/MyDrive/MMVQA_Clinical/curated/phase2/temporal_frames/7ad22d50ebaf4596/frame_00027586.jpg,curated/phase2/temporal_frames/7ad22d50ebaf4596/frame_00027586.jpg,True,bf20c0392ace4deb633f4021c07958ff56ad2cf20af098fc93973fb506c79726,336,336,\N
/content/drive/MyDrive/MMVQA_Clinical/curated/phase2/temporal_frames/7ad22d50ebaf4596/frame_00027601.jpg,curated/phase2/temporal_frames/7ad22d50ebaf4596/frame_00027601.jpg,True,9d07fab59d26d751dac015116c62774b2c3ff1548dc92190587f7b835a317cdf,336,336,\N
/content/drive/MyDrive/MMVQA_Clinical/curated/phase2/temporal_frames/7ad22d50ebaf4596/frame_00027625.jpg,curated/phase2/temporal_frames/7ad22d50ebaf4596/frame_00027625.jpg,True,9780e702fbd307c02d0d7eee2451c79bebab38c2f369c2d4792accebc17a7cd3,336,336,\N
/content/drive/MyDrive/MMVQA_Clinical/curated/phase2/temporal_frames/7ad22d50ebaf4596/frame_00027641.jpg,curated/phase2/temporal_frames/7ad22d50ebaf4596/frame_00027641.jpg,True,54d44476a225f50261bcf8984f7a56ada9087a3323a096b6b326f8e166115fef,336,336,\N
/content/drive/MyDrive/MMVQA_Clinical/curated/phase2/temporal_frames/7ad22d50ebaf4596/frame_00027646.jpg,curated/phase2/temporal_frames/7ad22d50ebaf4596/frame_00027646.jpg,True,f1893efd7f037137aced58cc90b1279e3694f9beadc15ea659a3e54fb2b20418,336,336,\N
/content/drive/MyDrive/MMVQA_Clinical/curated/phase2/temporal_frames/7ad22d50ebaf4596/frame_00027655.jpg,curated/phase2/temporal_frames/7ad22d50ebaf4596/frame_00027655.jpg,True,5793afdb3a048cb239016e348bbf1c5388426072d3095044f76b0031df90a5b4,336,336,\N
/content/drive/MyDrive/MMVQA_Clinical/curated/phase2/temporal_frames/7ad22d50ebaf4596/frame_00027661.jpg,curated/phase2/temporal_frames/7ad22d50ebaf4596/frame_00027661.jpg,True,07ee36c2140c5894ddff7db06dbcbb56eb7c50c2612d0969c8e9fa0a1e31a690,336,336,\N
/content/drive/MyDrive/MMVQA_Clinical/curated/phase2/temporal_frames/7ad22d50ebaf4596/frame_00027671.jpg,curated/phase2/temporal_frames/7ad22d50ebaf4596/frame_00027671.jpg,True,d5de2e537bfebfacfa4cb3a5bd74cd10332a4264595dd29404df8333475843a9,336,336,\N
/content/drive/MyDrive/MMVQA_Clinical/curated/phase2/temporal_frames/7ad22d50ebaf4596/frame_00027676.jpg,curated/phase2/temporal_frames/7ad22d50ebaf4596/frame_00027676.jpg,True,790eafca247aaa3031418ed09a1fafbfc2c9a9cbaaf5168ff91445dd6316ae02,336,336,\N
/content/drive/MyDrive/MMVQA_Clinical/curated/phase2/temporal_frames/7ad22d50ebaf4596/frame_00027691.jpg,curated/phase2/temporal_frames/7ad22d50ebaf4596/frame_00027691.jpg,True,30145c3d37e1ffacfc8d98128f22988b200c8948cd49dca8ddf8f7315f3dca71,336,336,\N
/content/drive/MyDrive/MMVQA_Clinical/curated/phase2/temporal_frames/7ad22d50ebaf4596/frame_00028887.jpg,curated/phase2/temporal_frames/7ad22d50ebaf4596/frame_00028887.jpg,True,b77ce5612d404a69af6dd8efdba3508f40526e1fce6498c25b7899dfde05958c,336,336,\N
/content/drive/MyDrive/MMVQA_Clinical/curated/phase2/temporal_frames/7ad22d50ebaf4596/frame_00028900.jpg,curated/phase2/temporal_frames/7ad22d50ebaf4596/frame_00028900.jpg,True,33d4e105ed14ebdc91c6c93024d80ab0947daa278144b76d7bfac420325cf5bd,336,336,\N
/content/drive/MyDrive/MMVQA_Clinical/curated/phase2/temporal_frames/7ad22d50ebaf4596/frame_00028917.jpg,curated/phase2/temporal_frames/7ad22d50ebaf4596/frame_00028917.jpg,True,8c05304a8f78000d5627260ae608218b29c6047962fd874b5d22e02838ef2f81,336,336,\N
/content/drive/MyDrive/MMVQA_Clinical/curated/phase2/temporal_frames/7ad22d50ebaf4596/frame_00028930.jpg,curated/phase2/temporal_frames/7ad22d50ebaf4596/frame_00028930.jpg,True,5236259b9fb96c91f0d971908c0b719aa9da0a8230aaaf2cd0d9b8ed1eb7c6fc,336,336,\N
/content/drive/MyDrive/MMVQA_Clinical/curated/phase2/temporal_frames/7ad22d50ebaf4596/frame_00028977.jpg,curated/phase2/temporal_frames/7ad22d50ebaf4596/frame_00028977.jpg,True,9b8ade7f8b60b42426288964f81f3019ddc12b66ecbe7180bc05a18accf79030,336,336,\N
/content/drive/MyDrive/MMVQA_Clinical/curated/phase2/temporal_frames/7ad22d50ebaf4596/frame_00028990.jpg,curated/phase2/temporal_frames/7ad22d50ebaf4596/frame_00028990.jpg,True,3fddf8b9b0d6d474770cf293d4a58cc0504c1b9d502537876436b84a03b7f017,336,336,\N
/content/drive/MyDrive/MMVQA_Clinical/curated/phase2/temporal_frames/7ad22d50ebaf4596/frame_00029007.jpg,curated/phase2/temporal_frames/7ad22d50ebaf4596/frame_00029007.jpg,True,aeb29b2056d9089458499fb414eae93b1ffec8c6275bbeecfe98eaaa2a0cb2a8,336,336,\N
/content/drive/MyDrive/MMVQA_Clinical/curated/phase2/temporal_frames/7ad22d50ebaf4596/frame_00029020.jpg,curated/phase2/temporal_frames/7ad22d50ebaf4596/frame_00029020.jpg,True,4bc1bc13f4dbe74ef856ea630ba51fa2b608efb171f78985c4eccb6e9f4d3dc6,336,336,\N
/content/drive/MyDrive/MMVQA_Clinical/curated/phase2/temporal_frames/7ad22d50ebaf4596/frame_00029051.jpg,curated/phase2/temporal_frames/7ad22d50ebaf4596/frame_00029051.jpg,True,bc34603fd5c075149d42f6f9b7054991b488666ca3a5ef8c45d71cbbda7e1bbc,336,336,\N
/content/drive/MyDrive/MMVQA_Clinical/curated/phase2/temporal_frames/7ad22d50ebaf4596/frame_00029081.jpg,curated/phase2/temporal_frames/7ad22d50ebaf4596/frame_00029081.jpg,True,2d5734c43e114b83e69c6778c0a0d59ab78ade0f810163568496dbc0c8f75628,336,336,\N
/content/drive/MyDrive/MMVQA_Clinical/curated/phase2/temporal_frames/7ad22d50ebaf4596/frame_00029128.jpg,curated/phase2/temporal_frames/7ad22d50ebaf4596/frame_00029128.jpg,True,9b3e8fd5be13dbae2159e25e5af394c113bc20275593699815a03215675c338a,336,336,\N
/content/drive/MyDrive/MMVQA_Clinical/curated/phase2/temporal_frames/7ad22d50ebaf4596/frame_00029139.jpg,curated/phase2/temporal_frames/7ad22d50ebaf4596/frame_00029139.jpg,True,eed64cbc5d15f1042d84b4a312cf2cb9c0dbccac4bed68d3d4aa6329cd7f8cb5,336,336,\N
/content/drive/MyDrive/MMVQA_Clinical/curated/phase2/temporal_frames/7ad22d50ebaf4596/frame_00029141.jpg,curated/phase2/temporal_frames/7ad22d50ebaf4596/frame_00029141.jpg,True,38ad30d48ac93045a91523bf2422ad11418c9af914a532b8a2fb8c84011075a3,336,336,\N
/content/drive/MyDrive/MMVQA_Clinical/curated/phase2/temporal_frames/7ad22d50ebaf4596/frame_00029142.jpg,curated/phase2/temporal_frames/7ad22d50ebaf4596/frame_00029142.jpg,True,76860068fba87e697d214476d382f290ba978f671a29c7ebd59830dc18ca9774,336,336,\N
/content/drive/MyDrive/MMVQA_Clinical/curated/phase2/temporal_frames/7ad22d50ebaf4596/frame_00029158.jpg,curated/phase2/temporal_frames/7ad22d50ebaf4596/frame_00029158.jpg,True,d5dfe1670096269c7fba86b527151eb0cdb059244ffa9e2e79efa0f9b17800a2,336,336,\N
/content/drive/MyDrive/MMVQA_Clinical/curated/phase2/temporal_frames/7ad22d50ebaf4596/frame_00029165.jpg,curated/phase2/temporal_frames/7ad22d50ebaf4596/frame_00029165.jpg,True,5e8096d03df4f3c87edc891a60eb90bbee3ddd6a194f9aaa873a71f19ff06115,336,336,\N
/content/drive/MyDrive/MMVQA_Clinical/curated/phase2/temporal_frames/7ad22d50ebaf4596/frame_00029175.jpg,curated/phase2/temporal_frames/7ad22d50ebaf4596/frame_00029175.jpg,True,c8748397abc0fa4bbd5316db00de80407163ae9cd5f5dcfe9d63a93f3de89339,336,336,\N
/content/drive/MyDrive/MMVQA_Clinical/curated/phase2/temporal_frames/7ad22d50ebaf4596/frame_00029182.jpg,curated/phase2/temporal_frames/7ad22d50ebaf4596/frame_00029182.jpg,True,1fe52a5b503b1e285feaaeab6be493fa925d4ad9f4ddb3c7a0cd7d872e3b008c,336,336,\N
/content/drive/MyDrive/MMVQA_Clinical/curated/phase2/temporal_frames/7ad22d50ebaf4596/frame_00029194.jpg,curated/phase2/temporal_frames/7ad22d50ebaf4596/frame_00029194.jpg,True,d2b030d745d8084129fc0dd9538ef56d198a782e9c090bedf8c681ed838bc483,336,336,\N
/content/drive/MyDrive/MMVQA_Clinical/curated/phase2/temporal_frames/7ad22d50ebaf4596/frame_00029195.jpg,curated/phase2/temporal_frames/7ad22d50ebaf4596/frame_00029195.jpg,True,6b050ee5609120767afeb9bcce978085349c3490b842b1431841b2aaebad798b,336,336,\N
/content/drive/MyDrive/MMVQA_Clinical/curated/phase2/temporal_frames/7ad22d50ebaf4596/frame_00029202.jpg,curated/phase2/temporal_frames/7ad22d50ebaf4596/frame_00029202.jpg,True,c292ab530524eec78defb5c7c7acff5774b287f9e0368ccd6c71fb5605418cf4,336,336,\N
/content/drive/MyDrive/MMVQA_Clinical/curated/phase2/temporal_frames/7ad22d50ebaf4596/frame_00029205.jpg,curated/phase2/temporal_frames/7ad22d50ebaf4596/frame_00029205.jpg,True,f4c0986850c7f292b38a5aadd7ebdc5502165aa5b2b74b8f9087b8fb4a00db82,336,336,\N
/content/drive/MyDrive/MMVQA_Clinical/curated/phase2/temporal_frames/7ad22d50ebaf4596/frame_00029218.jpg,curated/phase2/temporal_frames/7ad22d50ebaf4596/frame_00029218.jpg,True,e1658d0ee5515ef5ac6f98f3b60c1b07131319c285a23ff3ea285c32db2b5638,336,336,\N
/content/drive/MyDrive/MMVQA_Clinical/curated/phase2/temporal_frames/7ad22d50ebaf4596/frame_00029229.jpg,curated/phase2/temporal_frames/7ad22d50ebaf4596/frame_00029229.jpg,True,be36e3152d2ffa62e081fedb6dc897bd8dfa18822814c3a1283e96cf2d549958,336,336,\N
/content/drive/MyDrive/MMVQA_Clinical/curated/phase2/temporal_frames/7ad22d50ebaf4596/frame_00029232.jpg,curated/phase2/temporal_frames/7ad22d50ebaf4596/frame_00029232.jpg,True,c9ecb72888ef77a15a6feea340a80b0bfe33bfa4c08509855ace1288368b097c,336,336,\N
/content/drive/MyDrive/MMVQA_Clinical/curated/phase2/temporal_frames/7ad22d50ebaf4596/frame_00029265.jpg,curated/phase2/temporal_frames/7ad22d50ebaf4596/frame_00029265.jpg,True,955cc5c40906c11c5e28534d8d8e914f94c78c8639326bc02ba452475ba6990e,336,336,\N
/content/drive/MyDrive/MMVQA_Clinical/curated/phase2/temporal_frames/7ad22d50ebaf4596/frame_00029272.jpg,curated/phase2/temporal_frames/7ad22d50ebaf4596/frame_00029272.jpg,True,c276cb8dc3d37c0647fb442cd9ba096f9b87f34a23203a62e032d3ac8d535bc7,336,336,\N
/content/drive/MyDrive/MMVQA_Clinical/curated/phase2/temporal_frames/7ad22d50ebaf4596/frame_00029284.jpg,curated/phase2/temporal_frames/7ad22d50ebaf4596/frame_00029284.jpg,True,a6629a07b751b3aa36358154179753d74243377276c8ceb49bf1fc168a7ec7a7,336,336,\N
/content/drive/MyDrive/MMVQA_Clinical/curated/phase2/temporal_frames/7ad22d50ebaf4596/frame_00029285.jpg,curated/phase2/temporal_frames/7ad22d50ebaf4596/frame_00029285.jpg,True,7e529d8fab24f0441f3ed53321a08ab2b7fb6fa00b29cac14803ae279d4710fb,336,336,\N
/content/drive/MyDrive/MMVQA_Clinical/curated/phase2/temporal_frames/7ad22d50ebaf4596/frame_00029295.jpg,curated/phase2/temporal_frames/7ad22d50ebaf4596/frame_00029295.jpg,True,e91c06f69661bc2ba8163b213e0824f5db4189d07faf5f53cbd745e2f63ccdbe,336,336,\N
/content/drive/MyDrive/MMVQA_Clinical/curated/phase2/temporal_frames/7ad22d50ebaf4596/frame_00029302.jpg,curated/phase2/temporal_frames/7ad22d50ebaf4596/frame_00029302.jpg,True,b89fec1a61689a4504243e6543453a75819a9fb2d0c72e1bc431f2efe3d9ef29,336,336,\N
/content/drive/MyDrive/MMVQA_Clinical/curated/phase2/temporal_frames/7ad22d50ebaf4596/frame_00029314.jpg,curated/phase2/temporal_frames/7ad22d50ebaf4596/frame_00029314.jpg,True,868a4c07ab4ecfc95d1ba268d4659bc23c2c73e336361f8d4edc669686148c8c,336,336,\N
/content/drive/MyDrive/MMVQA_Clinical/curated/phase2/temporal_frames/7ad22d50ebaf4596/frame_00031071.jpg,curated/phase2/temporal_frames/7ad22d50ebaf4596/frame_00031071.jpg,True,71afc443428ea9e17f9bc2bf118e242c2da332931f66587a0c4e79d720519d59,336,336,\N
/content/drive/MyDrive/MMVQA_Clinical/curated/phase2/temporal_frames/7ad22d50ebaf4596/frame_00031086.jpg,curated/phase2/temporal_frames/7ad22d50ebaf4596/frame_00031086.jpg,True,bc79c9d22dbf3f8217e473c086123ea73c253531bb08bf1dc15623784c9ba65f,336,336,\N
/content/drive/MyDrive/MMVQA_Clinical/curated/phase2/temporal_frames/7ad22d50ebaf4596/frame_00031101.jpg,curated/phase2/temporal_frames/7ad22d50ebaf4596/frame_00031101.jpg,True,de9b0fd61e1e0a2a358ed3724aaa5c24b759e31da9c7bc93c4147f36baac5b04,336,336,\N
/content/drive/MyDrive/MMVQA_Clinical/curated/phase2/temporal_frames/7ad22d50ebaf4596/frame_00031102.jpg,curated/phase2/temporal_frames/7ad22d50ebaf4596/frame_00031102.jpg,True,39174f2ac78b2bbed2797a12fd2b00ef52d6c4ffae22ab512db9dcd4f73d74a6,336,336,\N
/content/drive/MyDrive/MMVQA_Clinical/curated/phase2/temporal_frames/7ad22d50ebaf4596/frame_00031116.jpg,curated/phase2/temporal_frames/7ad22d50ebaf4596/frame_00031116.jpg,True,d49c7006c105071480327c5939d75ff1b29d5b7ed4fcb330f263f09e32fe912a,336,336,\N
/content/drive/MyDrive/MMVQA_Clinical/curated/phase2/temporal_frames/7ad22d50ebaf4596/frame_00031164.jpg,curated/phase2/temporal_frames/7ad22d50ebaf4596/frame_00031164.jpg,True,809c8df723067de9f2df4f9c0644afd49eaf0b034d7f7044334946afc4ce0e1e,336,336,\N
/content/drive/MyDrive/MMVQA_Clinical/curated/phase2/temporal_frames/7ad22d50ebaf4596/frame_00031222.jpg,curated/phase2/temporal_frames/7ad22d50ebaf4596/frame_00031222.jpg,True,da7d7dda7b1dd325ac22349f8ccbc3850f7b9d81c9ac3e680b5c14bc173b1d3a,336,336,\N
/content/drive/MyDrive/MMVQA_Clinical/curated/phase2/temporal_frames/7ad22d50ebaf4596/frame_00031224.jpg,curated/phase2/temporal_frames/7ad22d50ebaf4596/frame_00031224.jpg,True,b7424377780cf3af242fbbb6179d2b8711c7b7ce1db3bc9e1384f63e40345765,336,336,\N
/content/drive/MyDrive/MMVQA_Clinical/curated/phase2/temporal_frames/7ad22d50ebaf4596/frame_00031225.jpg,curated/phase2/temporal_frames/7ad22d50ebaf4596/frame_00031225.jpg,True,15a259fc922a577fdbd74715597df19c9c1fad9a9165778b28588f8a732cf84e,336,336,\N
/content/drive/MyDrive/MMVQA_Clinical/curated/phase2/temporal_frames/7ad22d50ebaf4596/frame_00031231.jpg,curated/phase2/temporal_frames/7ad22d50ebaf4596/frame_00031231.jpg,True,0e961158e66b9bd9130d6a5aeeac15b93c6adfbfaccb224ac3d1e6eceaba07ed,336,336,\N
/content/drive/MyDrive/MMVQA_Clinical/curated/phase2/temporal_frames/7ad22d50ebaf4596/frame_00031237.jpg,curated/phase2/temporal_frames/7ad22d50ebaf4596/frame_00031237.jpg,True,596466c9e7df7443be58258f385e9866c39fa20d7006df4e902b2afde1ed6fc1,336,336,\N
/content/drive/MyDrive/MMVQA_Clinical/curated/phase2/temporal_frames/7ad22d50ebaf4596/frame_00031249.jpg,curated/phase2/temporal_frames/7ad22d50ebaf4596/frame_00031249.jpg,True,6db4f1cb858a7adde838b1c92e51ba19a7f02849e99950eb739c33eb2c7fa6bb,336,336,\N
/content/drive/MyDrive/MMVQA_Clinical/curated/phase2/temporal_frames/7ad22d50ebaf4596/frame_00031261.jpg,curated/phase2/temporal_frames/7ad22d50ebaf4596/frame_00031261.jpg,True,66c4fb3ba081fa17fd30ffb51e9d32df11c348dd18d61f28db4effc88cbf6ab7,336,336,\N
/content/drive/MyDrive/MMVQA_Clinical/curated/phase2/temporal_frames/7ad22d50ebaf4596/frame_00031285.jpg,curated/phase2/temporal_frames/7ad22d50ebaf4596/frame_00031285.jpg,True,cf8e65244ae2015b391571a508edf01c35d4f4d44e08af69059d39d8ce8c083c,336,336,\N
/content/drive/MyDrive/MMVQA_Clinical/curated/phase2/temporal_frames/7ad22d50ebaf4596/frame_00031297.jpg,curated/phase2/temporal_frames/7ad22d50ebaf4596/frame_00031297.jpg,True,a1c65ddbee2014fa8e5e9821ad507942e55c3fccaea6b3fd1f0b04cff3484e7e,336,336,\N
/content/drive/MyDrive/MMVQA_Clinical/curated/phase2/temporal_frames/7ad22d50ebaf4596/frame_00031309.jpg,curated/phase2/temporal_frames/7ad22d50ebaf4596/frame_00031309.jpg,True,cdd54bd2b3a5fb9bca8a99062a57f13e4418903314bb9042dee96e9dd6a555d6,336,336,\N
/content/drive/MyDrive/MMVQA_Clinical/curated/phase2/temporal_frames/7ad22d50ebaf4596/frame_00031315.jpg,curated/phase2/temporal_frames/7ad22d50ebaf4596/frame_00031315.jpg,True,62596b9d053e83eda37f8ff3505aad88e73175ea455d44dac971f33d107601b6,336,336,\N
/content/drive/MyDrive/MMVQA_Clinical/curated/phase2/temporal_frames/7ad22d50ebaf4596/frame_00031321.jpg,curated/phase2/temporal_frames/7ad22d50ebaf4596/frame_00031321.jpg,True,e2f7adb491f4285e010cc7ad80267ef9acee129e4a32e573949fa0dd03266892,336,336,\N
/content/drive/MyDrive/MMVQA_Clinical/curated/phase2/temporal_frames/7ad22d50ebaf4596/frame_00031327.jpg,curated/phase2/temporal_frames/7ad22d50ebaf4596/frame_00031327.jpg,True,c115c33603e988ba417fc35375fa6e93e40312a8935cfca95b5c7f8b07082d90,336,336,\N
/content/drive/MyDrive/MMVQA_Clinical/curated/phase2/temporal_frames/7ad22d50ebaf4596/frame_00031339.jpg,curated/phase2/temporal_frames/7ad22d50ebaf4596/frame_00031339.jpg,True,ba868f7c1aac54598400073bfde2051112c2133f748adc7455c0170207f7bf0a,336,336,\N
/content/drive/MyDrive/MMVQA_Clinical/curated/phase2/temporal_frames/7ad22d50ebaf4596/frame_00031351.jpg,curated/phase2/temporal_frames/7ad22d50ebaf4596/frame_00031351.jpg,True,0d687165e4e04344a7fbb524bcd33d16d9b15937b79be461bb2ee7d6c49c34c4,336,336,\N
/content/drive/MyDrive/MMVQA_Clinical/curated/phase2/temporal_frames/7ad22d50ebaf4596/frame_00033542.jpg,curated/phase2/temporal_frames/7ad22d50ebaf4596/frame_00033542.jpg,True,2bdbfb3c6a1856ec0f1f8bb237830979bbd42dec04d3631aa225b21fddfa6fa7,336,336,\N
/content/drive/MyDrive/MMVQA_Clinical/curated/phase2/temporal_frames/7ad22d50ebaf4596/frame_00033572.jpg,curated/phase2/temporal_frames/7ad22d50ebaf4596/frame_00033572.jpg,True,527c7ca9321139b88177bdbac45aeb8af6ae117d7c4fd3727ceb38077053ea3f,336,336,\N
/content/drive/MyDrive/MMVQA_Clinical/curated/phase2/temporal_frames/7ad22d50ebaf4596/frame_00033632.jpg,curated/phase2/temporal_frames/7ad22d50ebaf4596/frame_00033632.jpg,True,f95f51489bd575b887ad5bbf847a7ff73491deb55555407c8ff05a7958b2cb01,336,336,\N
/content/drive/MyDrive/MMVQA_Clinical/curated/phase2/temporal_frames/7ad22d50ebaf4596/frame_00033662.jpg,curated/phase2/temporal_frames/7ad22d50ebaf4596/frame_00033662.jpg,True,15cd8c4307c1f0c1bfd950b749a130ac611f6aa1ce60e30e421d42e2401dcba9,336,336,\N
/content/drive/MyDrive/MMVQA_Clinical/curated/phase2/temporal_frames/8885668afb844852/frame_00008048.jpg,curated/phase2/temporal_frames/8885668afb844852/frame_00008048.jpg,True,73c122e505664944435cdd7045287a0dc54fe4c760e1a548968e2e67bbbac98d,336,336,\N
/content/drive/MyDrive/MMVQA_Clinical/curated/phase2/temporal_frames/8885668afb844852/frame_00008078.jpg,curated/phase2/temporal_frames/8885668afb844852/frame_00008078.jpg,True,53c863221b0939c6dc0e8f85b6dd804b3dd41aca496d263371a3186e9c42d80d,336,336,\N
/content/drive/MyDrive/MMVQA_Clinical/curated/phase2/temporal_frames/8885668afb844852/frame_00008082.jpg,curated/phase2/temporal_frames/8885668afb844852/frame_00008082.jpg,True,77625150d1a71e2547bdd90acca29aaf16f971ee117878afe29446f89f248532,336,336,\N
/content/drive/MyDrive/MMVQA_Clinical/curated/phase2/temporal_frames/8885668afb844852/frame_00008158.jpg,curated/phase2/temporal_frames/8885668afb844852/frame_00008158.jpg,True,580a6c1ad1e52b12c9f19aa9e72cdd84b553675d7cfceac5cd525b26bb5e26e7,336,336,\N
/content/drive/MyDrive/MMVQA_Clinical/curated/phase2/temporal_frames/8885668afb844852/frame_00008168.jpg,curated/phase2/temporal_frames/8885668afb844852/frame_00008168.jpg,True,0be8dfc26bc3726a4383e848a27fffa718e74dbce148592e4e3ce53484f1f3fc,336,336,\N
/content/drive/MyDrive/MMVQA_Clinical/curated/phase2/temporal_frames/8885668afb844852/frame_00008184.jpg,curated/phase2/temporal_frames/8885668afb844852/frame_00008184.jpg,True,b1f49eee7893c5736212553dd068d907bab279aeed3ae9ad9b6a258f25a2b857,336,336,\N
/content/drive/MyDrive/MMVQA_Clinical/curated/phase2/temporal_frames/8885668afb844852/frame_00008193.jpg,curated/phase2/temporal_frames/8885668afb844852/frame_00008193.jpg,True,d85eb2f0cd71efeafcb075d0df3bde08b55376fab2f82def636aaa860f0c5a8c,336,336,\N
/content/drive/MyDrive/MMVQA_Clinical/curated/phase2/temporal_frames/8885668afb844852/frame_00008238.jpg,curated/phase2/temporal_frames/8885668afb844852/frame_00008238.jpg,True,b1c47264698edb2091f1c44e3914723da669290e561ee8c02d0dcafd6991273d,336,336,\N
/content/drive/MyDrive/MMVQA_Clinical/curated/phase2/temporal_frames/8885668afb844852/frame_00008244.jpg,curated/phase2/temporal_frames/8885668afb844852/frame_00008244.jpg,True,875c1d3e7abd58770f510ff8d75f22c7f3f337494e77f52d748d2e0b2bb0874b,336,336,\N
/content/drive/MyDrive/MMVQA_Clinical/curated/phase2/temporal_frames/8885668afb844852/frame_00008248.jpg,curated/phase2/temporal_frames/8885668afb844852/frame_00008248.jpg,True,b6b5bea148a4611111adfb8413fbb4a2e23143f41c43d683cc22a48f85898956,336,336,\N
/content/drive/MyDrive/MMVQA_Clinical/curated/phase2/temporal_frames/8885668afb844852/frame_00008274.jpg,curated/phase2/temporal_frames/8885668afb844852/frame_00008274.jpg,True,e29f00ba8ff5eb0925557c03b9cff63e8f2290ffaed5ffe7903b8a2c1f0e71e3,336,336,\N
/content/drive/MyDrive/MMVQA_Clinical/curated/phase2/temporal_frames/8885668afb844852/frame_00015735.jpg,curated/phase2/temporal_frames/8885668afb844852/frame_00015735.jpg,True,f52c234d49ef5ba3018abad2a4ec3db1aecb22f3ca4f35decb70f524aa5e1d12,336,336,\N
/content/drive/MyDrive/MMVQA_Clinical/curated/phase2/temporal_frames/8885668afb844852/frame_00015765.jpg,curated/phase2/temporal_frames/8885668afb844852/frame_00015765.jpg,True,31790421fbbe94f598174db6748c20f1e59e22dd062a795e46da42621df259b5,336,336,\N
/content/drive/MyDrive/MMVQA_Clinical/curated/phase2/temporal_frames/8885668afb844852/frame_00015817.jpg,curated/phase2/temporal_frames/8885668afb844852/frame_00015817.jpg,True,23e122750a289af74cd6298ef2c7ff00bbd5b471c75e3f135171cb183c98bb5b,336,336,\N
/content/drive/MyDrive/MMVQA_Clinical/curated/phase2/temporal_frames/8885668afb844852/frame_00015825.jpg,curated/phase2/temporal_frames/8885668afb844852/frame_00015825.jpg,True,8e4b0da1b84947ac9acbc5c92d37166e5e10717257e625c22d2e3273d2f7e0ff,336,336,\N
/content/drive/MyDrive/MMVQA_Clinical/curated/phase2/temporal_frames/8885668afb844852/frame_00015847.jpg,curated/phase2/temporal_frames/8885668afb844852/frame_00015847.jpg,True,e629ac36d7c302a37876597ccde288f926d3db0223743e2a22b0ee71ec3e8a16,336,336,\N
/content/drive/MyDrive/MMVQA_Clinical/curated/phase2/temporal_frames/8885668afb844852/frame_00015907.jpg,curated/phase2/temporal_frames/8885668afb844852/frame_00015907.jpg,True,024c42402fbae01e7dcac2fff5d12515dda4e80ee7a3743d09e551251564b02b,336,336,\N
/content/drive/MyDrive/MMVQA_Clinical/curated/phase2/temporal_frames/8885668afb844852/frame_00015937.jpg,curated/phase2/temporal_frames/8885668afb844852/frame_00015937.jpg,True,94a172c6cac5b5afe517e3d55aae93171b6fd46a68547e103ea4ba3bc5aa85f9,336,336,\N
/content/drive/MyDrive/MMVQA_Clinical/curated/phase2/temporal_frames/89cdd41258c542c5/frame_00002617.jpg,curated/phase2/temporal_frames/89cdd41258c542c5/frame_00002617.jpg,True,9480632ff7cb834b8bae13f108ff04f92e9e17a2cfc20075ce7dd78de8762708,336,336,\N
/content/drive/MyDrive/MMVQA_Clinical/curated/phase2/temporal_frames/89cdd41258c542c5/frame_00002647.jpg,curated/phase2/temporal_frames/89cdd41258c542c5/frame_00002647.jpg,True,71308fccfccfe53f871651f8f27986284952fdb2532d1512a2ca9380dfb8de8e,336,336,\N
/content/drive/MyDrive/MMVQA_Clinical/curated/phase2/temporal_frames/89cdd41258c542c5/frame_00002707.jpg,curated/phase2/temporal_frames/89cdd41258c542c5/frame_00002707.jpg,True,d80bbee6d472a6242a110eaf7d8e5e1f164c539d8d0adc8533c3feee40fc278c,336,336,\N
/content/drive/MyDrive/MMVQA_Clinical/curated/phase2/temporal_frames/89cdd41258c542c5/frame_00002737.jpg,curated/phase2/temporal_frames/89cdd41258c542c5/frame_00002737.jpg,True,0b9a9b443d45caf61fa4e32e87d3c70d45c394aed86bcc247a49392daa65cd46,336,336,\N
/content/drive/MyDrive/MMVQA_Clinical/curated/phase2/temporal_frames/8a00709108cd4e2b/frame_00017546.jpg,curated/phase2/temporal_frames/8a00709108cd4e2b/frame_00017546.jpg,True,7f2d03c3c304d555f25cc1c418bf1d868066a164d69385aacf32ff84625184e6,336,336,\N
/content/drive/MyDrive/MMVQA_Clinical/curated/phase2/temporal_frames/8a00709108cd4e2b/frame_00017576.jpg,curated/phase2/temporal_frames/8a00709108cd4e2b/frame_00017576.jpg,True,d2d291c9f27b8ca659e97c9b33c97033f7233ff146ef3c256c879e4d98723c7e,336,336,\N
/content/drive/MyDrive/MMVQA_Clinical/curated/phase2/temporal_frames/8ebf0e483cac48d6/frame_00001154.jpg,curated/phase2/temporal_frames/8ebf0e483cac48d6/frame_00001154.jpg,True,97aa8b9e32c0a1a143f3502e8377bae36055f242912e24bae7fc4cb6910f7598,336,336,\N
/content/drive/MyDrive/MMVQA_Clinical/curated/phase2/temporal_frames/8ebf0e483cac48d6/frame_00001184.jpg,curated/phase2/temporal_frames/8ebf0e483cac48d6/frame_00001184.jpg,True,e229443295181492d6ec898f8894a2c0641110d58ca9fa0ba4abfa6dc0c051bb,336,336,\N
/content/drive/MyDrive/MMVQA_Clinical/curated/phase2/temporal_frames/8ebf0e483cac48d6/frame_00001244.jpg,curated/phase2/temporal_frames/8ebf0e483cac48d6/frame_00001244.jpg,True,e8443652024a0fee6ed2169f2fcc73d783a2574f3986151b900558868b21d9f3,336,336,\N
/content/drive/MyDrive/MMVQA_Clinical/curated/phase2/temporal_frames/8ebf0e483cac48d6/frame_00001274.jpg,curated/phase2/temporal_frames/8ebf0e483cac48d6/frame_00001274.jpg,True,901895ba46c674ec0e11e321d5962620729c04c0c1604ceee45411ad019a1646,336,336,\N
/content/drive/MyDrive/MMVQA_Clinical/curated/phase2/temporal_frames/8ebf0e483cac48d6/frame_00002541.jpg,curated/phase2/temporal_frames/8ebf0e483cac48d6/frame_00002541.jpg,True,bb2116ccef583a299a825918b06bca77ee8ffe8b87fec72f426d1a7fa7696d13,336,336,\N
/content/drive/MyDrive/MMVQA_Clinical/curated/phase2/temporal_frames/8ebf0e483cac48d6/frame_00002661.jpg,curated/phase2/temporal_frames/8ebf0e483cac48d6/frame_00002661.jpg,True,dd5d7b37062cabbe674e877558e8cda44c287aa3fe4a1807e3f9ece11b94daeb,336,336,\N
/content/drive/MyDrive/MMVQA_Clinical/curated/phase2/temporal_frames/8ebf0e483cac48d6/frame_00011626.jpg,curated/phase2/temporal_frames/8ebf0e483cac48d6/frame_00011626.jpg,True,f1f115ff8614a476663485b207ac7ee72d3631aa8c2d3e6630269d66e7281531,336,336,\N
/content/drive/MyDrive/MMVQA_Clinical/curated/phase2/temporal_frames/8ebf0e483cac48d6/frame_00011656.jpg,curated/phase2/temporal_frames/8ebf0e483cac48d6/frame_00011656.jpg,True,275507447e0767f8bc2e2830d298732079aadfebfdb468eba8912a71d4fb71ea,336,336,\N
/content/drive/MyDrive/MMVQA_Clinical/curated/phase2/temporal_frames/8ebf0e483cac48d6/frame_00011716.jpg,curated/phase2/temporal_frames/8ebf0e483cac48d6/frame_00011716.jpg,True,dc1c542e953d937c0a9607692b6a0d9811750aa7de39166f65791362517df078,336,336,\N
/content/drive/MyDrive/MMVQA_Clinical/curated/phase2/temporal_frames/8ebf0e483cac48d6/frame_00011746.jpg,curated/phase2/temporal_frames/8ebf0e483cac48d6/frame_00011746.jpg,True,d63e6f8df771aa28260c8c82d7357e7cdcceb64b5be02c3a19e7e24f2ea673c3,336,336,\N
/content/drive/MyDrive/MMVQA_Clinical/curated/phase2/temporal_frames/8ebf0e483cac48d6/frame_00013388.jpg,curated/phase2/temporal_frames/8ebf0e483cac48d6/frame_00013388.jpg,True,e2fc92358f6130c24d26029c5ef3075a5871dac3e66bf87fc6746da7bfd9d9a5,336,336,\N
/content/drive/MyDrive/MMVQA_Clinical/curated/phase2/temporal_frames/8ebf0e483cac48d6/frame_00013418.jpg,curated/phase2/temporal_frames/8ebf0e483cac48d6/frame_00013418.jpg,True,f55c1140eac319369a40d5842fecdc74875e20dd08c4be618ceb1416f44be4ba,336,336,\N
/content/drive/MyDrive/MMVQA_Clinical/curated/phase2/temporal_frames/8ebf0e483cac48d6/frame_00013478.jpg,curated/phase2/temporal_frames/8ebf0e483cac48d6/frame_00013478.jpg,True,e1a8b2789b4b9ae93964a3ca7cfa8a3e1fc7f39487ef8bff70ef80454ffa3c00,336,336,\N
/content/drive/MyDrive/MMVQA_Clinical/curated/phase2/temporal_frames/8ebf0e483cac48d6/frame_00013508.jpg,curated/phase2/temporal_frames/8ebf0e483cac48d6/frame_00013508.jpg,True,47b71c7055514a944e98cdd40332256a91a96321a854650a47d7453390c654ca,336,336,\N
/content/drive/MyDrive/MMVQA_Clinical/curated/phase2/temporal_frames/8ebf0e483cac48d6/frame_00021527.jpg,curated/phase2/temporal_frames/8ebf0e483cac48d6/frame_00021527.jpg,True,a49af94f4f5444fe4daf250909e7803bf9e68190e40cc7178bb35a2ddeb6ecc8,336,336,\N
/content/drive/MyDrive/MMVQA_Clinical/curated/phase2/temporal_frames/8ebf0e483cac48d6/frame_00021557.jpg,curated/phase2/temporal_frames/8ebf0e483cac48d6/frame_00021557.jpg,True,8a98749672f78020d87b38c323f3d10bb2a1cae96411c6f89fb259738c24d634,336,336,\N
/content/drive/MyDrive/MMVQA_Clinical/curated/phase2/temporal_frames/8ebf0e483cac48d6/frame_00021617.jpg,curated/phase2/temporal_frames/8ebf0e483cac48d6/frame_00021617.jpg,True,66f0850cad9b211dfc71313fde34edbe9a81ddd0900a639385531b3c412e0a2d,336,336,\N
/content/drive/MyDrive/MMVQA_Clinical/curated/phase2/temporal_frames/8ebf0e483cac48d6/frame_00021647.jpg,curated/phase2/temporal_frames/8ebf0e483cac48d6/frame_00021647.jpg,True,8e1c8cff7d2a0a61866f21cdbd771f6ca1425e939f107b918dd9c734c8439f82,336,336,\N
/content/drive/MyDrive/MMVQA_Clinical/curated/phase2/temporal_frames/8ebf0e483cac48d6/frame_00028562.jpg,curated/phase2/temporal_frames/8ebf0e483cac48d6/frame_00028562.jpg,True,27696d7cb20634884e05cb2118e38d71d6713a45cb18bdb055fd33df681e1356,336,336,\N
/content/drive/MyDrive/MMVQA_Clinical/curated/phase2/temporal_frames/8ebf0e483cac48d6/frame_00028592.jpg,curated/phase2/temporal_frames/8ebf0e483cac48d6/frame_00028592.jpg,True,0be3dfa9d5ac4182274586a581c7a264ce84997bf2d56383cc9a497525d57b40,336,336,\N
/content/drive/MyDrive/MMVQA_Clinical/curated/phase2/temporal_frames/8ebf0e483cac48d6/frame_00028652.jpg,curated/phase2/temporal_frames/8ebf0e483cac48d6/frame_00028652.jpg,True,95a7f57416736d998422b836a7cbb28ec93687296665f66d821b7e94c5f12e18,336,336,\N
/content/drive/MyDrive/MMVQA_Clinical/curated/phase2/temporal_frames/8ebf0e483cac48d6/frame_00028682.jpg,curated/phase2/temporal_frames/8ebf0e483cac48d6/frame_00028682.jpg,True,71d90417d35cd8f3519054079e8052fd09081056d406eb230755c6eef2fb63e5,336,336,\N
/content/drive/MyDrive/MMVQA_Clinical/curated/phase2/temporal_frames/8ebf0e483cac48d6/frame_00029147.jpg,curated/phase2/temporal_frames/8ebf0e483cac48d6/frame_00029147.jpg,True,07fa443a38e5adbaa941511fcef284052b0be17a118193fdcfac32fcb7961c81,336,336,\N
/content/drive/MyDrive/MMVQA_Clinical/curated/phase2/temporal_frames/8ebf0e483cac48d6/frame_00029177.jpg,curated/phase2/temporal_frames/8ebf0e483cac48d6/frame_00029177.jpg,True,c4478a7cb91720475ace7a82a90f6fd3a2639c68d4ae5a74542a1cf6198b2321,336,336,\N
/content/drive/MyDrive/MMVQA_Clinical/curated/phase2/temporal_frames/8ebf0e483cac48d6/frame_00029237.jpg,curated/phase2/temporal_frames/8ebf0e483cac48d6/frame_00029237.jpg,True,29cdf9730d1f24465a75a3f8a60da84eb8ef436a3a92722fcd54763c9cb1cf1c,336,336,\N
/content/drive/MyDrive/MMVQA_Clinical/curated/phase2/temporal_frames/8ebf0e483cac48d6/frame_00029267.jpg,curated/phase2/temporal_frames/8ebf0e483cac48d6/frame_00029267.jpg,True,205d69a94fab6de66d15a77dbb827b70c547db96ac2bb0bf205041b997367f41,336,336,\N
/content/drive/MyDrive/MMVQA_Clinical/curated/phase2/temporal_frames/8ebf0e483cac48d6/frame_00029477.jpg,curated/phase2/temporal_frames/8ebf0e483cac48d6/frame_00029477.jpg,True,96a3e71aa51843f88e1951bd6f5185fb14a11c696f9a5872cc70514b30f56956,336,336,\N
/content/drive/MyDrive/MMVQA_Clinical/curated/phase2/temporal_frames/8ebf0e483cac48d6/frame_00029495.jpg,curated/phase2/temporal_frames/8ebf0e483cac48d6/frame_00029495.jpg,True,6e63f0ec0d9de694fe1a1af663525d15f2727c3033856b29e08bcd69bc4c6a5c,336,336,\N
/content/drive/MyDrive/MMVQA_Clinical/curated/phase2/temporal_frames/8ebf0e483cac48d6/frame_00029507.jpg,curated/phase2/temporal_frames/8ebf0e483cac48d6/frame_00029507.jpg,True,d90392c9c0c7dcc7b3cb0cf4b3c751c5a23c964bc8ff07b999204e9fe780d849,336,336,\N
/content/drive/MyDrive/MMVQA_Clinical/curated/phase2/temporal_frames/8ebf0e483cac48d6/frame_00029525.jpg,curated/phase2/temporal_frames/8ebf0e483cac48d6/frame_00029525.jpg,True,68ce1555c06ee3a16eea12254c105e7cfd6d65cc7ccfa510ab0cd9aa00631994,336,336,\N
/content/drive/MyDrive/MMVQA_Clinical/curated/phase2/temporal_frames/8ebf0e483cac48d6/frame_00029567.jpg,curated/phase2/temporal_frames/8ebf0e483cac48d6/frame_00029567.jpg,True,fc18fed764dd531cad9ce3ac58e3b786035fb8ece6d003208d43fbcbb8691b60,336,336,\N
/content/drive/MyDrive/MMVQA_Clinical/curated/phase2/temporal_frames/8ebf0e483cac48d6/frame_00029585.jpg,curated/phase2/temporal_frames/8ebf0e483cac48d6/frame_00029585.jpg,True,e87982bf90668bfd52f2c53560098a3094e456affa59a6f2049fd8c7009d7157,336,336,\N
/content/drive/MyDrive/MMVQA_Clinical/curated/phase2/temporal_frames/8ebf0e483cac48d6/frame_00029597.jpg,curated/phase2/temporal_frames/8ebf0e483cac48d6/frame_00029597.jpg,True,354d5a5c4240314fe157e9b8154c8a449bdb749bbebecefb4d8ddd3a9d1cf15b,336,336,\N
/content/drive/MyDrive/MMVQA_Clinical/curated/phase2/temporal_frames/8ebf0e483cac48d6/frame_00029615.jpg,curated/phase2/temporal_frames/8ebf0e483cac48d6/frame_00029615.jpg,True,05385a265a894967efefcd3f48d67335aaa909df62deab2c722827ba108fb2b6,336,336,\N
/content/drive/MyDrive/MMVQA_Clinical/curated/phase2/temporal_frames/8ebf0e483cac48d6/frame_00029628.jpg,curated/phase2/temporal_frames/8ebf0e483cac48d6/frame_00029628.jpg,True,06ab285af666ee18282f4a172488bd2d0145ce830af7b7aca16d502d68e5927b,336,336,\N
/content/drive/MyDrive/MMVQA_Clinical/curated/phase2/temporal_frames/8ebf0e483cac48d6/frame_00029658.jpg,curated/phase2/temporal_frames/8ebf0e483cac48d6/frame_00029658.jpg,True,1e0294806b6196c46f6f14fa9d8d2a946acb45d2108c7fbd1f10172e5984b600,336,336,\N
/content/drive/MyDrive/MMVQA_Clinical/curated/phase2/temporal_frames/8ebf0e483cac48d6/frame_00029718.jpg,curated/phase2/temporal_frames/8ebf0e483cac48d6/frame_00029718.jpg,True,3917efb0e8a0b6f8c92443714266280755f148b23b50682befea86181372de2d,336,336,\N
/content/drive/MyDrive/MMVQA_Clinical/curated/phase2/temporal_frames/8ebf0e483cac48d6/frame_00029748.jpg,curated/phase2/temporal_frames/8ebf0e483cac48d6/frame_00029748.jpg,True,bf260ae4d5e099eb7c9e3421b162abb6b2ec86c327c5197d94aeaa778992ae98,336,336,\N
/content/drive/MyDrive/MMVQA_Clinical/curated/phase2/temporal_frames/ad91cf7ca91440aa/frame_00000799.jpg,curated/phase2/temporal_frames/ad91cf7ca91440aa/frame_00000799.jpg,True,93bbdb15d5baec0c9d3d98b53404dd31a661fdb3887f69422b48932d84abf311,336,336,\N
/content/drive/MyDrive/MMVQA_Clinical/curated/phase2/temporal_frames/ad91cf7ca91440aa/frame_00000813.jpg,curated/phase2/temporal_frames/ad91cf7ca91440aa/frame_00000813.jpg,True,b73150fd5c58c4abafa60186cfd7fc49efae4294954ff1ea8a1847b2402728f5,336,336,\N
/content/drive/MyDrive/MMVQA_Clinical/curated/phase2/temporal_frames/ad91cf7ca91440aa/frame_00000829.jpg,curated/phase2/temporal_frames/ad91cf7ca91440aa/frame_00000829.jpg,True,11a115fa9ec674a0f3df2f3557d0a327ff656715ee3d5f5ebd3c402aa506cddb,336,336,\N
/content/drive/MyDrive/MMVQA_Clinical/curated/phase2/temporal_frames/ad91cf7ca91440aa/frame_00000843.jpg,curated/phase2/temporal_frames/ad91cf7ca91440aa/frame_00000843.jpg,True,0d2a279b89fd3a8337819a9ce16f1d9fce3dfb03eeebffd342397f38ec5a2f79,336,336,\N
/content/drive/MyDrive/MMVQA_Clinical/curated/phase2/temporal_frames/ad91cf7ca91440aa/frame_00000889.jpg,curated/phase2/temporal_frames/ad91cf7ca91440aa/frame_00000889.jpg,True,0c057ecd59aed31211449ab5ae28a35afd40cfcf78bd506bc16287f50e9075b5,336,336,\N
/content/drive/MyDrive/MMVQA_Clinical/curated/phase2/temporal_frames/ad91cf7ca91440aa/frame_00000903.jpg,curated/phase2/temporal_frames/ad91cf7ca91440aa/frame_00000903.jpg,True,d5dd57f982dd2a5d459f57b3c0f6b158b9fa8f28b2874df229b4691f2b2f4fb1,336,336,\N
/content/drive/MyDrive/MMVQA_Clinical/curated/phase2/temporal_frames/ad91cf7ca91440aa/frame_00000919.jpg,curated/phase2/temporal_frames/ad91cf7ca91440aa/frame_00000919.jpg,True,ad9bbede77986143afb9bec484b0a60d3b32fd0e2af797454e7e73536300862d,336,336,\N
/content/drive/MyDrive/MMVQA_Clinical/curated/phase2/temporal_frames/ad91cf7ca91440aa/frame_00000933.jpg,curated/phase2/temporal_frames/ad91cf7ca91440aa/frame_00000933.jpg,True,e0dc4f202fa55e4ede9cf2ff634198f91a918762403e1bae10e4781b3222a23d,336,336,\N
/content/drive/MyDrive/MMVQA_Clinical/curated/phase2/temporal_frames/ad91cf7ca91440aa/frame_00004694.jpg,curated/phase2/temporal_frames/ad91cf7ca91440aa/frame_00004694.jpg,True,33990f54429b7937b08b5b312eaaf9cf28bf809446491aff17b22d3a19656687,336,336,\N
/content/drive/MyDrive/MMVQA_Clinical/curated/phase2/temporal_frames/ad91cf7ca91440aa/frame_00004724.jpg,curated/phase2/temporal_frames/ad91cf7ca91440aa/frame_00004724.jpg,True,7bc19297b8b64400b67893430a8e6b45e41ae64d0a8579ac052159b9f59a61fe,336,336,\N
/content/drive/MyDrive/MMVQA_Clinical/curated/phase2/temporal_frames/ad91cf7ca91440aa/frame_00004784.jpg,curated/phase2/temporal_frames/ad91cf7ca91440aa/frame_00004784.jpg,True,95cc51936e9571d890f45d3e80f188dc00305692dbf0faef239e5d8a8c59690c,336,336,\N
/content/drive/MyDrive/MMVQA_Clinical/curated/phase2/temporal_frames/ad91cf7ca91440aa/frame_00004814.jpg,curated/phase2/temporal_frames/ad91cf7ca91440aa/frame_00004814.jpg,True,121d5abacbc92816ad5e320b71cfd8fbc26485b6395fcba9550baffe74e6d3a4,336,336,\N
/content/drive/MyDrive/MMVQA_Clinical/curated/phase2/temporal_frames/ad91cf7ca91440aa/frame_00005898.jpg,curated/phase2/temporal_frames/ad91cf7ca91440aa/frame_00005898.jpg,True,10f5bdf08e850e724f656fd64046ca6b247e26413821415da092b3d14946da3c,336,336,\N
/content/drive/MyDrive/MMVQA_Clinical/curated/phase2/temporal_frames/ad91cf7ca91440aa/frame_00005928.jpg,curated/phase2/temporal_frames/ad91cf7ca91440aa/frame_00005928.jpg,True,e67ef77e82c8b13dec7dfa36077d30179853bb01c0b51a9d5b13fe1aa567dd10,336,336,\N
/content/drive/MyDrive/MMVQA_Clinical/curated/phase2/temporal_frames/ad91cf7ca91440aa/frame_00005988.jpg,curated/phase2/temporal_frames/ad91cf7ca91440aa/frame_00005988.jpg,True,4770d49944e315b5713fe1cd1a45e932d64955b46db28fa41273e19cb592b149,336,336,\N
/content/drive/MyDrive/MMVQA_Clinical/curated/phase2/temporal_frames/ad91cf7ca91440aa/frame_00006018.jpg,curated/phase2/temporal_frames/ad91cf7ca91440aa/frame_00006018.jpg,True,d074a80b0b5297ef84c67deefe9e7fc27aa2461e1fda3cdd9b1c7d48db4608b0,336,336,\N
/content/drive/MyDrive/MMVQA_Clinical/curated/phase2/temporal_frames/ad91cf7ca91440aa/frame_00032502.jpg,curated/phase2/temporal_frames/ad91cf7ca91440aa/frame_00032502.jpg,True,f4797a7357f64ad6f36171c333e081278ae001f66b9a556c17015454196b5310,336,336,\N
/content/drive/MyDrive/MMVQA_Clinical/curated/phase2/temporal_frames/ad91cf7ca91440aa/frame_00032532.jpg,curated/phase2/temporal_frames/ad91cf7ca91440aa/frame_00032532.jpg,True,53f8f99a6019bff9d855c52e26e98e3d80bd33542c3dd3eeb952eeabae05ee90,336,336,\N
/content/drive/MyDrive/MMVQA_Clinical/curated/phase2/temporal_frames/ad91cf7ca91440aa/frame_00032592.jpg,curated/phase2/temporal_frames/ad91cf7ca91440aa/frame_00032592.jpg,True,76f1532c378cf4281e8bcc3a707fd8aa812b37e02a592224229df023cba507d3,336,336,\N
/content/drive/MyDrive/MMVQA_Clinical/curated/phase2/temporal_frames/af9bd7d0e43741e3/frame_00001999.jpg,curated/phase2/temporal_frames/af9bd7d0e43741e3/frame_00001999.jpg,True,198faafd7f4fdab44db8904830871019a0506b0984e5693780ddf1f9afe550d4,336,336,\N
/content/drive/MyDrive/MMVQA_Clinical/curated/phase2/temporal_frames/af9bd7d0e43741e3/frame_00002029.jpg,curated/phase2/temporal_frames/af9bd7d0e43741e3/frame_00002029.jpg,True,c7773224a0cd2587914521c03ac525c622f4221de25392c3685647058ca7c9f1,336,336,\N
/content/drive/MyDrive/MMVQA_Clinical/curated/phase2/temporal_frames/af9bd7d0e43741e3/frame_00002089.jpg,curated/phase2/temporal_frames/af9bd7d0e43741e3/frame_00002089.jpg,True,ef6aded608a3cc8e322656921b4feca2f1a0cb67e9b10cfc2eff170b7ac27e51,336,336,\N
/content/drive/MyDrive/MMVQA_Clinical/curated/phase2/temporal_frames/af9bd7d0e43741e3/frame_00002119.jpg,curated/phase2/temporal_frames/af9bd7d0e43741e3/frame_00002119.jpg,True,69285823b8b434e2451f196affda436b350db78058c18e8f5e9a80754c30f5c9,336,336,\N
/content/drive/MyDrive/MMVQA_Clinical/curated/phase2/temporal_frames/b2134f4a6f864613/frame_00000715.jpg,curated/phase2/temporal_frames/b2134f4a6f864613/frame_00000715.jpg,True,735e905ccb04ce2c867745c2b6e06d45dd117b868cab562eafd83ccad41d5e35,336,336,\N
/content/drive/MyDrive/MMVQA_Clinical/curated/phase2/temporal_frames/b2134f4a6f864613/frame_00000745.jpg,curated/phase2/temporal_frames/b2134f4a6f864613/frame_00000745.jpg,True,9fc5036708dabd05cb80bd21df5e8df4ebb92b4c51c6cec0689c376a1639186f,336,336,\N
/content/drive/MyDrive/MMVQA_Clinical/curated/phase2/temporal_frames/b2134f4a6f864613/frame_00000805.jpg,curated/phase2/temporal_frames/b2134f4a6f864613/frame_00000805.jpg,True,b5909405805f6c1224f706320396c120c20779a5f964c80da88b583680c1408b,336,336,\N
/content/drive/MyDrive/MMVQA_Clinical/curated/phase2/temporal_frames/b2134f4a6f864613/frame_00000835.jpg,curated/phase2/temporal_frames/b2134f4a6f864613/frame_00000835.jpg,True,f8a759901b486f57b477c543ab737e52dce752da61a8fe0c3211ee228fbc903e,336,336,\N
/content/drive/MyDrive/MMVQA_Clinical/curated/phase2/temporal_frames/b2134f4a6f864613/frame_00001995.jpg,curated/phase2/temporal_frames/b2134f4a6f864613/frame_00001995.jpg,True,cc5dffbe237b281e04e9c4a586d8584672b32f426e16625eb626556492029123,336,336,\N
/content/drive/MyDrive/MMVQA_Clinical/curated/phase2/temporal_frames/b2134f4a6f864613/frame_00002115.jpg,curated/phase2/temporal_frames/b2134f4a6f864613/frame_00002115.jpg,True,8b12dcc9380c2d40e381ca578820e015c4dd5380f050437a12017d5b184b83a8,336,336,\N
/content/drive/MyDrive/MMVQA_Clinical/curated/phase2/temporal_frames/b2134f4a6f864613/frame_00017963.jpg,curated/phase2/temporal_frames/b2134f4a6f864613/frame_00017963.jpg,True,f982dd5f02b5cb7f4537261d1fc34ed2799c10ea235c071e704a9a8fdbea5274,336,336,\N
/content/drive/MyDrive/MMVQA_Clinical/curated/phase2/temporal_frames/b2134f4a6f864613/frame_00017982.jpg,curated/phase2/temporal_frames/b2134f4a6f864613/frame_00017982.jpg,True,17229e09a6a3586d0bd63a407ab02017a3ac8d44cfbb4f9a4307f2312233d40f,336,336,\N
/content/drive/MyDrive/MMVQA_Clinical/curated/phase2/temporal_frames/b2134f4a6f864613/frame_00017993.jpg,curated/phase2/temporal_frames/b2134f4a6f864613/frame_00017993.jpg,True,1678b89ae690733e1dde9b8c3f8504b719c1524baed0454165703bab263451e0,336,336,\N
/content/drive/MyDrive/MMVQA_Clinical/curated/phase2/temporal_frames/b2134f4a6f864613/frame_00018002.jpg,curated/phase2/temporal_frames/b2134f4a6f864613/frame_00018002.jpg,True,6650a365c9e5c8e32e924b09402f02a5b6b070b335ef56d77b7b2c429c50b9c8,336,336,\N
/content/drive/MyDrive/MMVQA_Clinical/curated/phase2/temporal_frames/b2134f4a6f864613/frame_00018012.jpg,curated/phase2/temporal_frames/b2134f4a6f864613/frame_00018012.jpg,True,0c772495d2543fed2ea08c450b7e2fb4a96402fe48d9419f1868d9eadd6d6065,336,336,\N
/content/drive/MyDrive/MMVQA_Clinical/curated/phase2/temporal_frames/b2134f4a6f864613/frame_00018032.jpg,curated/phase2/temporal_frames/b2134f4a6f864613/frame_00018032.jpg,True,47bdef8819fdd909533f31bdc631f52be6c16a42a32edeaf7556413977ce5dbd,336,336,\N
/content/drive/MyDrive/MMVQA_Clinical/curated/phase2/temporal_frames/b2134f4a6f864613/frame_00018053.jpg,curated/phase2/temporal_frames/b2134f4a6f864613/frame_00018053.jpg,True,48704938ab7d81451cde0228b3c6d0dfa9670450983b5ac7793611b6652ac0b1,336,336,\N
/content/drive/MyDrive/MMVQA_Clinical/curated/phase2/temporal_frames/b2134f4a6f864613/frame_00018072.jpg,curated/phase2/temporal_frames/b2134f4a6f864613/frame_00018072.jpg,True,185372cf4ea724ec5a4f4a917930f34c53875e7199ae8abe89b41b301d76c736,336,336,\N
/content/drive/MyDrive/MMVQA_Clinical/curated/phase2/temporal_frames/b2134f4a6f864613/frame_00018083.jpg,curated/phase2/temporal_frames/b2134f4a6f864613/frame_00018083.jpg,True,a72a0a0235524f5fc02145c399c8b0b3eea75206402219ab27c62743c3a3a983,336,336,\N
/content/drive/MyDrive/MMVQA_Clinical/curated/phase2/temporal_frames/b2134f4a6f864613/frame_00018092.jpg,curated/phase2/temporal_frames/b2134f4a6f864613/frame_00018092.jpg,True,2608ffcd92f4956ac454b9fe7e53d31ed39fc2cca4cd82b9cdb883a9718937cd,336,336,\N
/content/drive/MyDrive/MMVQA_Clinical/curated/phase2/temporal_frames/b2134f4a6f864613/frame_00018102.jpg,curated/phase2/temporal_frames/b2134f4a6f864613/frame_00018102.jpg,True,79d401c4b8bc36e558b0744c01734f81a8a616c0ee4cb3aa212348651e2939fd,336,336,\N
/content/drive/MyDrive/MMVQA_Clinical/curated/phase2/temporal_frames/b2134f4a6f864613/frame_00018122.jpg,curated/phase2/temporal_frames/b2134f4a6f864613/frame_00018122.jpg,True,202e1697fa91d8ce6f64fccbee40d3e5649d356aebf86684016f5f242fda650d,336,336,\N
/content/drive/MyDrive/MMVQA_Clinical/curated/phase2/temporal_frames/b2134f4a6f864613/frame_00020974.jpg,curated/phase2/temporal_frames/b2134f4a6f864613/frame_00020974.jpg,True,c18b3d05ddf1ee97b8e43035b4fa8e271eec555a32f07871503590ea909a27aa,336,336,\N
/content/drive/MyDrive/MMVQA_Clinical/curated/phase2/temporal_frames/b2134f4a6f864613/frame_00020998.jpg,curated/phase2/temporal_frames/b2134f4a6f864613/frame_00020998.jpg,True,105deda5fdf08f82c80ba9de6760385555ad4444457e4493a1c5e9d658f1750b,336,336,\N
/content/drive/MyDrive/MMVQA_Clinical/curated/phase2/temporal_frames/b2134f4a6f864613/frame_00021004.jpg,curated/phase2/temporal_frames/b2134f4a6f864613/frame_00021004.jpg,True,04edb9384ed2d552f2671d4b0098423c0b81b181552d02adcaf70986955d2c76,336,336,\N
/content/drive/MyDrive/MMVQA_Clinical/curated/phase2/temporal_frames/b2134f4a6f864613/frame_00021009.jpg,curated/phase2/temporal_frames/b2134f4a6f864613/frame_00021009.jpg,True,d935b22dd91756d8b0a07b57651fe70b70766b257bb7a1c7cf3df7f09fcb8033,336,336,\N
/content/drive/MyDrive/MMVQA_Clinical/curated/phase2/temporal_frames/b2134f4a6f864613/frame_00021016.jpg,curated/phase2/temporal_frames/b2134f4a6f864613/frame_00021016.jpg,True,9d7ab94d8708767f506d51dd94678b169d4d05a0bb3f0335af44c258e084fbee,336,336,\N
/content/drive/MyDrive/MMVQA_Clinical/curated/phase2/temporal_frames/b2134f4a6f864613/frame_00021028.jpg,curated/phase2/temporal_frames/b2134f4a6f864613/frame_00021028.jpg,True,4fa37683d238eee293cd7d6f9025592e775e1d7a99348dc80163041d4ee007a5,336,336,\N
/content/drive/MyDrive/MMVQA_Clinical/curated/phase2/temporal_frames/b2134f4a6f864613/frame_00021039.jpg,curated/phase2/temporal_frames/b2134f4a6f864613/frame_00021039.jpg,True,8db801f5edae12cb4db017a609d8b687cc885a7edcdaed660e415631db4db5ce,336,336,\N
/content/drive/MyDrive/MMVQA_Clinical/curated/phase2/temporal_frames/b2134f4a6f864613/frame_00021041.jpg,curated/phase2/temporal_frames/b2134f4a6f864613/frame_00021041.jpg,True,55cc86ceb992ba4336d94e8cdccc454cd08cc84884e27e734c4c86308433ea2a,336,336,\N
/content/drive/MyDrive/MMVQA_Clinical/curated/phase2/temporal_frames/b2134f4a6f864613/frame_00021046.jpg,curated/phase2/temporal_frames/b2134f4a6f864613/frame_00021046.jpg,True,337ddadcf9ba0a3c4c1dc71397553146832a7e1cbcf9475e9d957ec8e82ec4c0,336,336,\N
/content/drive/MyDrive/MMVQA_Clinical/curated/phase2/temporal_frames/b2134f4a6f864613/frame_00021064.jpg,curated/phase2/temporal_frames/b2134f4a6f864613/frame_00021064.jpg,True,e092b8d823750ef610e32a2fae9b0cbf0ee30ac05b020f0b34c47e7d3d68bf7d,336,336,\N
/content/drive/MyDrive/MMVQA_Clinical/curated/phase2/temporal_frames/b2134f4a6f864613/frame_00021071.jpg,curated/phase2/temporal_frames/b2134f4a6f864613/frame_00021071.jpg,True,074202bed32b2d33de1b58faa241cb44a75f29c7b91425ebfb9ae6a7e43cf2ac,336,336,\N
/content/drive/MyDrive/MMVQA_Clinical/curated/phase2/temporal_frames/b2134f4a6f864613/frame_00021088.jpg,curated/phase2/temporal_frames/b2134f4a6f864613/frame_00021088.jpg,True,36491c3a23fd85c3f58028111342a97ba64010d33a5bab1cd4a2db5a4fe7038b,336,336,\N
/content/drive/MyDrive/MMVQA_Clinical/curated/phase2/temporal_frames/b2134f4a6f864613/frame_00021094.jpg,curated/phase2/temporal_frames/b2134f4a6f864613/frame_00021094.jpg,True,fa3f8025ecda445c16e051640f2a150fc4364c114a753f7ac63ee674e073154d,336,336,\N
/content/drive/MyDrive/MMVQA_Clinical/curated/phase2/temporal_frames/b2134f4a6f864613/frame_00021106.jpg,curated/phase2/temporal_frames/b2134f4a6f864613/frame_00021106.jpg,True,be2fe690809d66daa929ffd287453fc038e65a936c0b4752e1c5501d6f69c5e2,336,336,\N
/content/drive/MyDrive/MMVQA_Clinical/curated/phase2/temporal_frames/b2134f4a6f864613/frame_00021118.jpg,curated/phase2/temporal_frames/b2134f4a6f864613/frame_00021118.jpg,True,9b4d14b4ea819365b34db7e90090d17d852adfa8beda32ac9324fb0a00f0bac2,336,336,\N
/content/drive/MyDrive/MMVQA_Clinical/curated/phase2/temporal_frames/b2134f4a6f864613/frame_00021129.jpg,curated/phase2/temporal_frames/b2134f4a6f864613/frame_00021129.jpg,True,d97b9c4b082e55d8566836d1128ea02d3279868a6195f520df12300491bd3058,336,336,\N
/content/drive/MyDrive/MMVQA_Clinical/curated/phase2/temporal_frames/b2134f4a6f864613/frame_00021131.jpg,curated/phase2/temporal_frames/b2134f4a6f864613/frame_00021131.jpg,True,9fdd30290c654d9e634062d138ee28e0f9f90a059778d991f402565a1aa1eafd,336,336,\N
/content/drive/MyDrive/MMVQA_Clinical/curated/phase2/temporal_frames/b2134f4a6f864613/frame_00021136.jpg,curated/phase2/temporal_frames/b2134f4a6f864613/frame_00021136.jpg,True,4c8d07a2cc62be3975484842caa2e521ca31e335c642ce65e2c25e346cd67af2,336,336,\N
/content/drive/MyDrive/MMVQA_Clinical/curated/phase2/temporal_frames/b2134f4a6f864613/frame_00021161.jpg,curated/phase2/temporal_frames/b2134f4a6f864613/frame_00021161.jpg,True,4bea6e259400e222870b2108fe6d2bf293a0cce41d9ec5ba1c6daada1b4e0109,336,336,\N
/content/drive/MyDrive/MMVQA_Clinical/curated/phase2/temporal_frames/bc84479c66fe4da6/frame_00063024.jpg,curated/phase2/temporal_frames/bc84479c66fe4da6/frame_00063024.jpg,True,8a9f59544cec69821e56a94636681507635ffb3abe3cb06553f4c7559420750d,336,336,\N
/content/drive/MyDrive/MMVQA_Clinical/curated/phase2/temporal_frames/bc84479c66fe4da6/frame_00063054.jpg,curated/phase2/temporal_frames/bc84479c66fe4da6/frame_00063054.jpg,True,d7883b708811f53de2f4c011da28ab76e54f1d2de9d4c3ce97e3dcc0ac9c8e27,336,336,\N
/content/drive/MyDrive/MMVQA_Clinical/curated/phase2/temporal_frames/bc84479c66fe4da6/frame_00063114.jpg,curated/phase2/temporal_frames/bc84479c66fe4da6/frame_00063114.jpg,True,0bd88608340faa78952ef92ac66983b22fc1b5160cb5944078af6f75038983f2,336,336,\N
/content/drive/MyDrive/MMVQA_Clinical/curated/phase2/temporal_frames/bc84479c66fe4da6/frame_00063144.jpg,curated/phase2/temporal_frames/bc84479c66fe4da6/frame_00063144.jpg,True,c840f923a02ed7bedd56ba2460a299de3c394b060966a7894dab141e86d5a68c,336,336,\N
/content/drive/MyDrive/MMVQA_Clinical/curated/phase2/temporal_frames/bca26705313a4644/frame_00007804.jpg,curated/phase2/temporal_frames/bca26705313a4644/frame_00007804.jpg,True,f592622d5266e95b3792537471f246b3fda87654ca6c160211148ace4b7cc40c,336,336,\N
/content/drive/MyDrive/MMVQA_Clinical/curated/phase2/temporal_frames/bca26705313a4644/frame_00007834.jpg,curated/phase2/temporal_frames/bca26705313a4644/frame_00007834.jpg,True,a046e8c170d90ca484af1e5d5cc225bd601868d4fa3d72af20da03c0ceeb55f3,336,336,\N
/content/drive/MyDrive/MMVQA_Clinical/curated/phase2/temporal_frames/bca26705313a4644/frame_00007894.jpg,curated/phase2/temporal_frames/bca26705313a4644/frame_00007894.jpg,True,81d38600ab62cbcd13ca738105482fd084a155f06f66c72809ee5b574153746b,336,336,\N
/content/drive/MyDrive/MMVQA_Clinical/curated/phase2/temporal_frames/bca26705313a4644/frame_00007924.jpg,curated/phase2/temporal_frames/bca26705313a4644/frame_00007924.jpg,True,60b08f930b066e40d47fe54109846444ee175105d0d93c5267d9d485cab1f556,336,336,\N
/content/drive/MyDrive/MMVQA_Clinical/curated/phase2/temporal_frames/bca26705313a4644/frame_00013792.jpg,curated/phase2/temporal_frames/bca26705313a4644/frame_00013792.jpg,True,c29e1fb7c6a49319055d1cc4cc5d3020b86568715dbe6acfd81fc627719c13d9,336,336,\N
/content/drive/MyDrive/MMVQA_Clinical/curated/phase2/temporal_frames/bca26705313a4644/frame_00013912.jpg,curated/phase2/temporal_frames/bca26705313a4644/frame_00013912.jpg,True,847c6eebd52b55b6f47e93abc2886993444583e419c3b6a222addf568fcce588,336,336,\N
/content/drive/MyDrive/MMVQA_Clinical/curated/phase2/temporal_frames/bca26705313a4644/frame_00015951.jpg,curated/phase2/temporal_frames/bca26705313a4644/frame_00015951.jpg,True,36ccfcd6d9ac4109ce24e531d49a451fcdc926a21111c6ad7219c2ba47fa2d00,336,336,\N
/content/drive/MyDrive/MMVQA_Clinical/curated/phase2/temporal_frames/bca26705313a4644/frame_00015981.jpg,curated/phase2/temporal_frames/bca26705313a4644/frame_00015981.jpg,True,1146a45050f02880d9292043c7a8b61fd07e56b65a0db84c1d367b7b606fe2c1,336,336,\N
/content/drive/MyDrive/MMVQA_Clinical/curated/phase2/temporal_frames/bca26705313a4644/frame_00015991.jpg,curated/phase2/temporal_frames/bca26705313a4644/frame_00015991.jpg,True,c2500ca9d025cb94baec4a3ad5165839d717f6713a8f600c5dfc167d4f24262a,336,336,\N
/content/drive/MyDrive/MMVQA_Clinical/curated/phase2/temporal_frames/bca26705313a4644/frame_00016001.jpg,curated/phase2/temporal_frames/bca26705313a4644/frame_00016001.jpg,True,ac6fe529506e48bfac889e484a6c0a7d33d2e63ae8cf0b110183c0a4786d14cd,336,336,\N
/content/drive/MyDrive/MMVQA_Clinical/curated/phase2/temporal_frames/bca26705313a4644/frame_00016014.jpg,curated/phase2/temporal_frames/bca26705313a4644/frame_00016014.jpg,True,074ce91413b1ff85745a8e254dc67277345b93972eb75fff246d32b0ed6f4776,336,336,\N
/content/drive/MyDrive/MMVQA_Clinical/curated/phase2/temporal_frames/bca26705313a4644/frame_00016021.jpg,curated/phase2/temporal_frames/bca26705313a4644/frame_00016021.jpg,True,70f0bbc3d480ee61567012c00c60f81f9535137eced9ef890638ff0190fd8f4f,336,336,\N
/content/drive/MyDrive/MMVQA_Clinical/curated/phase2/temporal_frames/bca26705313a4644/frame_00016031.jpg,curated/phase2/temporal_frames/bca26705313a4644/frame_00016031.jpg,True,afcf66839221277f7e377757a056ffe74e23530cd4489ec3fe9613aa4ee7e5d6,336,336,\N
/content/drive/MyDrive/MMVQA_Clinical/curated/phase2/temporal_frames/bca26705313a4644/frame_00016041.jpg,curated/phase2/temporal_frames/bca26705313a4644/frame_00016041.jpg,True,7bd964deac515d14e0db77bf3ab9fd1ea265d1bbeb143aadd74ccd2add96c257,336,336,\N
/content/drive/MyDrive/MMVQA_Clinical/curated/phase2/temporal_frames/bca26705313a4644/frame_00016044.jpg,curated/phase2/temporal_frames/bca26705313a4644/frame_00016044.jpg,True,d1d030f0f2a2f721888871c40081bed0f52ac1989a48b64b974e6f0768f148a7,336,336,\N
/content/drive/MyDrive/MMVQA_Clinical/curated/phase2/temporal_frames/bca26705313a4644/frame_00016071.jpg,curated/phase2/temporal_frames/bca26705313a4644/frame_00016071.jpg,True,f457c0f1f94caa4b8f1bb8c951096e988b133e6595eb03caa6e5d4583faaa754,336,336,\N
/content/drive/MyDrive/MMVQA_Clinical/curated/phase2/temporal_frames/bca26705313a4644/frame_00016080.jpg,curated/phase2/temporal_frames/bca26705313a4644/frame_00016080.jpg,True,7064cc43c219ade4045ce5a4745ece4b141f1cb82463dba45b166bea057a7b37,336,336,\N
/content/drive/MyDrive/MMVQA_Clinical/curated/phase2/temporal_frames/bca26705313a4644/frame_00016081.jpg,curated/phase2/temporal_frames/bca26705313a4644/frame_00016081.jpg,True,bacba4cd4189d0e30655dce2905f5e5c54709b117138de95d50ac380a8752f4d,336,336,\N
/content/drive/MyDrive/MMVQA_Clinical/curated/phase2/temporal_frames/bca26705313a4644/frame_00016087.jpg,curated/phase2/temporal_frames/bca26705313a4644/frame_00016087.jpg,True,580ef331d380f86e7c262b92471622523442d00dac32a6421150492fefd71a0f,336,336,\N
/content/drive/MyDrive/MMVQA_Clinical/curated/phase2/temporal_frames/bca26705313a4644/frame_00016091.jpg,curated/phase2/temporal_frames/bca26705313a4644/frame_00016091.jpg,True,31f67f33edd11a46e941f01e3b30e684678de5e844a42c0ac7217beb67bbc5c8,336,336,\N
/content/drive/MyDrive/MMVQA_Clinical/curated/phase2/temporal_frames/bca26705313a4644/frame_00016093.jpg,curated/phase2/temporal_frames/bca26705313a4644/frame_00016093.jpg,True,85b0a0bddff315fa8c12b2e6e863132b549b5eb48f2072e3812a7b57451ac699,336,336,\N
/content/drive/MyDrive/MMVQA_Clinical/curated/phase2/temporal_frames/bca26705313a4644/frame_00016104.jpg,curated/phase2/temporal_frames/bca26705313a4644/frame_00016104.jpg,True,bf3ccc37add033007697e432233258493aabfc6c6440a3e8df086c14f80dbdf8,336,336,\N
/content/drive/MyDrive/MMVQA_Clinical/curated/phase2/temporal_frames/bca26705313a4644/frame_00016109.jpg,curated/phase2/temporal_frames/bca26705313a4644/frame_00016109.jpg,True,7abf35cf488aaa933fcac954a518d52a7595ade041260245d76e89f8e9d520d7,336,336,\N
/content/drive/MyDrive/MMVQA_Clinical/curated/phase2/temporal_frames/bca26705313a4644/frame_00016110.jpg,curated/phase2/temporal_frames/bca26705313a4644/frame_00016110.jpg,True,6b3bc354f2ec73bbed0ecb80da72bb3d0fd9429be43cc8e07c147db54632916a,336,336,\N
/content/drive/MyDrive/MMVQA_Clinical/curated/phase2/temporal_frames/bca26705313a4644/frame_00016111.jpg,curated/phase2/temporal_frames/bca26705313a4644/frame_00016111.jpg,True,1cfe2af2886c414367ff213d8928eb467c6ab92f7db6177e10db0eb7ca12a9f3,336,336,\N
/content/drive/MyDrive/MMVQA_Clinical/curated/phase2/temporal_frames/bca26705313a4644/frame_00016117.jpg,curated/phase2/temporal_frames/bca26705313a4644/frame_00016117.jpg,True,c19bed94f8775c866450d9c571de82438490bb97ea45399c3bcf6622e42a7605,336,336,\N
/content/drive/MyDrive/MMVQA_Clinical/curated/phase2/temporal_frames/bca26705313a4644/frame_00016121.jpg,curated/phase2/temporal_frames/bca26705313a4644/frame_00016121.jpg,True,c72434841ba05c2b94a76ff8a901cad9c059f0a117f849b6a531bb85f1cac52e,336,336,\N
/content/drive/MyDrive/MMVQA_Clinical/curated/phase2/temporal_frames/bca26705313a4644/frame_00016123.jpg,curated/phase2/temporal_frames/bca26705313a4644/frame_00016123.jpg,True,a3bc161133ad003df0576e832d8c833ab9f40593a847784f34844bc7cdc86ef7,336,336,\N
/content/drive/MyDrive/MMVQA_Clinical/curated/phase2/temporal_frames/bca26705313a4644/frame_00016134.jpg,curated/phase2/temporal_frames/bca26705313a4644/frame_00016134.jpg,True,d8a2eb6990e5f62b51c2f78398fe77b02558c51a05f220e78690db2412f92a76,336,336,\N
/content/drive/MyDrive/MMVQA_Clinical/curated/phase2/temporal_frames/bca26705313a4644/frame_00016177.jpg,curated/phase2/temporal_frames/bca26705313a4644/frame_00016177.jpg,True,5fc3e612f81c01f7943ec0425e79cf02ecf9deb6f75d8f25e12185df5ca2f09d,336,336,\N
/content/drive/MyDrive/MMVQA_Clinical/curated/phase2/temporal_frames/bca26705313a4644/frame_00016183.jpg,curated/phase2/temporal_frames/bca26705313a4644/frame_00016183.jpg,True,c7bd5d8e0f25bec8a84aec9e73eb038a6f4e627dde40c151f27acdcba3c3ef3d,336,336,\N
/content/drive/MyDrive/MMVQA_Clinical/curated/phase2/temporal_frames/bca26705313a4644/frame_00016199.jpg,curated/phase2/temporal_frames/bca26705313a4644/frame_00016199.jpg,True,fe3046227391d59332281d3c56c72496ca15d13bcaab409bfbaf901199bfe8c7,336,336,\N
/content/drive/MyDrive/MMVQA_Clinical/curated/phase2/temporal_frames/bca26705313a4644/frame_00016200.jpg,curated/phase2/temporal_frames/bca26705313a4644/frame_00016200.jpg,True,0b6d0bcb1cd17e8228c7f6c67e6be32b2403de8e895ffa5d859513556a24aeef,336,336,\N
/content/drive/MyDrive/MMVQA_Clinical/curated/phase2/temporal_frames/bca26705313a4644/frame_00016207.jpg,curated/phase2/temporal_frames/bca26705313a4644/frame_00016207.jpg,True,72a6ef352344c2431408411ee00288e1bd017a6dd1c21b3faceb70325909693c,336,336,\N
/content/drive/MyDrive/MMVQA_Clinical/curated/phase2/temporal_frames/bca26705313a4644/frame_00016213.jpg,curated/phase2/temporal_frames/bca26705313a4644/frame_00016213.jpg,True,459bb496f1170d196b39d5e6c11375c8ddc81ebcd28f7c1bab119bdf5b907935,336,336,\N
/content/drive/MyDrive/MMVQA_Clinical/curated/phase2/temporal_frames/bca26705313a4644/frame_00016229.jpg,curated/phase2/temporal_frames/bca26705313a4644/frame_00016229.jpg,True,2b9cc3cabf541666ff529f77b77285a9b3775d51195d495099392b278d51111e,336,336,\N
/content/drive/MyDrive/MMVQA_Clinical/curated/phase2/temporal_frames/bca26705313a4644/frame_00016332.jpg,curated/phase2/temporal_frames/bca26705313a4644/frame_00016332.jpg,True,004b728b2fd18c3863ded7e5109cf9f957c9d7e014ea25d06b6337669b9babef,336,336,\N
/content/drive/MyDrive/MMVQA_Clinical/curated/phase2/temporal_frames/bca26705313a4644/frame_00016336.jpg,curated/phase2/temporal_frames/bca26705313a4644/frame_00016336.jpg,True,8797d31d4529754292e038154b05af821151d0e2a2acb621e1533323ca87bce9,336,336,\N
/content/drive/MyDrive/MMVQA_Clinical/curated/phase2/temporal_frames/bca26705313a4644/frame_00016340.jpg,curated/phase2/temporal_frames/bca26705313a4644/frame_00016340.jpg,True,e1009d246f95a17fc45fc02386208029277d08790dd353eeba4e777e30317a55,336,336,\N
/content/drive/MyDrive/MMVQA_Clinical/curated/phase2/temporal_frames/bca26705313a4644/frame_00016346.jpg,curated/phase2/temporal_frames/bca26705313a4644/frame_00016346.jpg,True,fc5656bc67b7f9085f991535a12d499c0a6fbf4f6ae911f508ca732fc2d155f2,336,336,\N
/content/drive/MyDrive/MMVQA_Clinical/curated/phase2/temporal_frames/bca26705313a4644/frame_00016362.jpg,curated/phase2/temporal_frames/bca26705313a4644/frame_00016362.jpg,True,ec63a841e7bbc300c24b0cf6681ba8e2a956386424bbd165bcbc159f8fdc94ae,336,336,\N
/content/drive/MyDrive/MMVQA_Clinical/curated/phase2/temporal_frames/bca26705313a4644/frame_00016366.jpg,curated/phase2/temporal_frames/bca26705313a4644/frame_00016366.jpg,True,f1b902b4f84d2a02c4aa92f578a056e82215f7636dbb74a883b7a43e58ef851e,336,336,\N
/content/drive/MyDrive/MMVQA_Clinical/curated/phase2/temporal_frames/bca26705313a4644/frame_00016370.jpg,curated/phase2/temporal_frames/bca26705313a4644/frame_00016370.jpg,True,1ce7cd905423158ebc60159cd7db1b756c51be93135d289e01853a10e40a4491,336,336,\N
/content/drive/MyDrive/MMVQA_Clinical/curated/phase2/temporal_frames/bca26705313a4644/frame_00016376.jpg,curated/phase2/temporal_frames/bca26705313a4644/frame_00016376.jpg,True,04c871f12cbfab82eb02474eeef68b2e1883c0a21a338d611b28f00f34361f1f,336,336,\N
/content/drive/MyDrive/MMVQA_Clinical/curated/phase2/temporal_frames/bca26705313a4644/frame_00016422.jpg,curated/phase2/temporal_frames/bca26705313a4644/frame_00016422.jpg,True,12a6371358715c5b368d8b0057a38c89b450a9d0a455823d3bb850200dc16601,336,336,\N
/content/drive/MyDrive/MMVQA_Clinical/curated/phase2/temporal_frames/bca26705313a4644/frame_00016426.jpg,curated/phase2/temporal_frames/bca26705313a4644/frame_00016426.jpg,True,47a07482531a91279c29234bd660683868caa37214245f6ea46cc75896631350,336,336,\N
/content/drive/MyDrive/MMVQA_Clinical/curated/phase2/temporal_frames/bca26705313a4644/frame_00016430.jpg,curated/phase2/temporal_frames/bca26705313a4644/frame_00016430.jpg,True,9aa83bebb3c82604d5c3a4a0522e178c65b3d86a9f47c7a7817444022cdba880,336,336,\N
/content/drive/MyDrive/MMVQA_Clinical/curated/phase2/temporal_frames/bca26705313a4644/frame_00016436.jpg,curated/phase2/temporal_frames/bca26705313a4644/frame_00016436.jpg,True,e9ee86171ba4ac961a382be0e98af75fc82ccfafeb827128f81500793a9c2e49,336,336,\N
/content/drive/MyDrive/MMVQA_Clinical/curated/phase2/temporal_frames/bca26705313a4644/frame_00016452.jpg,curated/phase2/temporal_frames/bca26705313a4644/frame_00016452.jpg,True,eb4fee7ee989dc9044a4eb0cbddca7764dd962af445b98a47b0cdb07e9dff75c,336,336,\N
/content/drive/MyDrive/MMVQA_Clinical/curated/phase2/temporal_frames/bca26705313a4644/frame_00016456.jpg,curated/phase2/temporal_frames/bca26705313a4644/frame_00016456.jpg,True,c39f233196ced5b6a6b0c5bca44189dc1fee0514cd882cfcde3e6d341f770375,336,336,\N
/content/drive/MyDrive/MMVQA_Clinical/curated/phase2/temporal_frames/bca26705313a4644/frame_00016460.jpg,curated/phase2/temporal_frames/bca26705313a4644/frame_00016460.jpg,True,9c97e1839a76b4a6838e39e047400f73de8551ca9d1d36f9a37a7c1745b71394,336,336,\N
/content/drive/MyDrive/MMVQA_Clinical/curated/phase2/temporal_frames/bca26705313a4644/frame_00016466.jpg,curated/phase2/temporal_frames/bca26705313a4644/frame_00016466.jpg,True,c700ad0ca8e55e67eeb6bb342ce27afa26e4fd5b096462f123fc29ad88b83274,336,336,\N
/content/drive/MyDrive/MMVQA_Clinical/curated/phase2/temporal_frames/bca26705313a4644/frame_00018006.jpg,curated/phase2/temporal_frames/bca26705313a4644/frame_00018006.jpg,True,1d65b69ebeac2afc8915c026dd56bfabb3c8f904b8aa0b325a8271ef9eb002d9,336,336,\N
/content/drive/MyDrive/MMVQA_Clinical/curated/phase2/temporal_frames/bca26705313a4644/frame_00018036.jpg,curated/phase2/temporal_frames/bca26705313a4644/frame_00018036.jpg,True,7f3c4b4b729375ca725816f8eb6d21a22505ece2bab9e12ac7209566b18739b7,336,336,\N
/content/drive/MyDrive/MMVQA_Clinical/curated/phase2/temporal_frames/bca26705313a4644/frame_00018051.jpg,curated/phase2/temporal_frames/bca26705313a4644/frame_00018051.jpg,True,5c9390a63b789fb2f7c0a1cb1bd70cb8f10bffd7de2ba06f0996a0a4ccddb43f,336,336,\N
/content/drive/MyDrive/MMVQA_Clinical/curated/phase2/temporal_frames/bca26705313a4644/frame_00018072.jpg,curated/phase2/temporal_frames/bca26705313a4644/frame_00018072.jpg,True,77af25b695378d3948d1deb9b6bc9b936b99dcceb8c955378fa445c481ca34c9,336,336,\N
/content/drive/MyDrive/MMVQA_Clinical/curated/phase2/temporal_frames/bca26705313a4644/frame_00018081.jpg,curated/phase2/temporal_frames/bca26705313a4644/frame_00018081.jpg,True,e7be4d4be9ebe29f03ba180c833aa5b36792d6c8b9cd4200ed29ed1bcc277aae,336,336,\N
/content/drive/MyDrive/MMVQA_Clinical/curated/phase2/temporal_frames/bca26705313a4644/frame_00018096.jpg,curated/phase2/temporal_frames/bca26705313a4644/frame_00018096.jpg,True,a7e5db9ab6529e1ab5ba182a80451e38e74979d9c6a23ab0c1f212eb127865ba,336,336,\N
/content/drive/MyDrive/MMVQA_Clinical/curated/phase2/temporal_frames/bca26705313a4644/frame_00018102.jpg,curated/phase2/temporal_frames/bca26705313a4644/frame_00018102.jpg,True,161a5941b46f2e5037bee9046511d7e40a490aaff12ca1db5d4f3e4662a19942,336,336,\N
/content/drive/MyDrive/MMVQA_Clinical/curated/phase2/temporal_frames/bca26705313a4644/frame_00018105.jpg,curated/phase2/temporal_frames/bca26705313a4644/frame_00018105.jpg,True,a7041381b12fa63ef0abd950e365e29db4e0f63a1f0d818802c8b0142b1d3ef1,336,336,\N
/content/drive/MyDrive/MMVQA_Clinical/curated/phase2/temporal_frames/bca26705313a4644/frame_00018120.jpg,curated/phase2/temporal_frames/bca26705313a4644/frame_00018120.jpg,True,6831a8eb31942bd2187d07a9588b0c28876d9809e8f13ef051d3b94845b349b0,336,336,\N
/content/drive/MyDrive/MMVQA_Clinical/curated/phase2/temporal_frames/bca26705313a4644/frame_00018126.jpg,curated/phase2/temporal_frames/bca26705313a4644/frame_00018126.jpg,True,fdc79aadbaccd6a57e12782cd1db3333669b47981ccfc5820a8de95469b84468,336,336,\N
/content/drive/MyDrive/MMVQA_Clinical/curated/phase2/temporal_frames/bca26705313a4644/frame_00018135.jpg,curated/phase2/temporal_frames/bca26705313a4644/frame_00018135.jpg,True,6c036e5a0bd665668f71b760ea9ee7043e566e98855bb6fac3bd96e1cd0d3c2d,336,336,\N
/content/drive/MyDrive/MMVQA_Clinical/curated/phase2/temporal_frames/bca26705313a4644/frame_00018141.jpg,curated/phase2/temporal_frames/bca26705313a4644/frame_00018141.jpg,True,3d84444a0f8edc6711639900202bb30438b54c9945fa5539a0bf7afcd7162840,336,336,\N
/content/drive/MyDrive/MMVQA_Clinical/curated/phase2/temporal_frames/bca26705313a4644/frame_00018150.jpg,curated/phase2/temporal_frames/bca26705313a4644/frame_00018150.jpg,True,59bb32574288ab733645c50ac7b8c9c2eda30491e48abed557004b3b2554b1eb,336,336,\N
/content/drive/MyDrive/MMVQA_Clinical/curated/phase2/temporal_frames/bca26705313a4644/frame_00018160.jpg,curated/phase2/temporal_frames/bca26705313a4644/frame_00018160.jpg,True,31b8ed59f38be16c2ca1dfbc0865d0d929440b3739af94d6574fe63ebeb147a6,336,336,\N
/content/drive/MyDrive/MMVQA_Clinical/curated/phase2/temporal_frames/bca26705313a4644/frame_00018162.jpg,curated/phase2/temporal_frames/bca26705313a4644/frame_00018162.jpg,True,4201aba949f084922c3e179a5626db4c0adb5e465dd5356738f994cd30562d32,336,336,\N
/content/drive/MyDrive/MMVQA_Clinical/curated/phase2/temporal_frames/bca26705313a4644/frame_00018171.jpg,curated/phase2/temporal_frames/bca26705313a4644/frame_00018171.jpg,True,eccf2129f9c21b82b8a804032e96a83515b744361d9b32afc08455a449a12eb0,336,336,\N
/content/drive/MyDrive/MMVQA_Clinical/curated/phase2/temporal_frames/bca26705313a4644/frame_00018192.jpg,curated/phase2/temporal_frames/bca26705313a4644/frame_00018192.jpg,True,2ec2623d0e51a3850d66a1772c3b064f0193ee7f6af327588e92361a2fb7bcb2,336,336,\N
/content/drive/MyDrive/MMVQA_Clinical/curated/phase2/temporal_frames/bca26705313a4644/frame_00018195.jpg,curated/phase2/temporal_frames/bca26705313a4644/frame_00018195.jpg,True,c64f4436b96a820514dbbe706a4679f2f14df63c75c936e3a3da4a1c493b7266,336,336,\N
/content/drive/MyDrive/MMVQA_Clinical/curated/phase2/temporal_frames/bca26705313a4644/frame_00018210.jpg,curated/phase2/temporal_frames/bca26705313a4644/frame_00018210.jpg,True,61ffd5346c37a0221de3219ca8a70fdd2ebdaa64929328b5d9f870eb46e9c4ba,336,336,\N
/content/drive/MyDrive/MMVQA_Clinical/curated/phase2/temporal_frames/bca26705313a4644/frame_00018220.jpg,curated/phase2/temporal_frames/bca26705313a4644/frame_00018220.jpg,True,782e95771e7c4dce36b83213f3e7fb500c8e2f49b263da80d4627eab8523ba7e,336,336,\N
/content/drive/MyDrive/MMVQA_Clinical/curated/phase2/temporal_frames/bca26705313a4644/frame_00018225.jpg,curated/phase2/temporal_frames/bca26705313a4644/frame_00018225.jpg,True,8dacdee8dd48d3455b8d8c0829cc93291e613ad133a76ef7c0143158fdab4e21,336,336,\N
/content/drive/MyDrive/MMVQA_Clinical/curated/phase2/temporal_frames/bca26705313a4644/frame_00018240.jpg,curated/phase2/temporal_frames/bca26705313a4644/frame_00018240.jpg,True,69f8b1d501341ed84a151010fac821a6f63c51db1e6e1a2cb063632919b9b645,336,336,\N
/content/drive/MyDrive/MMVQA_Clinical/curated/phase2/temporal_frames/bca26705313a4644/frame_00018250.jpg,curated/phase2/temporal_frames/bca26705313a4644/frame_00018250.jpg,True,87db3571d2c5d90cb593867edeb0dbb3208fb9ed693c205295e759835492e775,336,336,\N
/content/drive/MyDrive/MMVQA_Clinical/curated/phase2/temporal_frames/bca26705313a4644/frame_00020343.jpg,curated/phase2/temporal_frames/bca26705313a4644/frame_00020343.jpg,True,2bb2fc36484f7cf5aacb03b70d3ba833de3eb35c3e96b6e3c7c665fe48a18e89,336,336,\N
/content/drive/MyDrive/MMVQA_Clinical/curated/phase2/temporal_frames/bca26705313a4644/frame_00020373.jpg,curated/phase2/temporal_frames/bca26705313a4644/frame_00020373.jpg,True,4748e38fc0c8373b37fce71a1b5efc0a687bf357a01e53b878bff6a418af55bf,336,336,\N
/content/drive/MyDrive/MMVQA_Clinical/curated/phase2/temporal_frames/bca26705313a4644/frame_00020433.jpg,curated/phase2/temporal_frames/bca26705313a4644/frame_00020433.jpg,True,e806f03e8493524cc7603bb87682b7847078297e43cdabf597c911ae3d003a9c,336,336,\N
/content/drive/MyDrive/MMVQA_Clinical/curated/phase2/temporal_frames/bca26705313a4644/frame_00020463.jpg,curated/phase2/temporal_frames/bca26705313a4644/frame_00020463.jpg,True,a03f2b7b35cf162ea42537d3ab0484a70e124e9d6246d79fa911e07c55ed7c0d,336,336,\N
/content/drive/MyDrive/MMVQA_Clinical/curated/phase2/temporal_frames/bca26705313a4644/frame_00022487.jpg,curated/phase2/temporal_frames/bca26705313a4644/frame_00022487.jpg,True,40245931217e9614ab9cb835669d22d4a50f0e9f4712b2b3b9a351b17c964dcb,336,336,\N
/content/drive/MyDrive/MMVQA_Clinical/curated/phase2/temporal_frames/bca26705313a4644/frame_00022607.jpg,curated/phase2/temporal_frames/bca26705313a4644/frame_00022607.jpg,True,195f91df7bdf02186cea5dfd69e24e4e5a8542fece4980d481e2fac053408d99,336,336,\N
/content/drive/MyDrive/MMVQA_Clinical/curated/phase2/temporal_frames/bca26705313a4644/frame_00046142.jpg,curated/phase2/temporal_frames/bca26705313a4644/frame_00046142.jpg,True,ff971e317248d33abc8e6332097a6c42a593a0e954a10dba5c104b7020df76ae,336,336,\N
/content/drive/MyDrive/MMVQA_Clinical/curated/phase2/temporal_frames/bca26705313a4644/frame_00046172.jpg,curated/phase2/temporal_frames/bca26705313a4644/frame_00046172.jpg,True,c76757ff3625aaed3c9403d429abe34652d91fb8ce1e5f0467f9a92fd3345a40,336,336,\N
/content/drive/MyDrive/MMVQA_Clinical/curated/phase2/temporal_frames/bca26705313a4644/frame_00046232.jpg,curated/phase2/temporal_frames/bca26705313a4644/frame_00046232.jpg,True,7b6b67211147503905864512537d3e5a52ce5843164862f111bd129d1a71352c,336,336,\N
/content/drive/MyDrive/MMVQA_Clinical/curated/phase2/temporal_frames/bca26705313a4644/frame_00046262.jpg,curated/phase2/temporal_frames/bca26705313a4644/frame_00046262.jpg,True,d93ce593ff8f9d9bf7c2f150b7999323313f3f3e3a2fc0b5b6d5a8d2d7d64e87,336,336,\N
/content/drive/MyDrive/MMVQA_Clinical/curated/phase2/temporal_frames/c11b28a8b2344716/frame_00000555.jpg,curated/phase2/temporal_frames/c11b28a8b2344716/frame_00000555.jpg,True,71837b3185ede4704482030223a2644f916506647180ded8adeded05570e5c22,336,336,\N
/content/drive/MyDrive/MMVQA_Clinical/curated/phase2/temporal_frames/c11b28a8b2344716/frame_00000675.jpg,curated/phase2/temporal_frames/c11b28a8b2344716/frame_00000675.jpg,True,7d329da42fbcc97e266bd36a7234fe6e27ea44cf1ae706467f9437a4f1b27879,336,336,\N
/content/drive/MyDrive/MMVQA_Clinical/curated/phase2/temporal_frames/c7084b3556e34619/frame_00016317.jpg,curated/phase2/temporal_frames/c7084b3556e34619/frame_00016317.jpg,True,70d7daaf13ede63be3601d6df23aaa4a528409052366ecbc0ed4c7c0202a1c97,336,336,\N
/content/drive/MyDrive/MMVQA_Clinical/curated/phase2/temporal_frames/c7084b3556e34619/frame_00016347.jpg,curated/phase2/temporal_frames/c7084b3556e34619/frame_00016347.jpg,True,1c901be5853fba1f1c2daeb132a8597be0b099974fe8c01211442214fea6e17e,336,336,\N
/content/drive/MyDrive/MMVQA_Clinical/curated/phase2/temporal_frames/c7084b3556e34619/frame_00016407.jpg,curated/phase2/temporal_frames/c7084b3556e34619/frame_00016407.jpg,True,d2ecd8b2a479e3c530c84bfa2107fc1fa536fa23f9703fee7c6d37fa8a64f032,336,336,\N
/content/drive/MyDrive/MMVQA_Clinical/curated/phase2/temporal_frames/c7084b3556e34619/frame_00016437.jpg,curated/phase2/temporal_frames/c7084b3556e34619/frame_00016437.jpg,True,c5800153fdb8e42e56000115c4125156a36e1707bf1b186634cc1351a17fab83,336,336,\N
/content/drive/MyDrive/MMVQA_Clinical/curated/phase2/temporal_frames/c7084b3556e34619/frame_00021342.jpg,curated/phase2/temporal_frames/c7084b3556e34619/frame_00021342.jpg,True,c9fb2aa3b0794f31eded6db4b25745010176c6bbd975631473059e48b919dd49,336,336,\N
/content/drive/MyDrive/MMVQA_Clinical/curated/phase2/temporal_frames/c7084b3556e34619/frame_00021462.jpg,curated/phase2/temporal_frames/c7084b3556e34619/frame_00021462.jpg,True,d0060234a839ba4662833451dc5d6cb78529059d4a5592b0804c181d04b2a358,336,336,\N
/content/drive/MyDrive/MMVQA_Clinical/curated/phase2/temporal_frames/d369e4f163df4aba/frame_00001092.jpg,curated/phase2/temporal_frames/d369e4f163df4aba/frame_00001092.jpg,True,6bb5ae8cfc9f9f6f4aaac5999c8999b425e600e7a1c33b0be2ea6d11fb0163c2,336,336,\N
/content/drive/MyDrive/MMVQA_Clinical/curated/phase2/temporal_frames/d369e4f163df4aba/frame_00001122.jpg,curated/phase2/temporal_frames/d369e4f163df4aba/frame_00001122.jpg,True,89dffaaf1bacdccf4b1568c3e5ae3a797617e164f55a3f6fa8041ad9520008b9,336,336,\N
/content/drive/MyDrive/MMVQA_Clinical/curated/phase2/temporal_frames/d369e4f163df4aba/frame_00001182.jpg,curated/phase2/temporal_frames/d369e4f163df4aba/frame_00001182.jpg,True,d048a5de5a37653b2c3a36be10c10455468f59f80f2a86281142f03440bb28e9,336,336,\N
/content/drive/MyDrive/MMVQA_Clinical/curated/phase2/temporal_frames/d369e4f163df4aba/frame_00001212.jpg,curated/phase2/temporal_frames/d369e4f163df4aba/frame_00001212.jpg,True,c6ca5c0401d7c8cf3696a3bd0cd6b7eefed72a3846e70529192688fa5ff611b8,336,336,\N
/content/drive/MyDrive/MMVQA_Clinical/curated/phase2/temporal_frames/d369e4f163df4aba/frame_00002051.jpg,curated/phase2/temporal_frames/d369e4f163df4aba/frame_00002051.jpg,True,06320683fe8b0023e7362625247e2321dfd386e577dbaed06f167d2a55e1ee87,336,336,\N
/content/drive/MyDrive/MMVQA_Clinical/curated/phase2/temporal_frames/d369e4f163df4aba/frame_00002068.jpg,curated/phase2/temporal_frames/d369e4f163df4aba/frame_00002068.jpg,True,9e9fb68a69dc4f89349314daf6627cce88127780fda69596ecb50b9998c7d3b3,336,336,\N
/content/drive/MyDrive/MMVQA_Clinical/curated/phase2/temporal_frames/d369e4f163df4aba/frame_00002081.jpg,curated/phase2/temporal_frames/d369e4f163df4aba/frame_00002081.jpg,True,71835de556a0d591172e33823999a2c2e22a63b768436219a50f9ba8978ac7cb,336,336,\N
/content/drive/MyDrive/MMVQA_Clinical/curated/phase2/temporal_frames/d369e4f163df4aba/frame_00002098.jpg,curated/phase2/temporal_frames/d369e4f163df4aba/frame_00002098.jpg,True,02208e3439d9f69adee407007ac7353ada90c849fe33aafe8d9e87f67e5b90e0,336,336,\N
/content/drive/MyDrive/MMVQA_Clinical/curated/phase2/temporal_frames/d369e4f163df4aba/frame_00002141.jpg,curated/phase2/temporal_frames/d369e4f163df4aba/frame_00002141.jpg,True,b5f5ecbef6d8e254bce3935c92ad5a032526dee442558ad9fd618e13156e7f4c,336,336,\N
/content/drive/MyDrive/MMVQA_Clinical/curated/phase2/temporal_frames/d369e4f163df4aba/frame_00002158.jpg,curated/phase2/temporal_frames/d369e4f163df4aba/frame_00002158.jpg,True,9d7939ec98fbf9bf6527941547cf440753d1da5b305ca326cc9f46a12fc89145,336,336,\N
/content/drive/MyDrive/MMVQA_Clinical/curated/phase2/temporal_frames/d369e4f163df4aba/frame_00002171.jpg,curated/phase2/temporal_frames/d369e4f163df4aba/frame_00002171.jpg,True,95fc777259ae40a2cdd493757d2b1007f2659f100694bf1e64fb249cec9819ad,336,336,\N
/content/drive/MyDrive/MMVQA_Clinical/curated/phase2/temporal_frames/d369e4f163df4aba/frame_00002188.jpg,curated/phase2/temporal_frames/d369e4f163df4aba/frame_00002188.jpg,True,fcaa366e667dfa4d8eca013dcd01521adfdde4403147c0d4ef6bc387b8c37420,336,336,\N
/content/drive/MyDrive/MMVQA_Clinical/curated/phase2/temporal_frames/d369e4f163df4aba/frame_00011984.jpg,curated/phase2/temporal_frames/d369e4f163df4aba/frame_00011984.jpg,True,fbb66a868a23760b4fa4bc5b1024e9b3835f5f816c0681a10245faf848102ac2,336,336,\N
/content/drive/MyDrive/MMVQA_Clinical/curated/phase2/temporal_frames/d369e4f163df4aba/frame_00012104.jpg,curated/phase2/temporal_frames/d369e4f163df4aba/frame_00012104.jpg,True,5ecfbb5574c5d9456b6f62766757d7f6d363d6357235720a814aa8cb10c51578,336,336,\N
/content/drive/MyDrive/MMVQA_Clinical/curated/phase2/temporal_frames/d369e4f163df4aba/frame_00012111.jpg,curated/phase2/temporal_frames/d369e4f163df4aba/frame_00012111.jpg,True,30e143a4dfce3fffc5c92120491bd28f7361f6770daf13512d0e2a564608727d,336,336,\N
/content/drive/MyDrive/MMVQA_Clinical/curated/phase2/temporal_frames/d369e4f163df4aba/frame_00012125.jpg,curated/phase2/temporal_frames/d369e4f163df4aba/frame_00012125.jpg,True,e59561e2851b18ddfdaa351bacad665a1d3965b46a36bf79ad171d0fddc5d89d,336,336,\N
/content/drive/MyDrive/MMVQA_Clinical/curated/phase2/temporal_frames/d369e4f163df4aba/frame_00012141.jpg,curated/phase2/temporal_frames/d369e4f163df4aba/frame_00012141.jpg,True,c2e109a4c79cfb19c41b08ad4c0eff4331070902fad766266e10fa4731cb4903,336,336,\N
/content/drive/MyDrive/MMVQA_Clinical/curated/phase2/temporal_frames/d369e4f163df4aba/frame_00012155.jpg,curated/phase2/temporal_frames/d369e4f163df4aba/frame_00012155.jpg,True,4b5642ebacac02788b179e1bcb0ad9b5b9fd4b7706ca3ba04014dd04a20c02ee,336,336,\N
/content/drive/MyDrive/MMVQA_Clinical/curated/phase2/temporal_frames/d369e4f163df4aba/frame_00013237.jpg,curated/phase2/temporal_frames/d369e4f163df4aba/frame_00013237.jpg,True,615bf94215284b063d26c435f659360a2048e3f251fb6954a0fc3e3a8de4b31d,336,336,\N
/content/drive/MyDrive/MMVQA_Clinical/curated/phase2/temporal_frames/d369e4f163df4aba/frame_00013266.jpg,curated/phase2/temporal_frames/d369e4f163df4aba/frame_00013266.jpg,True,09f1e559c6d9593a136247057cb632cd65cbe3db732166423dac08b9b0138baf,336,336,\N
/content/drive/MyDrive/MMVQA_Clinical/curated/phase2/temporal_frames/d369e4f163df4aba/frame_00013267.jpg,curated/phase2/temporal_frames/d369e4f163df4aba/frame_00013267.jpg,True,33af34ecf327bb86dde392c1269f42fe390512bbb07265d1dc975b94e435786d,336,336,\N
/content/drive/MyDrive/MMVQA_Clinical/curated/phase2/temporal_frames/d369e4f163df4aba/frame_00013343.jpg,curated/phase2/temporal_frames/d369e4f163df4aba/frame_00013343.jpg,True,a02afd45706a28e432f20b7c90017b86b70e883922ec0c3734b25a31dd0cb514,336,336,\N
/content/drive/MyDrive/MMVQA_Clinical/curated/phase2/temporal_frames/d369e4f163df4aba/frame_00013403.jpg,curated/phase2/temporal_frames/d369e4f163df4aba/frame_00013403.jpg,True,6144ae54a39ee74bb8afe5e6b4fbed36fce69a0cfd66629e8afe04e7e3aaacea,336,336,\N
/content/drive/MyDrive/MMVQA_Clinical/curated/phase2/temporal_frames/d369e4f163df4aba/frame_00014140.jpg,curated/phase2/temporal_frames/d369e4f163df4aba/frame_00014140.jpg,True,4a3f366f1697b7a07698408becc9d9386e0327818b18b34c82c5570347b2c608,336,336,\N
/content/drive/MyDrive/MMVQA_Clinical/curated/phase2/temporal_frames/d369e4f163df4aba/frame_00014169.jpg,curated/phase2/temporal_frames/d369e4f163df4aba/frame_00014169.jpg,True,c273e6cd361fd8e121a929673e1547d83e626c2bf2a25809e796e3c94de0a686,336,336,\N
/content/drive/MyDrive/MMVQA_Clinical/curated/phase2/temporal_frames/d369e4f163df4aba/frame_00014170.jpg,curated/phase2/temporal_frames/d369e4f163df4aba/frame_00014170.jpg,True,2b039ecf97e11b314e4b71823aef74924a6cf4c36fe963a91ee0f203fc0c8155,336,336,\N
/content/drive/MyDrive/MMVQA_Clinical/curated/phase2/temporal_frames/d369e4f163df4aba/frame_00014184.jpg,curated/phase2/temporal_frames/d369e4f163df4aba/frame_00014184.jpg,True,0f886154ad9519e6e4c7695d38c22966d3d736a94b884896e0ab228679c6649b,336,336,\N
/content/drive/MyDrive/MMVQA_Clinical/curated/phase2/temporal_frames/d369e4f163df4aba/frame_00014214.jpg,curated/phase2/temporal_frames/d369e4f163df4aba/frame_00014214.jpg,True,b506dad7e1d434c3e4c9bd9ab1b15904d99e41187ca4dbb60f08fb2b24cdf8a5,336,336,\N
/content/drive/MyDrive/MMVQA_Clinical/curated/phase2/temporal_frames/d369e4f163df4aba/frame_00014230.jpg,curated/phase2/temporal_frames/d369e4f163df4aba/frame_00014230.jpg,True,06d46b0b693a3b8278aabae39d0263e05983a2630d193eaaf6333a77de08741a,336,336,\N
/content/drive/MyDrive/MMVQA_Clinical/curated/phase2/temporal_frames/d369e4f163df4aba/frame_00014259.jpg,curated/phase2/temporal_frames/d369e4f163df4aba/frame_00014259.jpg,True,408cac2c00989d954f87df69b209fb5326ad6ce1295a11f8773779eef3746774,336,336,\N
/content/drive/MyDrive/MMVQA_Clinical/curated/phase2/temporal_frames/d369e4f163df4aba/frame_00014260.jpg,curated/phase2/temporal_frames/d369e4f163df4aba/frame_00014260.jpg,True,d81538ced4dcc889d5140b47ae2bfca4ca947b93ea02ec4980b8e3f5f78c8526,336,336,\N
/content/drive/MyDrive/MMVQA_Clinical/curated/phase2/temporal_frames/d369e4f163df4aba/frame_00014274.jpg,curated/phase2/temporal_frames/d369e4f163df4aba/frame_00014274.jpg,True,e0615971b98ba639527648e452655eee76ef2eda0c5df5010d21e079cd756796,336,336,\N
/content/drive/MyDrive/MMVQA_Clinical/curated/phase2/temporal_frames/d369e4f163df4aba/frame_00014289.jpg,curated/phase2/temporal_frames/d369e4f163df4aba/frame_00014289.jpg,True,b89bf396fa9c27ca900fbec086b003771ec8bc93dedfa62f56a318479d142f55,336,336,\N
/content/drive/MyDrive/MMVQA_Clinical/curated/phase2/temporal_frames/d369e4f163df4aba/frame_00014299.jpg,curated/phase2/temporal_frames/d369e4f163df4aba/frame_00014299.jpg,True,d6ec6e6539b6bfe5b1b368d7f35ba86af92de77f6d0e5153e69b533d460ab95e,336,336,\N
/content/drive/MyDrive/MMVQA_Clinical/curated/phase2/temporal_frames/d369e4f163df4aba/frame_00014304.jpg,curated/phase2/temporal_frames/d369e4f163df4aba/frame_00014304.jpg,True,73058c594d63dbd5d277076ff61df0280a44aa70ee33d5fa9ed4733bc2702fe5,336,336,\N
/content/drive/MyDrive/MMVQA_Clinical/curated/phase2/temporal_frames/d369e4f163df4aba/frame_00014329.jpg,curated/phase2/temporal_frames/d369e4f163df4aba/frame_00014329.jpg,True,43f0c46c345f278818e56bcc7eaf208c9525d086ec219b35e557e82464c11c71,336,336,\N
/content/drive/MyDrive/MMVQA_Clinical/curated/phase2/temporal_frames/d369e4f163df4aba/frame_00015517.jpg,curated/phase2/temporal_frames/d369e4f163df4aba/frame_00015517.jpg,True,cb4e68d168e8dad2327862763e6d870c39c92d8858176be72d7bf2e1f4978243,336,336,\N
/content/drive/MyDrive/MMVQA_Clinical/curated/phase2/temporal_frames/d369e4f163df4aba/frame_00015547.jpg,curated/phase2/temporal_frames/d369e4f163df4aba/frame_00015547.jpg,True,876b3648d3e9a1ef4e2ac054dc2a1fff2098744cfaf7fcd46857706f9c7a8e14,336,336,\N
/content/drive/MyDrive/MMVQA_Clinical/curated/phase2/temporal_frames/d369e4f163df4aba/frame_00015607.jpg,curated/phase2/temporal_frames/d369e4f163df4aba/frame_00015607.jpg,True,0bc8697129bbc53022222b9206082bc583ead1de90d89c4c3d9d01713788ba11,336,336,\N
/content/drive/MyDrive/MMVQA_Clinical/curated/phase2/temporal_frames/d369e4f163df4aba/frame_00015637.jpg,curated/phase2/temporal_frames/d369e4f163df4aba/frame_00015637.jpg,True,d4df99e3c4dbd59c92c032645f77a71f4fcce80c8d4572b30d4916fc28e52341,336,336,\N
/content/drive/MyDrive/MMVQA_Clinical/curated/phase2/temporal_frames/d369e4f163df4aba/frame_00022302.jpg,curated/phase2/temporal_frames/d369e4f163df4aba/frame_00022302.jpg,True,5c0916b41715d640f8a0bbf148be11154f3ba8ddc97a357136aa5d2af64f3665,336,336,\N
/content/drive/MyDrive/MMVQA_Clinical/curated/phase2/temporal_frames/d369e4f163df4aba/frame_00022332.jpg,curated/phase2/temporal_frames/d369e4f163df4aba/frame_00022332.jpg,True,76420206a01bb896da17fe8d712750d77db5ab184764101b870c5effed60e278,336,336,\N
/content/drive/MyDrive/MMVQA_Clinical/curated/phase2/temporal_frames/d369e4f163df4aba/frame_00022392.jpg,curated/phase2/temporal_frames/d369e4f163df4aba/frame_00022392.jpg,True,b52b794ecac060fa82a190d760e8cb634e0fbae235d11c43757da21a210bc86e,336,336,\N
/content/drive/MyDrive/MMVQA_Clinical/curated/phase2/temporal_frames/d369e4f163df4aba/frame_00022422.jpg,curated/phase2/temporal_frames/d369e4f163df4aba/frame_00022422.jpg,True,ec3988702dcbdac4ed6db993b125eb9ffd5451b8e2c614d544b09c0cc7159e09,336,336,\N
/content/drive/MyDrive/MMVQA_Clinical/curated/phase2/temporal_frames/d369e4f163df4aba/frame_00026266.jpg,curated/phase2/temporal_frames/d369e4f163df4aba/frame_00026266.jpg,True,28e8e8110b7088d10682f42ca74802ecebb518b14d5b17bf9e2fdbb1b727b627,336,336,\N
/content/drive/MyDrive/MMVQA_Clinical/curated/phase2/temporal_frames/d369e4f163df4aba/frame_00026296.jpg,curated/phase2/temporal_frames/d369e4f163df4aba/frame_00026296.jpg,True,5eefeab608a942739b1eb78c1e444fc287e3937af54e690d13100272a3f77fc6,336,336,\N
/content/drive/MyDrive/MMVQA_Clinical/curated/phase2/temporal_frames/d369e4f163df4aba/frame_00026315.jpg,curated/phase2/temporal_frames/d369e4f163df4aba/frame_00026315.jpg,True,bd1e52eccb5f6854442bc9d30a80912111f2f376c045b03d3c7bbc36e10c7e48,336,336,\N
/content/drive/MyDrive/MMVQA_Clinical/curated/phase2/temporal_frames/d369e4f163df4aba/frame_00026345.jpg,curated/phase2/temporal_frames/d369e4f163df4aba/frame_00026345.jpg,True,77201eb07b9d8673b8e153274db01fd3dcfa39505fbcf750bd474763ebc05c3b,336,336,\N
/content/drive/MyDrive/MMVQA_Clinical/curated/phase2/temporal_frames/d369e4f163df4aba/frame_00026356.jpg,curated/phase2/temporal_frames/d369e4f163df4aba/frame_00026356.jpg,True,3f72ca0879d4b3945733fc050057868e183d0381912141d0224cac8c4bca1016,336,336,\N
/content/drive/MyDrive/MMVQA_Clinical/curated/phase2/temporal_frames/d369e4f163df4aba/frame_00026359.jpg,curated/phase2/temporal_frames/d369e4f163df4aba/frame_00026359.jpg,True,09f3ab77e6337e8b69173b253fe74d87a16510164cd6f2dba8d2d875ae9f7bfd,336,336,\N
/content/drive/MyDrive/MMVQA_Clinical/curated/phase2/temporal_frames/d369e4f163df4aba/frame_00026386.jpg,curated/phase2/temporal_frames/d369e4f163df4aba/frame_00026386.jpg,True,5eebf6d45ae65c73fc75b13203a5aeee643a422f4cc436cc43fa6c03adc84694,336,336,\N
/content/drive/MyDrive/MMVQA_Clinical/curated/phase2/temporal_frames/d369e4f163df4aba/frame_00026389.jpg,curated/phase2/temporal_frames/d369e4f163df4aba/frame_00026389.jpg,True,bf496f558c4e10a229d91717788e9d239c743d3d51fd60eceac5c95f306883b1,336,336,\N
/content/drive/MyDrive/MMVQA_Clinical/curated/phase2/temporal_frames/d369e4f163df4aba/frame_00026405.jpg,curated/phase2/temporal_frames/d369e4f163df4aba/frame_00026405.jpg,True,cd83c9ec99f60cf730c078a0486896413ffc6aeb99d42bb143c5e7730fdc18bd,336,336,\N
/content/drive/MyDrive/MMVQA_Clinical/curated/phase2/temporal_frames/d369e4f163df4aba/frame_00026435.jpg,curated/phase2/temporal_frames/d369e4f163df4aba/frame_00026435.jpg,True,cea1d4e0d5ae087d229752b675c08696390c5ea01bcf28c575fff92861addc51,336,336,\N
/content/drive/MyDrive/MMVQA_Clinical/curated/phase2/temporal_frames/d369e4f163df4aba/frame_00026449.jpg,curated/phase2/temporal_frames/d369e4f163df4aba/frame_00026449.jpg,True,f6f174ce7e0bdc06c8e06b9421b6d691d6037b4588c93cc93109b2e545b530d5,336,336,\N
/content/drive/MyDrive/MMVQA_Clinical/curated/phase2/temporal_frames/d369e4f163df4aba/frame_00026479.jpg,curated/phase2/temporal_frames/d369e4f163df4aba/frame_00026479.jpg,True,6b982d61c93996cc57652f5744bff77bc4d5ef3037c76be247603868ebac500f,336,336,\N
/content/drive/MyDrive/MMVQA_Clinical/curated/phase2/temporal_frames/d369e4f163df4aba/frame_00049661.jpg,curated/phase2/temporal_frames/d369e4f163df4aba/frame_00049661.jpg,True,0c7edb17f4af451f1f4e46ea72ad1bb3b322f34ed943989d1ee90bb2257ae321,336,336,\N
/content/drive/MyDrive/MMVQA_Clinical/curated/phase2/temporal_frames/d369e4f163df4aba/frame_00049781.jpg,curated/phase2/temporal_frames/d369e4f163df4aba/frame_00049781.jpg,True,7ab38d55ea01f504b2c59e1e21ad9ec609e580b1f47fe4fff507eb132e365a9e,336,336,\N
/content/drive/MyDrive/MMVQA_Clinical/curated/phase2/temporal_frames/d369e4f163df4aba/frame_00085919.jpg,curated/phase2/temporal_frames/d369e4f163df4aba/frame_00085919.jpg,True,95540429879b54e52dc155b2fa2beae2dfd939827f71b84d3c48a9225d635710,336,336,\N
/content/drive/MyDrive/MMVQA_Clinical/curated/phase2/temporal_frames/d369e4f163df4aba/frame_00085949.jpg,curated/phase2/temporal_frames/d369e4f163df4aba/frame_00085949.jpg,True,08814785c1cb4776ebbb11705e80080ea4b9753c3718d650a40486048ff6bf03,336,336,\N
/content/drive/MyDrive/MMVQA_Clinical/curated/phase2/temporal_frames/d369e4f163df4aba/frame_00085953.jpg,curated/phase2/temporal_frames/d369e4f163df4aba/frame_00085953.jpg,True,e74798406d40a96f77e1725d6d5bc49a34f343c2842e85daf586d06e0466a440,336,336,\N
/content/drive/MyDrive/MMVQA_Clinical/curated/phase2/temporal_frames/d369e4f163df4aba/frame_00085965.jpg,curated/phase2/temporal_frames/d369e4f163df4aba/frame_00085965.jpg,True,ac81cc940ca74c70db03ee7501324d3b04422a6ce241da8837a4fac81db0838e,336,336,\N
/content/drive/MyDrive/MMVQA_Clinical/curated/phase2/temporal_frames/d369e4f163df4aba/frame_00085983.jpg,curated/phase2/temporal_frames/d369e4f163df4aba/frame_00085983.jpg,True,8826c1a460cdb886ae0a25f40920cf8ab923f6b8973222184552d33ce034bf18,336,336,\N
/content/drive/MyDrive/MMVQA_Clinical/curated/phase2/temporal_frames/d369e4f163df4aba/frame_00085994.jpg,curated/phase2/temporal_frames/d369e4f163df4aba/frame_00085994.jpg,True,b7713606ca1bd54b074ca8e9b6ef933f4f5f35e1405307c085f030cf3c05399d,336,336,\N
/content/drive/MyDrive/MMVQA_Clinical/curated/phase2/temporal_frames/d369e4f163df4aba/frame_00085995.jpg,curated/phase2/temporal_frames/d369e4f163df4aba/frame_00085995.jpg,True,c439c5a631407635773ab3c123c487229e9a60a7dcd688cc8e474ef3f4d3224a,336,336,\N
/content/drive/MyDrive/MMVQA_Clinical/curated/phase2/temporal_frames/d369e4f163df4aba/frame_00086005.jpg,curated/phase2/temporal_frames/d369e4f163df4aba/frame_00086005.jpg,True,d42ed768843661247cd350f92082f6d389549dd869bfd8a92afdaf6a45d8dfa6,336,336,\N
/content/drive/MyDrive/MMVQA_Clinical/curated/phase2/temporal_frames/d369e4f163df4aba/frame_00086009.jpg,curated/phase2/temporal_frames/d369e4f163df4aba/frame_00086009.jpg,True,3bbb0887966558e4398bedbc4b780413414120c4d15558ef9c5a2e53f87731a6,336,336,\N
/content/drive/MyDrive/MMVQA_Clinical/curated/phase2/temporal_frames/d369e4f163df4aba/frame_00086035.jpg,curated/phase2/temporal_frames/d369e4f163df4aba/frame_00086035.jpg,True,c7e57d002e5a7f0c3f8183b47e0a5fae6ebeadb4e3ad512a48a701a20af34026,336,336,\N
/content/drive/MyDrive/MMVQA_Clinical/curated/phase2/temporal_frames/d369e4f163df4aba/frame_00086039.jpg,curated/phase2/temporal_frames/d369e4f163df4aba/frame_00086039.jpg,True,bce7b0f3378b98ac2afd8bf3bc6ca447f926dba1242e4c84f44c32b514452172,336,336,\N
/content/drive/MyDrive/MMVQA_Clinical/curated/phase2/temporal_frames/d369e4f163df4aba/frame_00086043.jpg,curated/phase2/temporal_frames/d369e4f163df4aba/frame_00086043.jpg,True,4c1d07b1b26b3b7b9be92173aa2460a29dca0b4ed062a3d6cef4e39d32ebe503,336,336,\N
/content/drive/MyDrive/MMVQA_Clinical/curated/phase2/temporal_frames/d369e4f163df4aba/frame_00086055.jpg,curated/phase2/temporal_frames/d369e4f163df4aba/frame_00086055.jpg,True,ebc32fb1c466f86ac83815da1d093e2a0931ad45ca6b74e7ca7b173adef71ab1,336,336,\N
/content/drive/MyDrive/MMVQA_Clinical/curated/phase2/temporal_frames/d369e4f163df4aba/frame_00086070.jpg,curated/phase2/temporal_frames/d369e4f163df4aba/frame_00086070.jpg,True,933989ecc739e541ece9f9d7b7d7473455c7352aa97e1d1b4d19da79d8ff56e0,336,336,\N
/content/drive/MyDrive/MMVQA_Clinical/curated/phase2/temporal_frames/d369e4f163df4aba/frame_00086073.jpg,curated/phase2/temporal_frames/d369e4f163df4aba/frame_00086073.jpg,True,4c0326870d5c87862a4c34284dcee0d4985a866649d0b13430283700a95fddbc,336,336,\N
/content/drive/MyDrive/MMVQA_Clinical/curated/phase2/temporal_frames/d369e4f163df4aba/frame_00086084.jpg,curated/phase2/temporal_frames/d369e4f163df4aba/frame_00086084.jpg,True,4910a4c433ab046c3e0d07ba49ce49d523f0b9247754705e0bc4a4a21f27bde9,336,336,\N
/content/drive/MyDrive/MMVQA_Clinical/curated/phase2/temporal_frames/d369e4f163df4aba/frame_00086085.jpg,curated/phase2/temporal_frames/d369e4f163df4aba/frame_00086085.jpg,True,76494cfea746c703b4712992192c877534f74f58e6f1c448966d78566e968e2b,336,336,\N
/content/drive/MyDrive/MMVQA_Clinical/curated/phase2/temporal_frames/d369e4f163df4aba/frame_00086095.jpg,curated/phase2/temporal_frames/d369e4f163df4aba/frame_00086095.jpg,True,53253596eb666ad4f353117654b7e430ad886d6a37be60c17aa0a8e551d526fb,336,336,\N
/content/drive/MyDrive/MMVQA_Clinical/curated/phase2/temporal_frames/d369e4f163df4aba/frame_00086100.jpg,curated/phase2/temporal_frames/d369e4f163df4aba/frame_00086100.jpg,True,790e9b32e95211204c4d6ba48a073e8a8f641f070e0be4006e6fe35325493a96,336,336,\N
/content/drive/MyDrive/MMVQA_Clinical/curated/phase2/temporal_frames/d369e4f163df4aba/frame_00086125.jpg,curated/phase2/temporal_frames/d369e4f163df4aba/frame_00086125.jpg,True,15e152256cfc8788a11e7d4f7ab77ad09a9ba9c07fc7d9df9eb22d8098ebe5bb,336,336,\N
/content/drive/MyDrive/MMVQA_Clinical/curated/phase2/temporal_frames/d369e4f163df4aba/frame_00086133.jpg,curated/phase2/temporal_frames/d369e4f163df4aba/frame_00086133.jpg,True,0d1fe6f258e43cffa28f2ebeac2849bb396594e29d8fc93b852938b58cfe452d,336,336,\N
/content/drive/MyDrive/MMVQA_Clinical/curated/phase2/temporal_frames/d369e4f163df4aba/frame_00086145.jpg,curated/phase2/temporal_frames/d369e4f163df4aba/frame_00086145.jpg,True,cfd630ae4a1e37cd11c33cc316ea3ff7b710ad0b40ee2f69d6f1e7e3f09c4be5,336,336,\N
/content/drive/MyDrive/MMVQA_Clinical/curated/phase2/temporal_frames/d369e4f163df4aba/frame_00086160.jpg,curated/phase2/temporal_frames/d369e4f163df4aba/frame_00086160.jpg,True,43a2dc0ec88972c69ac1d4b8526f886ad8edbb84e145ff5790b6cd12c1324671,336,336,\N
/content/drive/MyDrive/MMVQA_Clinical/curated/phase2/temporal_frames/d369e4f163df4aba/frame_00086163.jpg,curated/phase2/temporal_frames/d369e4f163df4aba/frame_00086163.jpg,True,8000db848b8ec1b5b854a7918370f05f1b6c906fc481df016871efc0c939afc5,336,336,\N
/content/drive/MyDrive/MMVQA_Clinical/curated/phase2/temporal_frames/d369e4f163df4aba/frame_00086175.jpg,curated/phase2/temporal_frames/d369e4f163df4aba/frame_00086175.jpg,True,4b6f411f72c16e6a669b47c5394dbf75d665ac49bdc2fbeea66b78a4666e94b7,336,336,\N
/content/drive/MyDrive/MMVQA_Clinical/curated/phase2/temporal_frames/d369e4f163df4aba/frame_00086190.jpg,curated/phase2/temporal_frames/d369e4f163df4aba/frame_00086190.jpg,True,280a455e80580f96601707803311b2cc478e9eeb56d9703beebf8ab2f52b1d39,336,336,\N
/content/drive/MyDrive/MMVQA_Clinical/curated/phase2/temporal_frames/d626f4f4a5ac4785/frame_00007650.jpg,curated/phase2/temporal_frames/d626f4f4a5ac4785/frame_00007650.jpg,True,9a622fdc9fd045945a5ba09d099d1a8032a51949180aed531bcce64e822ce4b9,336,336,\N
/content/drive/MyDrive/MMVQA_Clinical/curated/phase2/temporal_frames/d626f4f4a5ac4785/frame_00007680.jpg,curated/phase2/temporal_frames/d626f4f4a5ac4785/frame_00007680.jpg,True,5d45e4347d9a572cb196fab46619abbf04a9ad5c095781262070687a22c078d7,336,336,\N
/content/drive/MyDrive/MMVQA_Clinical/curated/phase2/temporal_frames/d626f4f4a5ac4785/frame_00007740.jpg,curated/phase2/temporal_frames/d626f4f4a5ac4785/frame_00007740.jpg,True,c3dbbafa0e8eb7893657cfec9409768e1638a5ff5fa62fce8256e12fe84fbc3f,336,336,\N
/content/drive/MyDrive/MMVQA_Clinical/curated/phase2/temporal_frames/d626f4f4a5ac4785/frame_00007770.jpg,curated/phase2/temporal_frames/d626f4f4a5ac4785/frame_00007770.jpg,True,57921ec1c1a85bb54f245775ec51503dfd2a96be8a009dd75151b8f59330b746,336,336,\N
/content/drive/MyDrive/MMVQA_Clinical/curated/phase2/temporal_frames/d626f4f4a5ac4785/frame_00013363.jpg,curated/phase2/temporal_frames/d626f4f4a5ac4785/frame_00013363.jpg,True,3a358ee0e14301bdbf24381df6bb5e33a4ec5646efa2a95b182ba604c76f7d9c,336,336,\N
/content/drive/MyDrive/MMVQA_Clinical/curated/phase2/temporal_frames/d626f4f4a5ac4785/frame_00013393.jpg,curated/phase2/temporal_frames/d626f4f4a5ac4785/frame_00013393.jpg,True,33db8c1e0c546d8400e93af45bbda0c08bd5e867a16c0404b6309feaa38ebc8a,336,336,\N
/content/drive/MyDrive/MMVQA_Clinical/curated/phase2/temporal_frames/d626f4f4a5ac4785/frame_00013453.jpg,curated/phase2/temporal_frames/d626f4f4a5ac4785/frame_00013453.jpg,True,e3441ce3e5a8d2ca456c229bd7dbe0846c0ec19bfc5a596f408088a529c22fa0,336,336,\N
/content/drive/MyDrive/MMVQA_Clinical/curated/phase2/temporal_frames/d626f4f4a5ac4785/frame_00013483.jpg,curated/phase2/temporal_frames/d626f4f4a5ac4785/frame_00013483.jpg,True,15a04dcc5e46888136458b2a743d2f7ea24f7fb0c168e61390f39e214d76d806,336,336,\N
/content/drive/MyDrive/MMVQA_Clinical/curated/phase2/temporal_frames/d626f4f4a5ac4785/frame_00025746.jpg,curated/phase2/temporal_frames/d626f4f4a5ac4785/frame_00025746.jpg,True,cd496d490ec916272204e3f8481a90dda7345d4e8acb5a5c0ff46010f0dff728,336,336,\N
/content/drive/MyDrive/MMVQA_Clinical/curated/phase2/temporal_frames/d626f4f4a5ac4785/frame_00025776.jpg,curated/phase2/temporal_frames/d626f4f4a5ac4785/frame_00025776.jpg,True,d8327d3548074f319b0331016163bd88d4c085cc457440fa97677def6ed6ca78,336,336,\N
/content/drive/MyDrive/MMVQA_Clinical/curated/phase2/temporal_frames/d626f4f4a5ac4785/frame_00025836.jpg,curated/phase2/temporal_frames/d626f4f4a5ac4785/frame_00025836.jpg,True,588ba7677ae68231b477cfa1567dde009ad58b9b9e58d1a2423caaebfb69b804,336,336,\N
/content/drive/MyDrive/MMVQA_Clinical/curated/phase2/temporal_frames/d626f4f4a5ac4785/frame_00025866.jpg,curated/phase2/temporal_frames/d626f4f4a5ac4785/frame_00025866.jpg,True,74e32a6b1085a68ad5b79a562067792a7f074154c832d9a40e76a618a8ada174,336,336,\N
/content/drive/MyDrive/MMVQA_Clinical/curated/phase2/temporal_frames/d626f4f4a5ac4785/frame_00032696.jpg,curated/phase2/temporal_frames/d626f4f4a5ac4785/frame_00032696.jpg,True,a17706fa10bb2cf28af73c55d7408b38dcd5e015221397d5eb743a833fdec32d,336,336,\N
/content/drive/MyDrive/MMVQA_Clinical/curated/phase2/temporal_frames/d626f4f4a5ac4785/frame_00032726.jpg,curated/phase2/temporal_frames/d626f4f4a5ac4785/frame_00032726.jpg,True,d8aec190c97e397c433852bb08bdca0f2d9f8adce69edd8c643f2922aec3ccf4,336,336,\N
/content/drive/MyDrive/MMVQA_Clinical/curated/phase2/temporal_frames/d626f4f4a5ac4785/frame_00032786.jpg,curated/phase2/temporal_frames/d626f4f4a5ac4785/frame_00032786.jpg,True,9a778c7029847fe104e991c25e66b792e5155f525df1ae7ea09df3b39a225263,336,336,\N
/content/drive/MyDrive/MMVQA_Clinical/curated/phase2/temporal_frames/d626f4f4a5ac4785/frame_00032816.jpg,curated/phase2/temporal_frames/d626f4f4a5ac4785/frame_00032816.jpg,True,51c6f5c394893c17412e4546137174be4dba7037f95e1f9f83a0181f8ec89249,336,336,\N
/content/drive/MyDrive/MMVQA_Clinical/curated/phase2/temporal_frames/d626f4f4a5ac4785/frame_00038488.jpg,curated/phase2/temporal_frames/d626f4f4a5ac4785/frame_00038488.jpg,True,b531999f2dae68e94f023a1430e43d8bcd0e023578e016f5ceb066a7800ed747,336,336,\N
/content/drive/MyDrive/MMVQA_Clinical/curated/phase2/temporal_frames/d626f4f4a5ac4785/frame_00038503.jpg,curated/phase2/temporal_frames/d626f4f4a5ac4785/frame_00038503.jpg,True,46bf1a8aa4eb39a8c37b83532aec6909dbba6e34ddeb18c31dd39d4e35abc762,336,336,\N
/content/drive/MyDrive/MMVQA_Clinical/curated/phase2/temporal_frames/d626f4f4a5ac4785/frame_00038518.jpg,curated/phase2/temporal_frames/d626f4f4a5ac4785/frame_00038518.jpg,True,c52b425ff045934d4f943f55333ae484cff99c43d0c39e8ae51a9f9276947245,336,336,\N
/content/drive/MyDrive/MMVQA_Clinical/curated/phase2/temporal_frames/d626f4f4a5ac4785/frame_00038533.jpg,curated/phase2/temporal_frames/d626f4f4a5ac4785/frame_00038533.jpg,True,cada8a78a5b9048258cd7f77a9067e06162d67a1d643d2bc3eca17990e124d87,336,336,\N
/content/drive/MyDrive/MMVQA_Clinical/curated/phase2/temporal_frames/d626f4f4a5ac4785/frame_00038540.jpg,curated/phase2/temporal_frames/d626f4f4a5ac4785/frame_00038540.jpg,True,d2adb690ac6f23a8e7f202db6bd5597b871beb21f6290e62771ba8d2ea411f9e,336,336,\N
/content/drive/MyDrive/MMVQA_Clinical/curated/phase2/temporal_frames/d626f4f4a5ac4785/frame_00038570.jpg,curated/phase2/temporal_frames/d626f4f4a5ac4785/frame_00038570.jpg,True,407ba31ddc657f2b6518d367125eda0697b14277e2541df6ba351b3f233d9b6e,336,336,\N
/content/drive/MyDrive/MMVQA_Clinical/curated/phase2/temporal_frames/d626f4f4a5ac4785/frame_00038578.jpg,curated/phase2/temporal_frames/d626f4f4a5ac4785/frame_00038578.jpg,True,e884460d1243e2bc39b42ea13df3a4551583527c0f4661926ab4cc718b326899,336,336,\N
/content/drive/MyDrive/MMVQA_Clinical/curated/phase2/temporal_frames/d626f4f4a5ac4785/frame_00038593.jpg,curated/phase2/temporal_frames/d626f4f4a5ac4785/frame_00038593.jpg,True,d7595039c4c5cccce6284eeb57575dd9582142f721c566e6497c223a008eebd0,336,336,\N
/content/drive/MyDrive/MMVQA_Clinical/curated/phase2/temporal_frames/d626f4f4a5ac4785/frame_00038608.jpg,curated/phase2/temporal_frames/d626f4f4a5ac4785/frame_00038608.jpg,True,40b34efbab279f3569d209505892a0a6785339edf8d271fc79b3f2c320dec95f,336,336,\N
/content/drive/MyDrive/MMVQA_Clinical/curated/phase2/temporal_frames/d626f4f4a5ac4785/frame_00038623.jpg,curated/phase2/temporal_frames/d626f4f4a5ac4785/frame_00038623.jpg,True,f5766865dab413e2ed6db3ab0d7d984de661d7d7cd53597b04fa2d3d2f280d69,336,336,\N
/content/drive/MyDrive/MMVQA_Clinical/curated/phase2/temporal_frames/d626f4f4a5ac4785/frame_00038630.jpg,curated/phase2/temporal_frames/d626f4f4a5ac4785/frame_00038630.jpg,True,5bdf7b549989f8a32eeaf420785d3e64a69f7cb4a08db04d7fffc1b388c8d9ba,336,336,\N
/content/drive/MyDrive/MMVQA_Clinical/curated/phase2/temporal_frames/d626f4f4a5ac4785/frame_00038638.jpg,curated/phase2/temporal_frames/d626f4f4a5ac4785/frame_00038638.jpg,True,98bc6f51e5df7c8a88ef3185fcac8cc7ce4fbb4b148d68cc6cd99c27d7adc976,336,336,\N
/content/drive/MyDrive/MMVQA_Clinical/curated/phase2/temporal_frames/d626f4f4a5ac4785/frame_00038639.jpg,curated/phase2/temporal_frames/d626f4f4a5ac4785/frame_00038639.jpg,True,bb10bffefbed132d31b2cb4d41617a5d052cf7d1999ff67af3c5de41df8dc287,336,336,\N
/content/drive/MyDrive/MMVQA_Clinical/curated/phase2/temporal_frames/d626f4f4a5ac4785/frame_00038660.jpg,curated/phase2/temporal_frames/d626f4f4a5ac4785/frame_00038660.jpg,True,63d838ea72272a3bc777880fbef3af6621bd30f051611e72ac2400e4a476de2b,336,336,\N
/content/drive/MyDrive/MMVQA_Clinical/curated/phase2/temporal_frames/d626f4f4a5ac4785/frame_00038728.jpg,curated/phase2/temporal_frames/d626f4f4a5ac4785/frame_00038728.jpg,True,78012c5c1343bd263c7e6816b899a3e78091a59bec872a2e1cb1330055b8ce26,336,336,\N
/content/drive/MyDrive/MMVQA_Clinical/curated/phase2/temporal_frames/d626f4f4a5ac4785/frame_00038729.jpg,curated/phase2/temporal_frames/d626f4f4a5ac4785/frame_00038729.jpg,True,8937ae9119844965f51b50a0be44ae49e38cad09abfec4c37b9b9ab84629d4b8,336,336,\N
/content/drive/MyDrive/MMVQA_Clinical/curated/phase2/temporal_frames/d626f4f4a5ac4785/frame_00038759.jpg,curated/phase2/temporal_frames/d626f4f4a5ac4785/frame_00038759.jpg,True,0961894b81223ec0e29926a0b2edb5a16e151409c589404a19a93d13b5bdf3cb,336,336,\N
/content/drive/MyDrive/MMVQA_Clinical/curated/phase2/temporal_frames/d626f4f4a5ac4785/frame_00044825.jpg,curated/phase2/temporal_frames/d626f4f4a5ac4785/frame_00044825.jpg,True,3bc3652e2b5e29f34af54fd6f79147c509e490aa42e03842e75db837399ef3d4,336,336,\N
/content/drive/MyDrive/MMVQA_Clinical/curated/phase2/temporal_frames/d626f4f4a5ac4785/frame_00044855.jpg,curated/phase2/temporal_frames/d626f4f4a5ac4785/frame_00044855.jpg,True,df82ee4fddd76b15fa52f040c34295224fd5ff215aa92e7719863ad0939ce205,336,336,\N
/content/drive/MyDrive/MMVQA_Clinical/curated/phase2/temporal_frames/d626f4f4a5ac4785/frame_00044915.jpg,curated/phase2/temporal_frames/d626f4f4a5ac4785/frame_00044915.jpg,True,9cb5d8f5342222f1eea0bd5856754937576aa5889266559ea9eeabf8082a1cf9,336,336,\N
/content/drive/MyDrive/MMVQA_Clinical/curated/phase2/temporal_frames/d626f4f4a5ac4785/frame_00044945.jpg,curated/phase2/temporal_frames/d626f4f4a5ac4785/frame_00044945.jpg,True,fc838d5ef5d6baef4a06f4a8f709d7772ac51d778061aab21073c3e861ed060e,336,336,\N
/content/drive/MyDrive/MMVQA_Clinical/curated/phase2/temporal_frames/d626f4f4a5ac4785/frame_00048277.jpg,curated/phase2/temporal_frames/d626f4f4a5ac4785/frame_00048277.jpg,True,ce9c809e5fa8528d38ae4cda0c52faa1cab1f0d5e56f6e1227890f7204a8290b,336,336,\N
/content/drive/MyDrive/MMVQA_Clinical/curated/phase2/temporal_frames/d626f4f4a5ac4785/frame_00048288.jpg,curated/phase2/temporal_frames/d626f4f4a5ac4785/frame_00048288.jpg,True,8d7a42fc03c8a55948196a7fcf6e09ffce255b0bd75af6d66145183679824d6d,336,336,\N
/content/drive/MyDrive/MMVQA_Clinical/curated/phase2/temporal_frames/d626f4f4a5ac4785/frame_00048307.jpg,curated/phase2/temporal_frames/d626f4f4a5ac4785/frame_00048307.jpg,True,0188bdb31ecb0e8c065417878a7a64cfa6329d4743b69168d059d58050ae1e4c,336,336,\N
/content/drive/MyDrive/MMVQA_Clinical/curated/phase2/temporal_frames/d626f4f4a5ac4785/frame_00048318.jpg,curated/phase2/temporal_frames/d626f4f4a5ac4785/frame_00048318.jpg,True,2785706feb7f27688ae9b0dd2323947e7f9ac5438bd56c2189f6829fdad4532c,336,336,\N
/content/drive/MyDrive/MMVQA_Clinical/curated/phase2/temporal_frames/d626f4f4a5ac4785/frame_00048340.jpg,curated/phase2/temporal_frames/d626f4f4a5ac4785/frame_00048340.jpg,True,5caf31fb5a61de1f020b9a785d0129e7105ed211298cff48adb4359144305b8d,336,336,\N
/content/drive/MyDrive/MMVQA_Clinical/curated/phase2/temporal_frames/d626f4f4a5ac4785/frame_00048380.jpg,curated/phase2/temporal_frames/d626f4f4a5ac4785/frame_00048380.jpg,True,f4cb2ef5734b1e2f7a5929b8fc42b173c0cb9adf63e97fc482a60913460fe0e2,336,336,\N
/content/drive/MyDrive/MMVQA_Clinical/curated/phase2/temporal_frames/d626f4f4a5ac4785/frame_00048445.jpg,curated/phase2/temporal_frames/d626f4f4a5ac4785/frame_00048445.jpg,True,24207b0e6dd661c0c6292039a7b3c0f9dfef0f5abaf39155c01ddc175e2af0fd,336,336,\N
/content/drive/MyDrive/MMVQA_Clinical/curated/phase2/temporal_frames/d626f4f4a5ac4785/frame_00048446.jpg,curated/phase2/temporal_frames/d626f4f4a5ac4785/frame_00048446.jpg,True,8041fb45313353f44e858a6058657291cdf98c10175671184e9fbd5589991d1a,336,336,\N
/content/drive/MyDrive/MMVQA_Clinical/curated/phase2/temporal_frames/d626f4f4a5ac4785/frame_00048449.jpg,curated/phase2/temporal_frames/d626f4f4a5ac4785/frame_00048449.jpg,True,040efaa858a46d706b09443b3883df7360179b51a225184baaff247a6efe963c,336,336,\N
/content/drive/MyDrive/MMVQA_Clinical/curated/phase2/temporal_frames/d626f4f4a5ac4785/frame_00048452.jpg,curated/phase2/temporal_frames/d626f4f4a5ac4785/frame_00048452.jpg,True,5e05c53aa2f699ce98df049c363e96d40b83d51ba954b498ea0ac7f56e14f0b0,336,336,\N
/content/drive/MyDrive/MMVQA_Clinical/curated/phase2/temporal_frames/d626f4f4a5ac4785/frame_00048455.jpg,curated/phase2/temporal_frames/d626f4f4a5ac4785/frame_00048455.jpg,True,b30b2cef8f98d18e69561b50f67d3e4ceb4530c0d2ceef581b8e91a548160906,336,336,\N
/content/drive/MyDrive/MMVQA_Clinical/curated/phase2/temporal_frames/d626f4f4a5ac4785/frame_00048469.jpg,curated/phase2/temporal_frames/d626f4f4a5ac4785/frame_00048469.jpg,True,25aa6aa48d45b89aa22b6e6e770faffbe74fcff0015a6d6254920a588c169413,336,336,\N
/content/drive/MyDrive/MMVQA_Clinical/curated/phase2/temporal_frames/d626f4f4a5ac4785/frame_00048480.jpg,curated/phase2/temporal_frames/d626f4f4a5ac4785/frame_00048480.jpg,True,4c2f6d64d47de3c89b23b305925940e6ae2dee2aaebb09a18786a5abdd640c09,336,336,\N
/content/drive/MyDrive/MMVQA_Clinical/curated/phase2/temporal_frames/d626f4f4a5ac4785/frame_00048496.jpg,curated/phase2/temporal_frames/d626f4f4a5ac4785/frame_00048496.jpg,True,2ba7970c97ced25ac5d7b19475903bc79f925ab811ec7a69d2d61d0e9898b6d9,336,336,\N
/content/drive/MyDrive/MMVQA_Clinical/curated/phase2/temporal_frames/d626f4f4a5ac4785/frame_00048498.jpg,curated/phase2/temporal_frames/d626f4f4a5ac4785/frame_00048498.jpg,True,06c432e840065431b0908b091e34bdfb496b273e02bc71fa2250c5fa40b0fe5e,336,336,\N
/content/drive/MyDrive/MMVQA_Clinical/curated/phase2/temporal_frames/d626f4f4a5ac4785/frame_00048499.jpg,curated/phase2/temporal_frames/d626f4f4a5ac4785/frame_00048499.jpg,True,ebbe87ee8aed1ec0a56074bbea72023639644d515135299a2f763bf61e5961e9,336,336,\N
/content/drive/MyDrive/MMVQA_Clinical/curated/phase2/temporal_frames/d626f4f4a5ac4785/frame_00048551.jpg,curated/phase2/temporal_frames/d626f4f4a5ac4785/frame_00048551.jpg,True,29ac248ea006b354f3103084c21eec20cfcdee1b6fd86fe021bc0082429f331a,336,336,\N
/content/drive/MyDrive/MMVQA_Clinical/curated/phase2/temporal_frames/d626f4f4a5ac4785/frame_00048559.jpg,curated/phase2/temporal_frames/d626f4f4a5ac4785/frame_00048559.jpg,True,14caa3c08a230f545d602000b54933fd7753f8fe6a4bd609dd22d9bb3e45ed62,336,336,\N
/content/drive/MyDrive/MMVQA_Clinical/curated/phase2/temporal_frames/d626f4f4a5ac4785/frame_00048589.jpg,curated/phase2/temporal_frames/d626f4f4a5ac4785/frame_00048589.jpg,True,c696ba6caab7b62a265f41211943f8c62163c799dde8ef659e9bbba13f058b91,336,336,\N
/content/drive/MyDrive/MMVQA_Clinical/curated/phase2/temporal_frames/d626f4f4a5ac4785/frame_00048600.jpg,curated/phase2/temporal_frames/d626f4f4a5ac4785/frame_00048600.jpg,True,8350f56c82cdb7b5991605d8974f2b16113ed555d1bfbe95b7023601401f710e,336,336,\N
/content/drive/MyDrive/MMVQA_Clinical/curated/phase2/temporal_frames/d626f4f4a5ac4785/frame_00048605.jpg,curated/phase2/temporal_frames/d626f4f4a5ac4785/frame_00048605.jpg,True,33e6a276d571281be2a1375f5c36e5434c84cd509f8f234bd0a0c1935ae5ab30,336,336,\N
/content/drive/MyDrive/MMVQA_Clinical/curated/phase2/temporal_frames/d626f4f4a5ac4785/frame_00048644.jpg,curated/phase2/temporal_frames/d626f4f4a5ac4785/frame_00048644.jpg,True,1f5c1327156c9df1a73a1207698687885d7572b2675afed32d5bd0a3083c15f3,336,336,\N
/content/drive/MyDrive/MMVQA_Clinical/curated/phase2/temporal_frames/d626f4f4a5ac4785/frame_00048645.jpg,curated/phase2/temporal_frames/d626f4f4a5ac4785/frame_00048645.jpg,True,7f302a4559389498e955395080446ec268d1d837065fc9790faca5f2a3495155,336,336,\N
/content/drive/MyDrive/MMVQA_Clinical/curated/phase2/temporal_frames/d626f4f4a5ac4785/frame_00048646.jpg,curated/phase2/temporal_frames/d626f4f4a5ac4785/frame_00048646.jpg,True,d21b768b41fa4a439ae092208e2ecee0323a6fa4730137ae59f0c55fe02dc0dd,336,336,\N
/content/drive/MyDrive/MMVQA_Clinical/curated/phase2/temporal_frames/d626f4f4a5ac4785/frame_00048653.jpg,curated/phase2/temporal_frames/d626f4f4a5ac4785/frame_00048653.jpg,True,fd46150e907f80a01a445214341fa57e3227d650b0ab9e901c27db0195a39768,336,336,\N
/content/drive/MyDrive/MMVQA_Clinical/curated/phase2/temporal_frames/d626f4f4a5ac4785/frame_00048656.jpg,curated/phase2/temporal_frames/d626f4f4a5ac4785/frame_00048656.jpg,True,15811bb3807440172232ce1f410e5c5ba49c86b12ab4745c98606d6d2abcd5cf,336,336,\N
/content/drive/MyDrive/MMVQA_Clinical/curated/phase2/temporal_frames/d626f4f4a5ac4785/frame_00048659.jpg,curated/phase2/temporal_frames/d626f4f4a5ac4785/frame_00048659.jpg,True,25a1d1b1088a2cdf2f78405da77a32a90eb21fffea214ae55bf557c4dcd4d11b,336,336,\N
/content/drive/MyDrive/MMVQA_Clinical/curated/phase2/temporal_frames/d626f4f4a5ac4785/frame_00048674.jpg,curated/phase2/temporal_frames/d626f4f4a5ac4785/frame_00048674.jpg,True,836ab461d228bafdb31a7183031fa81920a2cd2fab8d9339b93b559c2d59a7fa,336,336,\N
/content/drive/MyDrive/MMVQA_Clinical/curated/phase2/temporal_frames/d626f4f4a5ac4785/frame_00048690.jpg,curated/phase2/temporal_frames/d626f4f4a5ac4785/frame_00048690.jpg,True,f2630c598deaa2fa6b7299c288af285a01793ac86cc21e6ab3798afcd9c6506c,336,336,\N
/content/drive/MyDrive/MMVQA_Clinical/curated/phase2/temporal_frames/d626f4f4a5ac4785/frame_00048698.jpg,curated/phase2/temporal_frames/d626f4f4a5ac4785/frame_00048698.jpg,True,27628f07c971536433024cebf1d2b8c1223795691272749deb9a8a2c30adbcd4,336,336,\N
/content/drive/MyDrive/MMVQA_Clinical/curated/phase2/temporal_frames/d626f4f4a5ac4785/frame_00048713.jpg,curated/phase2/temporal_frames/d626f4f4a5ac4785/frame_00048713.jpg,True,31d96b1c33527b588ba9df5c06f08f3a560b50a14fb7606a96285d46b2a7767b,336,336,\N
/content/drive/MyDrive/MMVQA_Clinical/curated/phase2/temporal_frames/d626f4f4a5ac4785/frame_00048720.jpg,curated/phase2/temporal_frames/d626f4f4a5ac4785/frame_00048720.jpg,True,7aaafeb254506f2bade32dc01aada9cd85a9bc6fdfc3490ca97de7f6359b68fb,336,336,\N
/content/drive/MyDrive/MMVQA_Clinical/curated/phase2/temporal_frames/d626f4f4a5ac4785/frame_00048723.jpg,curated/phase2/temporal_frames/d626f4f4a5ac4785/frame_00048723.jpg,True,2329880a90a7d2d8e0fb1d132bd095b6654bcdd87fc987ae8c5765e997b8b0f7,336,336,\N
/content/drive/MyDrive/MMVQA_Clinical/curated/phase2/temporal_frames/d626f4f4a5ac4785/frame_00048725.jpg,curated/phase2/temporal_frames/d626f4f4a5ac4785/frame_00048725.jpg,True,ab22a4651add71018644cbd90b7cb378c51a8d7ad858ecab91eb644fd57234ba,336,336,\N
/content/drive/MyDrive/MMVQA_Clinical/curated/phase2/temporal_frames/d626f4f4a5ac4785/frame_00048735.jpg,curated/phase2/temporal_frames/d626f4f4a5ac4785/frame_00048735.jpg,True,bdbd7435a8e16779dbfda5364b7152a12e182663e7dcfc3f634a00bb21391c1b,336,336,\N
/content/drive/MyDrive/MMVQA_Clinical/curated/phase2/temporal_frames/d626f4f4a5ac4785/frame_00048736.jpg,curated/phase2/temporal_frames/d626f4f4a5ac4785/frame_00048736.jpg,True,eae3ffd826b4ea9f23df71f45bcacb611ba050d2e78456fc10eb3ad0eab9f708,336,336,\N
/content/drive/MyDrive/MMVQA_Clinical/curated/phase2/temporal_frames/d626f4f4a5ac4785/frame_00048753.jpg,curated/phase2/temporal_frames/d626f4f4a5ac4785/frame_00048753.jpg,True,e3674397fed28b211ef29c8d2339918de2a3fd7ab7ced0499a496fc299b8821d,336,336,\N
/content/drive/MyDrive/MMVQA_Clinical/curated/phase2/temporal_frames/d626f4f4a5ac4785/frame_00048758.jpg,curated/phase2/temporal_frames/d626f4f4a5ac4785/frame_00048758.jpg,True,00e254143876fee3b2665d8a6528e0441417e7fdfd426ac4a8f22dc7373741e0,336,336,\N
/content/drive/MyDrive/MMVQA_Clinical/curated/phase2/temporal_frames/d626f4f4a5ac4785/frame_00048765.jpg,curated/phase2/temporal_frames/d626f4f4a5ac4785/frame_00048765.jpg,True,bf2d625b15fef372d36b1be92433aeae44500b8b37552b2ea43c8fe16c2cc1e1,336,336,\N
/content/drive/MyDrive/MMVQA_Clinical/curated/phase2/temporal_frames/d626f4f4a5ac4785/frame_00048773.jpg,curated/phase2/temporal_frames/d626f4f4a5ac4785/frame_00048773.jpg,True,d030823d983a876746a08b81933569aa515a15c223704c13281d58806e18af3e,336,336,\N
/content/drive/MyDrive/MMVQA_Clinical/curated/phase2/temporal_frames/d626f4f4a5ac4785/frame_00048780.jpg,curated/phase2/temporal_frames/d626f4f4a5ac4785/frame_00048780.jpg,True,313d09d22785bdef2d7d28d59b326ce5e6467374432d74ed8716ba6ba21385c2,336,336,\N
/content/drive/MyDrive/MMVQA_Clinical/curated/phase2/temporal_frames/d626f4f4a5ac4785/frame_00048784.jpg,curated/phase2/temporal_frames/d626f4f4a5ac4785/frame_00048784.jpg,True,a102d0c40292539fae0b4e1e8eaabff219c4c2da33d47452d553aa0a384cba1b,336,336,\N
/content/drive/MyDrive/MMVQA_Clinical/curated/phase2/temporal_frames/d626f4f4a5ac4785/frame_00048788.jpg,curated/phase2/temporal_frames/d626f4f4a5ac4785/frame_00048788.jpg,True,45817045b6a949efe616149f6b41f3278e3391fecbb796bc1ff931b7a91984e8,336,336,\N
/content/drive/MyDrive/MMVQA_Clinical/curated/phase2/temporal_frames/d626f4f4a5ac4785/frame_00048803.jpg,curated/phase2/temporal_frames/d626f4f4a5ac4785/frame_00048803.jpg,True,aefc01736e8d445adbf0a9ccc9f6e80e2392775b471778ed895e69d487fa0129,336,336,\N
/content/drive/MyDrive/MMVQA_Clinical/curated/phase2/temporal_frames/d626f4f4a5ac4785/frame_00048810.jpg,curated/phase2/temporal_frames/d626f4f4a5ac4785/frame_00048810.jpg,True,6b917c3e07cf043ec45dd5800deaf1dd0d029d95dcb1a60521b653973c20b023,336,336,\N
/content/drive/MyDrive/MMVQA_Clinical/curated/phase2/temporal_frames/d626f4f4a5ac4785/frame_00048814.jpg,curated/phase2/temporal_frames/d626f4f4a5ac4785/frame_00048814.jpg,True,19cd2b2d70761319546faea28323cbda8898697137be55b46142ad774dc4052a,336,336,\N
/content/drive/MyDrive/MMVQA_Clinical/curated/phase2/temporal_frames/d626f4f4a5ac4785/frame_00048874.jpg,curated/phase2/temporal_frames/d626f4f4a5ac4785/frame_00048874.jpg,True,a7d91f0a2f3a44c2ab93130e4265096aa0c3216d85511a58507534a989440d61,336,336,\N
/content/drive/MyDrive/MMVQA_Clinical/curated/phase2/temporal_frames/d626f4f4a5ac4785/frame_00048904.jpg,curated/phase2/temporal_frames/d626f4f4a5ac4785/frame_00048904.jpg,True,3a5b0cf5fe6283d56e18bc9740d76f6e8a527abdc2ba737e03948d5d001d69f9,336,336,\N
/content/drive/MyDrive/MMVQA_Clinical/curated/phase2/temporal_frames/d626f4f4a5ac4785/frame_00049880.jpg,curated/phase2/temporal_frames/d626f4f4a5ac4785/frame_00049880.jpg,True,808da11dcf5f031d6c99e079e2e25c85677343be287015714c1a27cff567d5fd,336,336,\N
/content/drive/MyDrive/MMVQA_Clinical/curated/phase2/temporal_frames/d626f4f4a5ac4785/frame_00049910.jpg,curated/phase2/temporal_frames/d626f4f4a5ac4785/frame_00049910.jpg,True,fb091d5ad58ec94a5d25db418d970b65e4f3cc111f830a97b6291f77b8c1b939,336,336,\N
/content/drive/MyDrive/MMVQA_Clinical/curated/phase2/temporal_frames/d626f4f4a5ac4785/frame_00049956.jpg,curated/phase2/temporal_frames/d626f4f4a5ac4785/frame_00049956.jpg,True,b2d6855a1fa0f3fcce3844a8b9299a4d4fa5b9162a4f3b2762cacf1a48c5b420,336,336,\N
/content/drive/MyDrive/MMVQA_Clinical/curated/phase2/temporal_frames/d626f4f4a5ac4785/frame_00049970.jpg,curated/phase2/temporal_frames/d626f4f4a5ac4785/frame_00049970.jpg,True,49e79b502538163f0949a6d82d2b13df4052fbe089d0198deb207a8f57be0ce6,336,336,\N
/content/drive/MyDrive/MMVQA_Clinical/curated/phase2/temporal_frames/d626f4f4a5ac4785/frame_00049981.jpg,curated/phase2/temporal_frames/d626f4f4a5ac4785/frame_00049981.jpg,True,6b9b93e18576528257e890244c55ea601e67c6c3a65106a574d612364a11473b,336,336,\N
/content/drive/MyDrive/MMVQA_Clinical/curated/phase2/temporal_frames/d626f4f4a5ac4785/frame_00049986.jpg,curated/phase2/temporal_frames/d626f4f4a5ac4785/frame_00049986.jpg,True,bba07f7aa0921fecae5bb7ee620ec7c0afd2696b074d7058bd5e691aa63b387a,336,336,\N
/content/drive/MyDrive/MMVQA_Clinical/curated/phase2/temporal_frames/d626f4f4a5ac4785/frame_00049996.jpg,curated/phase2/temporal_frames/d626f4f4a5ac4785/frame_00049996.jpg,True,ae60ec2a6949fc4b8895b750ab6bd8822b2f4013ae51dd41b0ce1604c83fc7ca,336,336,\N
/content/drive/MyDrive/MMVQA_Clinical/curated/phase2/temporal_frames/d626f4f4a5ac4785/frame_00050000.jpg,curated/phase2/temporal_frames/d626f4f4a5ac4785/frame_00050000.jpg,True,db8f0733c15d3a17b8c8ba98ceb58d91444e11c4d5694ce7c2720ca7c7bfa3a7,336,336,\N
/content/drive/MyDrive/MMVQA_Clinical/curated/phase2/temporal_frames/d626f4f4a5ac4785/frame_00050011.jpg,curated/phase2/temporal_frames/d626f4f4a5ac4785/frame_00050011.jpg,True,a96b9d4831083fd93240d7bd8246c38b6ab16c62f318ff5ab6b165721c9451e4,336,336,\N
/content/drive/MyDrive/MMVQA_Clinical/curated/phase2/temporal_frames/d626f4f4a5ac4785/frame_00050025.jpg,curated/phase2/temporal_frames/d626f4f4a5ac4785/frame_00050025.jpg,True,4b15084d1d65ca1cb2ff15b53d8a437e4c53275fa35e3415e8e3b72c4a18d174,336,336,\N
/content/drive/MyDrive/MMVQA_Clinical/curated/phase2/temporal_frames/d626f4f4a5ac4785/frame_00050026.jpg,curated/phase2/temporal_frames/d626f4f4a5ac4785/frame_00050026.jpg,True,8616562e361f359871b2b521ada94d59189977b6f8261eea7a59b4c6ae8e593c,336,336,\N
/content/drive/MyDrive/MMVQA_Clinical/curated/phase2/temporal_frames/d626f4f4a5ac4785/frame_00050032.jpg,curated/phase2/temporal_frames/d626f4f4a5ac4785/frame_00050032.jpg,True,757735bbe233c86973bab2f0512e4823e5e33abf531969467561b7558ce5b8fa,336,336,\N
/content/drive/MyDrive/MMVQA_Clinical/curated/phase2/temporal_frames/d626f4f4a5ac4785/frame_00050046.jpg,curated/phase2/temporal_frames/d626f4f4a5ac4785/frame_00050046.jpg,True,3452f12d0d59e1d9d2963daeb2ca6ba0a1dd8af2345f83295a2cd3c22b85bc9d,336,336,\N
/content/drive/MyDrive/MMVQA_Clinical/curated/phase2/temporal_frames/d626f4f4a5ac4785/frame_00050060.jpg,curated/phase2/temporal_frames/d626f4f4a5ac4785/frame_00050060.jpg,True,f1c2ea7f073b5035b6f46ec0653821dc560054fa40dcba9ca86b0d102dce023c,336,336,\N
/content/drive/MyDrive/MMVQA_Clinical/curated/phase2/temporal_frames/d626f4f4a5ac4785/frame_00050062.jpg,curated/phase2/temporal_frames/d626f4f4a5ac4785/frame_00050062.jpg,True,c4c84e07aae17b7b4af49dc316fb07fadd01f1eb3c6d50c2218781be7e6f40a3,336,336,\N
/content/drive/MyDrive/MMVQA_Clinical/curated/phase2/temporal_frames/d626f4f4a5ac4785/frame_00050071.jpg,curated/phase2/temporal_frames/d626f4f4a5ac4785/frame_00050071.jpg,True,e081113ad70077de442ef61a731be1caccaf2afac82bcafb3f381a5b44665086,336,336,\N
/content/drive/MyDrive/MMVQA_Clinical/curated/phase2/temporal_frames/d626f4f4a5ac4785/frame_00050076.jpg,curated/phase2/temporal_frames/d626f4f4a5ac4785/frame_00050076.jpg,True,4fb89aec5d0e57d206df972916980c7776e77e45db128837c29a09c93c25adae,336,336,\N
/content/drive/MyDrive/MMVQA_Clinical/curated/phase2/temporal_frames/d626f4f4a5ac4785/frame_00050088.jpg,curated/phase2/temporal_frames/d626f4f4a5ac4785/frame_00050088.jpg,True,5cc43de5ce46ca5c0156f16fb5abbad85aee591fbcc1682792eae0fd8fab9d3a,336,336,\N
/content/drive/MyDrive/MMVQA_Clinical/curated/phase2/temporal_frames/d626f4f4a5ac4785/frame_00050101.jpg,curated/phase2/temporal_frames/d626f4f4a5ac4785/frame_00050101.jpg,True,26d81f5d1b542aa5006a4509a497002dd1745f56558d1dba4f64a84882ea4497,336,336,\N
/content/drive/MyDrive/MMVQA_Clinical/curated/phase2/temporal_frames/d626f4f4a5ac4785/frame_00050115.jpg,curated/phase2/temporal_frames/d626f4f4a5ac4785/frame_00050115.jpg,True,f52e5530844cfc5d074d8ace5c198886937556927dd1b6e3ffd2e8d9e5a3b786,336,336,\N
/content/drive/MyDrive/MMVQA_Clinical/curated/phase2/temporal_frames/d626f4f4a5ac4785/frame_00050116.jpg,curated/phase2/temporal_frames/d626f4f4a5ac4785/frame_00050116.jpg,True,55a49db39993a3b3fc0d4b4e6a0a2608fadc804fadc2b2e0eecfaff71e308de3,336,336,\N
/content/drive/MyDrive/MMVQA_Clinical/curated/phase2/temporal_frames/d626f4f4a5ac4785/frame_00050121.jpg,curated/phase2/temporal_frames/d626f4f4a5ac4785/frame_00050121.jpg,True,3ef8d01c5b116dc2e9efb866d7c82d28b6081004fae7fa1a131391c689521bec,336,336,\N
/content/drive/MyDrive/MMVQA_Clinical/curated/phase2/temporal_frames/d626f4f4a5ac4785/frame_00050122.jpg,curated/phase2/temporal_frames/d626f4f4a5ac4785/frame_00050122.jpg,True,26821341f269c13dfe171d8ab8f245ee9f5bd762b974b64deebea170d0070bca,336,336,\N
/content/drive/MyDrive/MMVQA_Clinical/curated/phase2/temporal_frames/d626f4f4a5ac4785/frame_00050136.jpg,curated/phase2/temporal_frames/d626f4f4a5ac4785/frame_00050136.jpg,True,067a9f00804559a529aa4e3f40968610c942a5de6549040c92c758e372cb8f46,336,336,\N
/content/drive/MyDrive/MMVQA_Clinical/curated/phase2/temporal_frames/d626f4f4a5ac4785/frame_00050142.jpg,curated/phase2/temporal_frames/d626f4f4a5ac4785/frame_00050142.jpg,True,22fd3d838340607c61edfe7656a6a042ea3b6465bd6857a85d736dd5258a711b,336,336,\N
/content/drive/MyDrive/MMVQA_Clinical/curated/phase2/temporal_frames/d626f4f4a5ac4785/frame_00050145.jpg,curated/phase2/temporal_frames/d626f4f4a5ac4785/frame_00050145.jpg,True,f3f53324b250eb18e54ddbb42e0076e6f488156a62b24da50abef6b9de7bd3d0,336,336,\N
/content/drive/MyDrive/MMVQA_Clinical/curated/phase2/temporal_frames/d626f4f4a5ac4785/frame_00050148.jpg,curated/phase2/temporal_frames/d626f4f4a5ac4785/frame_00050148.jpg,True,51c20745f81d1bb59efe0da7ab9555fdff82e59c83dd4ddf80cc4c1f562c111a,336,336,\N
/content/drive/MyDrive/MMVQA_Clinical/curated/phase2/temporal_frames/d626f4f4a5ac4785/frame_00050151.jpg,curated/phase2/temporal_frames/d626f4f4a5ac4785/frame_00050151.jpg,True,bd6cc4e01a96325bba68628c1f9e316be9f321dfe8b7b1e82c4f2c2ff837e947,336,336,\N
/content/drive/MyDrive/MMVQA_Clinical/curated/phase2/temporal_frames/d626f4f4a5ac4785/frame_00050152.jpg,curated/phase2/temporal_frames/d626f4f4a5ac4785/frame_00050152.jpg,True,c3e1333e5fc39cc7950cf889c1b90d05fe70c9c389189be0dff0c586f685d805,336,336,\N
/content/drive/MyDrive/MMVQA_Clinical/curated/phase2/temporal_frames/d626f4f4a5ac4785/frame_00050166.jpg,curated/phase2/temporal_frames/d626f4f4a5ac4785/frame_00050166.jpg,True,844d145109614fbcc341dcd4b855f4cbcd72c28845c95f76d1a9838237221993,336,336,\N
/content/drive/MyDrive/MMVQA_Clinical/curated/phase2/temporal_frames/d626f4f4a5ac4785/frame_00050168.jpg,curated/phase2/temporal_frames/d626f4f4a5ac4785/frame_00050168.jpg,True,cd596452ca01f6d13e0152503cdd364c19a177ee00e9a043f3decd998461a99f,336,336,\N
/content/drive/MyDrive/MMVQA_Clinical/curated/phase2/temporal_frames/d626f4f4a5ac4785/frame_00050172.jpg,curated/phase2/temporal_frames/d626f4f4a5ac4785/frame_00050172.jpg,True,971dbfa8a14b3411b37ff20c336d257b1a0666ccd63345489eedb7485da839a8,336,336,\N
/content/drive/MyDrive/MMVQA_Clinical/curated/phase2/temporal_frames/d626f4f4a5ac4785/frame_00050193.jpg,curated/phase2/temporal_frames/d626f4f4a5ac4785/frame_00050193.jpg,True,455bbc294c6233984ee6fb40b99e7ddd7499c99f8027f15163675c663c97b34d,336,336,\N
/content/drive/MyDrive/MMVQA_Clinical/curated/phase2/temporal_frames/d626f4f4a5ac4785/frame_00050198.jpg,curated/phase2/temporal_frames/d626f4f4a5ac4785/frame_00050198.jpg,True,c6570672571ff373004748f7ae3828c65ccc38c9a673472ef8651ad10d4a886a,336,336,\N
/content/drive/MyDrive/MMVQA_Clinical/curated/phase2/temporal_frames/d626f4f4a5ac4785/frame_00050204.jpg,curated/phase2/temporal_frames/d626f4f4a5ac4785/frame_00050204.jpg,True,782fb51a71139fc648c232f9ad1221c507e4968b9fd83b201b7aa2417e5bf1c4,336,336,\N
/content/drive/MyDrive/MMVQA_Clinical/curated/phase2/temporal_frames/d626f4f4a5ac4785/frame_00050210.jpg,curated/phase2/temporal_frames/d626f4f4a5ac4785/frame_00050210.jpg,True,82a6a24576a6bfcd04ff134d0e1156e9d2533f8683e6acce4087617ad0af2cc6,336,336,\N
/content/drive/MyDrive/MMVQA_Clinical/curated/phase2/temporal_frames/d626f4f4a5ac4785/frame_00050211.jpg,curated/phase2/temporal_frames/d626f4f4a5ac4785/frame_00050211.jpg,True,b36e75c910a4ca8176b721e6c048c6618cb09b1e5d383891faf7b031401155ee,336,336,\N
/content/drive/MyDrive/MMVQA_Clinical/curated/phase2/temporal_frames/d626f4f4a5ac4785/frame_00050220.jpg,curated/phase2/temporal_frames/d626f4f4a5ac4785/frame_00050220.jpg,True,d86726ca1c327f37bab3c886fd32f5651bcad42ebd5747a6b51c2b212b0ed0d9,336,336,\N
/content/drive/MyDrive/MMVQA_Clinical/curated/phase2/temporal_frames/d626f4f4a5ac4785/frame_00050223.jpg,curated/phase2/temporal_frames/d626f4f4a5ac4785/frame_00050223.jpg,True,8402bce8e79cce80c7e92f03b2a931958341c80946dd3c7ebcf5743f735da0ec,336,336,\N
/content/drive/MyDrive/MMVQA_Clinical/curated/phase2/temporal_frames/d626f4f4a5ac4785/frame_00050226.jpg,curated/phase2/temporal_frames/d626f4f4a5ac4785/frame_00050226.jpg,True,42648cf6683ee75ce99676d4253984d363ba4baaa3ffbc89906db941dc63b704,336,336,\N
/content/drive/MyDrive/MMVQA_Clinical/curated/phase2/temporal_frames/d626f4f4a5ac4785/frame_00050232.jpg,curated/phase2/temporal_frames/d626f4f4a5ac4785/frame_00050232.jpg,True,22be7c4fb30ed8f8aa6ac7f35f49cf378048508a96a871306ac26153b23296ce,336,336,\N
/content/drive/MyDrive/MMVQA_Clinical/curated/phase2/temporal_frames/d626f4f4a5ac4785/frame_00050234.jpg,curated/phase2/temporal_frames/d626f4f4a5ac4785/frame_00050234.jpg,True,77a0103763572dddd141889e64ac2477f2b29df2f50108a58b361553b718a611,336,336,\N
/content/drive/MyDrive/MMVQA_Clinical/curated/phase2/temporal_frames/d626f4f4a5ac4785/frame_00050240.jpg,curated/phase2/temporal_frames/d626f4f4a5ac4785/frame_00050240.jpg,True,4fca1155e7ae12f7b332b6ada5e4ebb5792af9eb95ba3e03206c569829361362,336,336,\N
/content/drive/MyDrive/MMVQA_Clinical/curated/phase2/temporal_frames/d626f4f4a5ac4785/frame_00050241.jpg,curated/phase2/temporal_frames/d626f4f4a5ac4785/frame_00050241.jpg,True,188a3ad1693b1b2f60060065077dd79c1e9978544d48d90514a54abcab90d8bf,336,336,\N
/content/drive/MyDrive/MMVQA_Clinical/curated/phase2/temporal_frames/d626f4f4a5ac4785/frame_00050250.jpg,curated/phase2/temporal_frames/d626f4f4a5ac4785/frame_00050250.jpg,True,fb6f12b46812de277a0e373cada3bfa1331260a1be5ef8c20c0a7535d27f1e0a,336,336,\N
/content/drive/MyDrive/MMVQA_Clinical/curated/phase2/temporal_frames/d626f4f4a5ac4785/frame_00050256.jpg,curated/phase2/temporal_frames/d626f4f4a5ac4785/frame_00050256.jpg,True,29714b391f09b8c25ea95670ab33b75de29a86a7d386a2d32a911330ad934a8c,336,336,\N
/content/drive/MyDrive/MMVQA_Clinical/curated/phase2/temporal_frames/d626f4f4a5ac4785/frame_00050258.jpg,curated/phase2/temporal_frames/d626f4f4a5ac4785/frame_00050258.jpg,True,773f4f6daed51e03197ba5a0a9f0b893ac3b3044503eedfeb2ea82901ee3fdb5,336,336,\N
/content/drive/MyDrive/MMVQA_Clinical/curated/phase2/temporal_frames/d626f4f4a5ac4785/frame_00050288.jpg,curated/phase2/temporal_frames/d626f4f4a5ac4785/frame_00050288.jpg,True,9e9c7622fa0d02c8dcae9350a1310680536997d720b2839aad1030510f2c14cd,336,336,\N
/content/drive/MyDrive/MMVQA_Clinical/curated/phase2/temporal_frames/d626f4f4a5ac4785/frame_00050294.jpg,curated/phase2/temporal_frames/d626f4f4a5ac4785/frame_00050294.jpg,True,eeef182f064207427cf69775916e4df1452d5814eef68e74b02ff80310537ccb,336,336,\N
/content/drive/MyDrive/MMVQA_Clinical/curated/phase2/temporal_frames/d626f4f4a5ac4785/frame_00050300.jpg,curated/phase2/temporal_frames/d626f4f4a5ac4785/frame_00050300.jpg,True,081eb396d4d241f603ae5a7afdc28888042f0f22a50fc0f48ed18018e423331a,336,336,\N
/content/drive/MyDrive/MMVQA_Clinical/curated/phase2/temporal_frames/d626f4f4a5ac4785/frame_00050310.jpg,curated/phase2/temporal_frames/d626f4f4a5ac4785/frame_00050310.jpg,True,a7373076e00157b9be947d8866caaaa94489871ebc245f8a2e155abe33bce8ea,336,336,\N
/content/drive/MyDrive/MMVQA_Clinical/curated/phase2/temporal_frames/d626f4f4a5ac4785/frame_00050313.jpg,curated/phase2/temporal_frames/d626f4f4a5ac4785/frame_00050313.jpg,True,afbca2fe96f298d48c7c46f8863a773c6da469148d08d490ab560a8d0afeaea9,336,336,\N
/content/drive/MyDrive/MMVQA_Clinical/curated/phase2/temporal_frames/d626f4f4a5ac4785/frame_00050324.jpg,curated/phase2/temporal_frames/d626f4f4a5ac4785/frame_00050324.jpg,True,2215b4c063996a457cc3ee6a87bc138104c944bb8b8015486a8dfe6859300fe8,336,336,\N
/content/drive/MyDrive/MMVQA_Clinical/curated/phase2/temporal_frames/d626f4f4a5ac4785/frame_00050340.jpg,curated/phase2/temporal_frames/d626f4f4a5ac4785/frame_00050340.jpg,True,7385bf70d781f6ea647f3447cd2376a72a2b6e2752a8b6741e75fcbf7d40ddec,336,336,\N
/content/drive/MyDrive/MMVQA_Clinical/curated/phase2/temporal_frames/d626f4f4a5ac4785/frame_00050360.jpg,curated/phase2/temporal_frames/d626f4f4a5ac4785/frame_00050360.jpg,True,51c27207816080002b6c4d0e55dc14f81ca38c9b00a78eb359f773bcdb6dde9b,336,336,\N
/content/drive/MyDrive/MMVQA_Clinical/curated/phase2/temporal_frames/d626f4f4a5ac4785/frame_00050370.jpg,curated/phase2/temporal_frames/d626f4f4a5ac4785/frame_00050370.jpg,True,7014217dba239856925e636ed12ecb0bd4b67b2320eb986f84d2d13f80a6372e,336,336,\N
/content/drive/MyDrive/MMVQA_Clinical/curated/phase2/temporal_frames/d626f4f4a5ac4785/frame_00050390.jpg,curated/phase2/temporal_frames/d626f4f4a5ac4785/frame_00050390.jpg,True,7b0b67b61c74c48712d9dd56cc14fb804981ee35dc6f6b5e07b1f7905cb5e256,336,336,\N
/content/drive/MyDrive/MMVQA_Clinical/curated/phase2/temporal_frames/d626f4f4a5ac4785/frame_00050430.jpg,curated/phase2/temporal_frames/d626f4f4a5ac4785/frame_00050430.jpg,True,0c3730f813108dda0dee802f499bc0af569dd6b7d98b48701b411813071adf0c,336,336,\N
/content/drive/MyDrive/MMVQA_Clinical/curated/phase2/temporal_frames/d626f4f4a5ac4785/frame_00050460.jpg,curated/phase2/temporal_frames/d626f4f4a5ac4785/frame_00050460.jpg,True,60f28ad0e8c99e1ab8dfc31ed5cf20b437aba17a4786f21b9b86fa1f4e8b5787,336,336,\N
/content/drive/MyDrive/MMVQA_Clinical/curated/phase2/temporal_frames/d626f4f4a5ac4785/frame_00050555.jpg,curated/phase2/temporal_frames/d626f4f4a5ac4785/frame_00050555.jpg,True,2c9828704590bfc5872a3d297271ea60bb221bf327b614d089f5899d84917b91,336,336,\N
/content/drive/MyDrive/MMVQA_Clinical/curated/phase2/temporal_frames/d626f4f4a5ac4785/frame_00050559.jpg,curated/phase2/temporal_frames/d626f4f4a5ac4785/frame_00050559.jpg,True,08968e96437707ce03323b2578001e6d4cf9f54a0d60980c9a1c0b59c56481f5,336,336,\N
/content/drive/MyDrive/MMVQA_Clinical/curated/phase2/temporal_frames/d626f4f4a5ac4785/frame_00050563.jpg,curated/phase2/temporal_frames/d626f4f4a5ac4785/frame_00050563.jpg,True,052189487815960b95ce7d5f8f02783739dadcd03a7aee9d792c89717bb4b0e4,336,336,\N
/content/drive/MyDrive/MMVQA_Clinical/curated/phase2/temporal_frames/d626f4f4a5ac4785/frame_00050569.jpg,curated/phase2/temporal_frames/d626f4f4a5ac4785/frame_00050569.jpg,True,693491f79f21a72115f750f4c764bd84d876313f5410937b996ba8f37071c45d,336,336,\N
/content/drive/MyDrive/MMVQA_Clinical/curated/phase2/temporal_frames/d626f4f4a5ac4785/frame_00050585.jpg,curated/phase2/temporal_frames/d626f4f4a5ac4785/frame_00050585.jpg,True,e67dadc9c0a7240fbd385bf97aecfc039453270acee4a1f756978e7e7cdc8632,336,336,\N
/content/drive/MyDrive/MMVQA_Clinical/curated/phase2/temporal_frames/d626f4f4a5ac4785/frame_00050588.jpg,curated/phase2/temporal_frames/d626f4f4a5ac4785/frame_00050588.jpg,True,59e3f6f0528eddbb218d705c5a488313699e771857be3335d275e523c100c795,336,336,\N
/content/drive/MyDrive/MMVQA_Clinical/curated/phase2/temporal_frames/d626f4f4a5ac4785/frame_00050589.jpg,curated/phase2/temporal_frames/d626f4f4a5ac4785/frame_00050589.jpg,True,0172d3ee715d12f6bfd055fa8fef0a445e4850ccec741717cc203b9f1a846b45,336,336,\N
/content/drive/MyDrive/MMVQA_Clinical/curated/phase2/temporal_frames/d626f4f4a5ac4785/frame_00050593.jpg,curated/phase2/temporal_frames/d626f4f4a5ac4785/frame_00050593.jpg,True,3ce4ce9e188987748bd07b3479b7b844164c527aeb1006f118c3f6f15f18c1bb,336,336,\N
/content/drive/MyDrive/MMVQA_Clinical/curated/phase2/temporal_frames/d626f4f4a5ac4785/frame_00050599.jpg,curated/phase2/temporal_frames/d626f4f4a5ac4785/frame_00050599.jpg,True,2e3aee83a2f52220af8b3bb7400303b52d2519065b2e969d04b79fc6f4fff4f0,336,336,\N
/content/drive/MyDrive/MMVQA_Clinical/curated/phase2/temporal_frames/d626f4f4a5ac4785/frame_00050645.jpg,curated/phase2/temporal_frames/d626f4f4a5ac4785/frame_00050645.jpg,True,f51d468f87d0e2e35136d9b147ae578f5cf7ef5ecd4c265f9237c60055dba487,336,336,\N
/content/drive/MyDrive/MMVQA_Clinical/curated/phase2/temporal_frames/d626f4f4a5ac4785/frame_00050649.jpg,curated/phase2/temporal_frames/d626f4f4a5ac4785/frame_00050649.jpg,True,644e2f7adec677ea35b598a6ba46b8a98cf52a2d06fabf454a44589f9cf62fc6,336,336,\N
/content/drive/MyDrive/MMVQA_Clinical/curated/phase2/temporal_frames/d626f4f4a5ac4785/frame_00050659.jpg,curated/phase2/temporal_frames/d626f4f4a5ac4785/frame_00050659.jpg,True,b50d3d8f14cbf6c65b73f8d4229fc0816093363713ff8764d030ad3c7d66d6fd,336,336,\N
/content/drive/MyDrive/MMVQA_Clinical/curated/phase2/temporal_frames/d626f4f4a5ac4785/frame_00050660.jpg,curated/phase2/temporal_frames/d626f4f4a5ac4785/frame_00050660.jpg,True,15c1812d9aa4a658db8c9ec5b7f446d0dfad54531f9cc89f3ea77fdd3781c984,336,336,\N
/content/drive/MyDrive/MMVQA_Clinical/curated/phase2/temporal_frames/d626f4f4a5ac4785/frame_00050667.jpg,curated/phase2/temporal_frames/d626f4f4a5ac4785/frame_00050667.jpg,True,94ce23e258888f8efb56db7f340b3002b294855f838c2ceb3a40669239368703,336,336,\N
/content/drive/MyDrive/MMVQA_Clinical/curated/phase2/temporal_frames/d626f4f4a5ac4785/frame_00050675.jpg,curated/phase2/temporal_frames/d626f4f4a5ac4785/frame_00050675.jpg,True,c93119f8f4e14dbb4d1762b1140927198d09eb5e7be9451594557851b64ad39e,336,336,\N
/content/drive/MyDrive/MMVQA_Clinical/curated/phase2/temporal_frames/d626f4f4a5ac4785/frame_00050678.jpg,curated/phase2/temporal_frames/d626f4f4a5ac4785/frame_00050678.jpg,True,027b77a82d33f3a3e9a67f8e1abc8903c2e9b7116733e7f30754be77e8a76273,336,336,\N
/content/drive/MyDrive/MMVQA_Clinical/curated/phase2/temporal_frames/d626f4f4a5ac4785/frame_00050679.jpg,curated/phase2/temporal_frames/d626f4f4a5ac4785/frame_00050679.jpg,True,9ab7706a073725cb2b12a6f25eea8c26ea29b2db8f210e6a07036c2c34e77809,336,336,\N
/content/drive/MyDrive/MMVQA_Clinical/curated/phase2/temporal_frames/d626f4f4a5ac4785/frame_00050683.jpg,curated/phase2/temporal_frames/d626f4f4a5ac4785/frame_00050683.jpg,True,7ba0997e355c55f730db9966f3e4f01b87b7c381ab02af3f4f518da690c79213,336,336,\N
/content/drive/MyDrive/MMVQA_Clinical/curated/phase2/temporal_frames/d626f4f4a5ac4785/frame_00050684.jpg,curated/phase2/temporal_frames/d626f4f4a5ac4785/frame_00050684.jpg,True,d0231ebc7455c8f1640871456f9588afc8dbccfa6b92bf305392fce91bf732b9,336,336,\N
/content/drive/MyDrive/MMVQA_Clinical/curated/phase2/temporal_frames/d626f4f4a5ac4785/frame_00050697.jpg,curated/phase2/temporal_frames/d626f4f4a5ac4785/frame_00050697.jpg,True,6ab677e10dd8a64388082e4aab864b9340b62bd6b72bf952c0ebc154505318db,336,336,\N
/content/drive/MyDrive/MMVQA_Clinical/curated/phase2/temporal_frames/d626f4f4a5ac4785/frame_00050708.jpg,curated/phase2/temporal_frames/d626f4f4a5ac4785/frame_00050708.jpg,True,4d17f25728d24e6c3e2c7963f74b7c48055691fec10224dc4002443fe9e8076f,336,336,\N
/content/drive/MyDrive/MMVQA_Clinical/curated/phase2/temporal_frames/d626f4f4a5ac4785/frame_00050720.jpg,curated/phase2/temporal_frames/d626f4f4a5ac4785/frame_00050720.jpg,True,d0e0a31e17928ac3154bcf13f1cc3894d0fd555bceb3400207e091bd7cceb434,336,336,\N
/content/drive/MyDrive/MMVQA_Clinical/curated/phase2/temporal_frames/d626f4f4a5ac4785/frame_00050744.jpg,curated/phase2/temporal_frames/d626f4f4a5ac4785/frame_00050744.jpg,True,769f28ca00ee8eebf9d5f5115fe48680da0ddd1da8f6d786e4a3307acc596e46,336,336,\N
/content/drive/MyDrive/MMVQA_Clinical/curated/phase2/temporal_frames/d626f4f4a5ac4785/frame_00050750.jpg,curated/phase2/temporal_frames/d626f4f4a5ac4785/frame_00050750.jpg,True,528afed6f213e832405b57c7c9d58b6004b5ead258df740a7f7fccb1554f2841,336,336,\N
/content/drive/MyDrive/MMVQA_Clinical/curated/phase2/temporal_frames/d626f4f4a5ac4785/frame_00050757.jpg,curated/phase2/temporal_frames/d626f4f4a5ac4785/frame_00050757.jpg,True,c1f0290425cf99be512c841a8720ade650a999f1dcd7b354dec39ac9cd6daa2a,336,336,\N
/content/drive/MyDrive/MMVQA_Clinical/curated/phase2/temporal_frames/d626f4f4a5ac4785/frame_00050774.jpg,curated/phase2/temporal_frames/d626f4f4a5ac4785/frame_00050774.jpg,True,9e03045b7e2df84faeaebb8d0ca6a1913b40446116ae7e660aac10eded40696d,336,336,\N
/content/drive/MyDrive/MMVQA_Clinical/curated/phase2/temporal_frames/d626f4f4a5ac4785/frame_00050787.jpg,curated/phase2/temporal_frames/d626f4f4a5ac4785/frame_00050787.jpg,True,281f4a6eb05776fa0f711b2529ecacfaf22341c552529526d572207bc52836fc,336,336,\N
/content/drive/MyDrive/MMVQA_Clinical/curated/phase2/temporal_frames/d626f4f4a5ac4785/frame_00050810.jpg,curated/phase2/temporal_frames/d626f4f4a5ac4785/frame_00050810.jpg,True,8b33b6599205075cfa97e268d312ef5caf633c072e05a5225e9f4f93be9f2ada,336,336,\N
/content/drive/MyDrive/MMVQA_Clinical/curated/phase2/temporal_frames/d626f4f4a5ac4785/frame_00050840.jpg,curated/phase2/temporal_frames/d626f4f4a5ac4785/frame_00050840.jpg,True,f852cfad438f499afc3149eb8e03dcc25291958d86cf3a4d42f564671a85a02d,336,336,\N
/content/drive/MyDrive/MMVQA_Clinical/curated/phase2/temporal_frames/d626f4f4a5ac4785/frame_00050902.jpg,curated/phase2/temporal_frames/d626f4f4a5ac4785/frame_00050902.jpg,True,c198eb1d481b95cf73a7c4b0d8e255e84dbdc6c530877f879e07b30ab337a880,336,336,\N
/content/drive/MyDrive/MMVQA_Clinical/curated/phase2/temporal_frames/d626f4f4a5ac4785/frame_00050932.jpg,curated/phase2/temporal_frames/d626f4f4a5ac4785/frame_00050932.jpg,True,fcf21a85ccbf9cb0017a0345cc8f084fb3583a4b41d21e79d1924d9287624488,336,336,\N
/content/drive/MyDrive/MMVQA_Clinical/curated/phase2/temporal_frames/d626f4f4a5ac4785/frame_00050940.jpg,curated/phase2/temporal_frames/d626f4f4a5ac4785/frame_00050940.jpg,True,9a41c35bf456c025d95a8d7b50e0e3beb38664eacd4f2884a630be1acab74025,336,336,\N
/content/drive/MyDrive/MMVQA_Clinical/curated/phase2/temporal_frames/d626f4f4a5ac4785/frame_00050970.jpg,curated/phase2/temporal_frames/d626f4f4a5ac4785/frame_00050970.jpg,True,72da4238492ef1021ade7fdf49042e00ee02ee9dfee1f8001a70126a9eca08e7,336,336,\N
/content/drive/MyDrive/MMVQA_Clinical/curated/phase2/temporal_frames/d626f4f4a5ac4785/frame_00050992.jpg,curated/phase2/temporal_frames/d626f4f4a5ac4785/frame_00050992.jpg,True,91e318654c12ed0f45dde52a5de6e69bb463ec2199e133d738d66908231ee162,336,336,\N
/content/drive/MyDrive/MMVQA_Clinical/curated/phase2/temporal_frames/d626f4f4a5ac4785/frame_00051022.jpg,curated/phase2/temporal_frames/d626f4f4a5ac4785/frame_00051022.jpg,True,0fe6f6e71d36ed047c3c4ee5cb43a96a09c73163dae2efa86232dc1571ae21d9,336,336,\N
/content/drive/MyDrive/MMVQA_Clinical/curated/phase2/temporal_frames/d626f4f4a5ac4785/frame_00051030.jpg,curated/phase2/temporal_frames/d626f4f4a5ac4785/frame_00051030.jpg,True,8afdf3a33bf7417d5953fd12451eb143550283e5c9ab6f39d32b2f5cebbedf73,336,336,\N
/content/drive/MyDrive/MMVQA_Clinical/curated/phase2/temporal_frames/d626f4f4a5ac4785/frame_00051060.jpg,curated/phase2/temporal_frames/d626f4f4a5ac4785/frame_00051060.jpg,True,86bcafb88a22b1501c6dcea11d1415f0c74774ca6c848ca2578cd61a5fb734d4,336,336,\N
/content/drive/MyDrive/MMVQA_Clinical/curated/phase2/temporal_frames/d626f4f4a5ac4785/frame_00051315.jpg,curated/phase2/temporal_frames/d626f4f4a5ac4785/frame_00051315.jpg,True,7e7f8ae608afefd6b6c635278bb6cc284351fd63fa0ca0a0284a2f826d7f247d,336,336,\N
/content/drive/MyDrive/MMVQA_Clinical/curated/phase2/temporal_frames/d626f4f4a5ac4785/frame_00051338.jpg,curated/phase2/temporal_frames/d626f4f4a5ac4785/frame_00051338.jpg,True,44b8cc398950641a150aee3c64869cc253cee3c6724af9b21cc2ff250480b3a1,336,336,\N
/content/drive/MyDrive/MMVQA_Clinical/curated/phase2/temporal_frames/d626f4f4a5ac4785/frame_00051345.jpg,curated/phase2/temporal_frames/d626f4f4a5ac4785/frame_00051345.jpg,True,127097d60a0c0c7d73963ca8dd4109bacfdcee8dd7ce194416a552de010a66eb,336,336,\N
/content/drive/MyDrive/MMVQA_Clinical/curated/phase2/temporal_frames/d626f4f4a5ac4785/frame_00051363.jpg,curated/phase2/temporal_frames/d626f4f4a5ac4785/frame_00051363.jpg,True,e253aa9f1753de9a93cfdde258da6de6c1476456216b3c51926a86990634aa42,336,336,\N
/content/drive/MyDrive/MMVQA_Clinical/curated/phase2/temporal_frames/d626f4f4a5ac4785/frame_00051368.jpg,curated/phase2/temporal_frames/d626f4f4a5ac4785/frame_00051368.jpg,True,296a5da70680a1a65f55e824dceadcebc5963ad8fa67420afd050cc085d52a38,336,336,\N
/content/drive/MyDrive/MMVQA_Clinical/curated/phase2/temporal_frames/d626f4f4a5ac4785/frame_00051405.jpg,curated/phase2/temporal_frames/d626f4f4a5ac4785/frame_00051405.jpg,True,f97dce09d7acef209c902bc86cc04707b634d1615001dbedf2af382aa5905098,336,336,\N
/content/drive/MyDrive/MMVQA_Clinical/curated/phase2/temporal_frames/d626f4f4a5ac4785/frame_00051408.jpg,curated/phase2/temporal_frames/d626f4f4a5ac4785/frame_00051408.jpg,True,8b34a04f9fc7f88b638f911e286e75d73b749e0f8c46534d4243b5cf4518f2cb,336,336,\N
/content/drive/MyDrive/MMVQA_Clinical/curated/phase2/temporal_frames/d626f4f4a5ac4785/frame_00051412.jpg,curated/phase2/temporal_frames/d626f4f4a5ac4785/frame_00051412.jpg,True,3b83a6b8ec9eb7c0a50f83c0a774842c288cec5dbf28e586df7d18e109a4f0c1,336,336,\N
/content/drive/MyDrive/MMVQA_Clinical/curated/phase2/temporal_frames/d626f4f4a5ac4785/frame_00051453.jpg,curated/phase2/temporal_frames/d626f4f4a5ac4785/frame_00051453.jpg,True,75c9eb8e5ed1375d6fcb3e1a51dcb046bd11885f391c6f63f4cac05298379a0c,336,336,\N
/content/drive/MyDrive/MMVQA_Clinical/curated/phase2/temporal_frames/d626f4f4a5ac4785/frame_00051458.jpg,curated/phase2/temporal_frames/d626f4f4a5ac4785/frame_00051458.jpg,True,e9dc09987617945d5fe91ba454f3951e8123ae65cd00f0dbd579add25ede7c79,336,336,\N
/content/drive/MyDrive/MMVQA_Clinical/curated/phase2/temporal_frames/d626f4f4a5ac4785/frame_00051483.jpg,curated/phase2/temporal_frames/d626f4f4a5ac4785/frame_00051483.jpg,True,2a8d55a29ef88f2d259d1af5073a550fd18882031bc2d3fd78a5166d7892b315,336,336,\N
/content/drive/MyDrive/MMVQA_Clinical/curated/phase2/temporal_frames/d626f4f4a5ac4785/frame_00051520.jpg,curated/phase2/temporal_frames/d626f4f4a5ac4785/frame_00051520.jpg,True,c543613d89d5c7c8d3fd12774fef2db6f3e858895ed7f8904de778be3418bf0c,336,336,\N
/content/drive/MyDrive/MMVQA_Clinical/curated/phase2/temporal_frames/d626f4f4a5ac4785/frame_00051522.jpg,curated/phase2/temporal_frames/d626f4f4a5ac4785/frame_00051522.jpg,True,59a2036616c9816d3c477b3d7494d5d4d3a5676c8b6969e87ef57ff0e5e30eef,336,336,\N
/content/drive/MyDrive/MMVQA_Clinical/curated/phase2/temporal_frames/d626f4f4a5ac4785/frame_00051530.jpg,curated/phase2/temporal_frames/d626f4f4a5ac4785/frame_00051530.jpg,True,ac609c3ddd3b7c8c907540bee3f60660506b3b54eb3d9ea4075a5e86a3c1c613,336,336,\N
/content/drive/MyDrive/MMVQA_Clinical/curated/phase2/temporal_frames/d626f4f4a5ac4785/frame_00051531.jpg,curated/phase2/temporal_frames/d626f4f4a5ac4785/frame_00051531.jpg,True,da9e6b5cb00fe3c20c9fa4bf3f9aadc8df85e696e659ebf5d52cbd12b1444560,336,336,\N
/content/drive/MyDrive/MMVQA_Clinical/curated/phase2/temporal_frames/d626f4f4a5ac4785/frame_00051532.jpg,curated/phase2/temporal_frames/d626f4f4a5ac4785/frame_00051532.jpg,True,da87119f520e9f6f93d29970a8b57658eeef43ddc705b7ea885053eaa3af6b30,336,336,\N
/content/drive/MyDrive/MMVQA_Clinical/curated/phase2/temporal_frames/d626f4f4a5ac4785/frame_00051539.jpg,curated/phase2/temporal_frames/d626f4f4a5ac4785/frame_00051539.jpg,True,af63a0582f41e3f104474e47f80b817a99d7408af5547df6a715dc63faedddf8,336,336,\N
/content/drive/MyDrive/MMVQA_Clinical/curated/phase2/temporal_frames/d626f4f4a5ac4785/frame_00051552.jpg,curated/phase2/temporal_frames/d626f4f4a5ac4785/frame_00051552.jpg,True,5daf63247f8a86d0a341452cc65405ea6439078d425e7bfeb3f3000dde73c7e8,336,336,\N
/content/drive/MyDrive/MMVQA_Clinical/curated/phase2/temporal_frames/d626f4f4a5ac4785/frame_00051560.jpg,curated/phase2/temporal_frames/d626f4f4a5ac4785/frame_00051560.jpg,True,801f960cba580fc38b420a5e2db068ce6d3409128f5ba17aaa8287c31cfb3623,336,336,\N
/content/drive/MyDrive/MMVQA_Clinical/curated/phase2/temporal_frames/d626f4f4a5ac4785/frame_00051561.jpg,curated/phase2/temporal_frames/d626f4f4a5ac4785/frame_00051561.jpg,True,31508bf337e55fbc037fc6e5b051e5fa8ab1bace99e09da7cf6c57465ded4b38,336,336,\N
/content/drive/MyDrive/MMVQA_Clinical/curated/phase2/temporal_frames/d626f4f4a5ac4785/frame_00051567.jpg,curated/phase2/temporal_frames/d626f4f4a5ac4785/frame_00051567.jpg,True,1999fbe6bd0b1ee5e899ed505fd1388d9617a9b3ce1526f80a663c951e96360a,336,336,\N
/content/drive/MyDrive/MMVQA_Clinical/curated/phase2/temporal_frames/d626f4f4a5ac4785/frame_00051569.jpg,curated/phase2/temporal_frames/d626f4f4a5ac4785/frame_00051569.jpg,True,4f55d90eec47b115fc6b1d840f9dae7ce2f1b2b184fad98345c1a9a012928b12,336,336,\N
/content/drive/MyDrive/MMVQA_Clinical/curated/phase2/temporal_frames/d626f4f4a5ac4785/frame_00051597.jpg,curated/phase2/temporal_frames/d626f4f4a5ac4785/frame_00051597.jpg,True,c58742752dc279393ccdd92a8b26fb1cdecd8a56abe723a9a8b64953ef75a60e,336,336,\N
/content/drive/MyDrive/MMVQA_Clinical/curated/phase2/temporal_frames/d626f4f4a5ac4785/frame_00051604.jpg,curated/phase2/temporal_frames/d626f4f4a5ac4785/frame_00051604.jpg,True,2a3c08156962bd6cb8fabfd403f72a931e65c3912e42a0f415ed2b14b186c71e,336,336,\N
/content/drive/MyDrive/MMVQA_Clinical/curated/phase2/temporal_frames/d626f4f4a5ac4785/frame_00051620.jpg,curated/phase2/temporal_frames/d626f4f4a5ac4785/frame_00051620.jpg,True,94883a92fbbaa977dd2400ceb5146b657c772547c985f0f7e20e85cd608a3250,336,336,\N
/content/drive/MyDrive/MMVQA_Clinical/curated/phase2/temporal_frames/d626f4f4a5ac4785/frame_00051629.jpg,curated/phase2/temporal_frames/d626f4f4a5ac4785/frame_00051629.jpg,True,88e14888a346bb2ec0137398b526d131c9a167f2fa9cd0bad366246d3511ff81,336,336,\N
/content/drive/MyDrive/MMVQA_Clinical/curated/phase2/temporal_frames/d626f4f4a5ac4785/frame_00051634.jpg,curated/phase2/temporal_frames/d626f4f4a5ac4785/frame_00051634.jpg,True,e2ae5b319d9a047a8327a82ec39708cf4ad1efd4d6a4624b43929353f8924ad9,336,336,\N
/content/drive/MyDrive/MMVQA_Clinical/curated/phase2/temporal_frames/d626f4f4a5ac4785/frame_00051650.jpg,curated/phase2/temporal_frames/d626f4f4a5ac4785/frame_00051650.jpg,True,f69750031b174fd9a544396499b6e60415d8541783ee28559295c757f9055b24,336,336,\N
/content/drive/MyDrive/MMVQA_Clinical/curated/phase2/temporal_frames/d626f4f4a5ac4785/frame_00051657.jpg,curated/phase2/temporal_frames/d626f4f4a5ac4785/frame_00051657.jpg,True,00197531b62d173d1db6177ac1714736c5d3f0a5b6b860c5255d670b10e1afe0,336,336,\N
/content/drive/MyDrive/MMVQA_Clinical/curated/phase2/temporal_frames/d626f4f4a5ac4785/frame_00051687.jpg,curated/phase2/temporal_frames/d626f4f4a5ac4785/frame_00051687.jpg,True,f14e618c25866eac55af4845f57d5293ad194512ac9d990aee2843cc6d30db71,336,336,\N
/content/drive/MyDrive/MMVQA_Clinical/curated/phase2/temporal_frames/d626f4f4a5ac4785/frame_00051724.jpg,curated/phase2/temporal_frames/d626f4f4a5ac4785/frame_00051724.jpg,True,e29d2d93622cf9a0585f79dcbd3b7c2610aee6fb5964b9135bcd7a13daf2e96c,336,336,\N
/content/drive/MyDrive/MMVQA_Clinical/curated/phase2/temporal_frames/d626f4f4a5ac4785/frame_00051725.jpg,curated/phase2/temporal_frames/d626f4f4a5ac4785/frame_00051725.jpg,True,736972ab2c2c4a406dc6e0974f93da05ca474630506e5cbee24af0d12ff7e228,336,336,\N
/content/drive/MyDrive/MMVQA_Clinical/curated/phase2/temporal_frames/d626f4f4a5ac4785/frame_00051785.jpg,curated/phase2/temporal_frames/d626f4f4a5ac4785/frame_00051785.jpg,True,abe291e19a5c2ae16ad5b7a88e28be25105dab9e2ff1ab3777d3933b8b18e279,336,336,\N
/content/drive/MyDrive/MMVQA_Clinical/curated/phase2/temporal_frames/d626f4f4a5ac4785/frame_00051815.jpg,curated/phase2/temporal_frames/d626f4f4a5ac4785/frame_00051815.jpg,True,b424535619d4de7abecaed0dc42038cd998c479efba9bae59cc460882978f08e,336,336,\N
/content/drive/MyDrive/MMVQA_Clinical/curated/phase2/temporal_frames/d626f4f4a5ac4785/frame_00052203.jpg,curated/phase2/temporal_frames/d626f4f4a5ac4785/frame_00052203.jpg,True,ae77b439bacabfb28b8905229613c362640691fd177ca725cce66eda8f68e8f0,336,336,\N
/content/drive/MyDrive/MMVQA_Clinical/curated/phase2/temporal_frames/d626f4f4a5ac4785/frame_00052233.jpg,curated/phase2/temporal_frames/d626f4f4a5ac4785/frame_00052233.jpg,True,74fb82a28ebd0d2a75566f9da9256aa6dadff5263354a6cf5b4f9f0cb2e5d57e,336,336,\N
/content/drive/MyDrive/MMVQA_Clinical/curated/phase2/temporal_frames/d7a271f233ba4a40/frame_00004553.jpg,curated/phase2/temporal_frames/d7a271f233ba4a40/frame_00004553.jpg,True,c2ebbd17b4adf92686893ac75a0edf5f2d8a72979851dd651a56b7fd68b89729,336,336,\N
/content/drive/MyDrive/MMVQA_Clinical/curated/phase2/temporal_frames/d7a271f233ba4a40/frame_00004583.jpg,curated/phase2/temporal_frames/d7a271f233ba4a40/frame_00004583.jpg,True,0c048877a659e00526793e4db1c477ea18b0f61f61ecaa8c9cc300d725010bd0,336,336,\N
/content/drive/MyDrive/MMVQA_Clinical/curated/phase2/temporal_frames/d7a271f233ba4a40/frame_00004643.jpg,curated/phase2/temporal_frames/d7a271f233ba4a40/frame_00004643.jpg,True,bb5799e44720b0610cef253661c4aba4446a66dd32a5f147903c82fb024f0521,336,336,\N
/content/drive/MyDrive/MMVQA_Clinical/curated/phase2/temporal_frames/d7a271f233ba4a40/frame_00004673.jpg,curated/phase2/temporal_frames/d7a271f233ba4a40/frame_00004673.jpg,True,c0f8a7cb18882ff5903aa7f77e8db7d6c3ab79654599e14e0f1415af4e3ffc00,336,336,\N
/content/drive/MyDrive/MMVQA_Clinical/curated/phase2/temporal_frames/d7a271f233ba4a40/frame_00005215.jpg,curated/phase2/temporal_frames/d7a271f233ba4a40/frame_00005215.jpg,True,cda6f8ea4677181f3e201ccfb9979fb5fbbc10977e7b430ed01462ddba7a9881,336,336,\N
/content/drive/MyDrive/MMVQA_Clinical/curated/phase2/temporal_frames/d7a271f233ba4a40/frame_00005335.jpg,curated/phase2/temporal_frames/d7a271f233ba4a40/frame_00005335.jpg,True,72889ee824bc4f182d0ec4d4dd2e53876357a778f3c524d8cb3fdd3ab7725d8c,336,336,\N
/content/drive/MyDrive/MMVQA_Clinical/curated/phase2/temporal_frames/d7a271f233ba4a40/frame_00029835.jpg,curated/phase2/temporal_frames/d7a271f233ba4a40/frame_00029835.jpg,True,0e362d10fc161868502819ef24c91104b0ab6d529684274201176a9dbed0494c,336,336,\N
/content/drive/MyDrive/MMVQA_Clinical/curated/phase2/temporal_frames/d7a271f233ba4a40/frame_00029865.jpg,curated/phase2/temporal_frames/d7a271f233ba4a40/frame_00029865.jpg,True,15ba13b5ab3bc85551ad50ab3b670c3ec6faae36d268bab126e88eca2ba8ba5f,336,336,\N
/content/drive/MyDrive/MMVQA_Clinical/curated/phase2/temporal_frames/d7a271f233ba4a40/frame_00029925.jpg,curated/phase2/temporal_frames/d7a271f233ba4a40/frame_00029925.jpg,True,3bce9f5d47c68138442b3f3f32537adce143cd6b1c8a919df2a0cb9c228b9a23,336,336,\N
/content/drive/MyDrive/MMVQA_Clinical/curated/phase2/temporal_frames/d7a271f233ba4a40/frame_00029955.jpg,curated/phase2/temporal_frames/d7a271f233ba4a40/frame_00029955.jpg,True,1152090ca8684f15dcc44c185ad1f471dcf2343883be7990e6d11783b9b2be6a,336,336,\N
/content/drive/MyDrive/MMVQA_Clinical/curated/phase2/temporal_frames/dac1e27f7e4d4ef5/frame_00001696.jpg,curated/phase2/temporal_frames/dac1e27f7e4d4ef5/frame_00001696.jpg,True,98fd5ff371fc0f3ac3667d62e23331b8295d21e0d5f709e5a621fbace092789e,336,336,\N
/content/drive/MyDrive/MMVQA_Clinical/curated/phase2/temporal_frames/dac1e27f7e4d4ef5/frame_00001726.jpg,curated/phase2/temporal_frames/dac1e27f7e4d4ef5/frame_00001726.jpg,True,9b7399a4485e1bb425babd11fad70a811846da7828d01a12ea82bfab26b2e95d,336,336,\N
/content/drive/MyDrive/MMVQA_Clinical/curated/phase2/temporal_frames/dac1e27f7e4d4ef5/frame_00001786.jpg,curated/phase2/temporal_frames/dac1e27f7e4d4ef5/frame_00001786.jpg,True,10ae40d893c2bae8bc4ae3afbfde35ffcb2acae17d047df249ef1f73d41eb9e9,336,336,\N
/content/drive/MyDrive/MMVQA_Clinical/curated/phase2/temporal_frames/dac1e27f7e4d4ef5/frame_00001816.jpg,curated/phase2/temporal_frames/dac1e27f7e4d4ef5/frame_00001816.jpg,True,db694180b5dc520d38844f98787f50f9e06e25a449a76e1646d03115d6d55f02,336,336,\N
/content/drive/MyDrive/MMVQA_Clinical/curated/phase2/temporal_frames/dac1e27f7e4d4ef5/frame_00002340.jpg,curated/phase2/temporal_frames/dac1e27f7e4d4ef5/frame_00002340.jpg,True,6cfdbb42583bbb3ede0c0769db55c55717ba12254a3d7c79709b9e23fa789364,336,336,\N
/content/drive/MyDrive/MMVQA_Clinical/curated/phase2/temporal_frames/dac1e27f7e4d4ef5/frame_00002370.jpg,curated/phase2/temporal_frames/dac1e27f7e4d4ef5/frame_00002370.jpg,True,2ed0b5fba1c7e0f65fd4f4a0479ea282e3502e0605b2b879127d0724f3618c08,336,336,\N
/content/drive/MyDrive/MMVQA_Clinical/curated/phase2/temporal_frames/dac1e27f7e4d4ef5/frame_00002430.jpg,curated/phase2/temporal_frames/dac1e27f7e4d4ef5/frame_00002430.jpg,True,ce7d77fc1d8857f9556982d3004290c8ead9edb02a5b313a2d94759e932103e9,336,336,\N
/content/drive/MyDrive/MMVQA_Clinical/curated/phase2/temporal_frames/dac1e27f7e4d4ef5/frame_00002460.jpg,curated/phase2/temporal_frames/dac1e27f7e4d4ef5/frame_00002460.jpg,True,8fb33aae5bb9552e35a57f48b3ac484b28aa653fa15f2bc27f0da51b003d57f9,336,336,\N
/content/drive/MyDrive/MMVQA_Clinical/curated/phase2/temporal_frames/dac1e27f7e4d4ef5/frame_00002869.jpg,curated/phase2/temporal_frames/dac1e27f7e4d4ef5/frame_00002869.jpg,True,5e662583a7df5d183fde00723163b7c14bc35cfc33bd50639360f30d2c09e959,336,336,\N
/content/drive/MyDrive/MMVQA_Clinical/curated/phase2/temporal_frames/dac1e27f7e4d4ef5/frame_00002899.jpg,curated/phase2/temporal_frames/dac1e27f7e4d4ef5/frame_00002899.jpg,True,7687dbfcdc6de8b8f9bd68e99313eb337206261eb3f8e913585a22c01a9d8a7b,336,336,\N
/content/drive/MyDrive/MMVQA_Clinical/curated/phase2/temporal_frames/dac1e27f7e4d4ef5/frame_00002959.jpg,curated/phase2/temporal_frames/dac1e27f7e4d4ef5/frame_00002959.jpg,True,24b0c7118a7c1a19a06ae697233d54318ce5848396d8fb274624e9e01abdeac4,336,336,\N
/content/drive/MyDrive/MMVQA_Clinical/curated/phase2/temporal_frames/dac1e27f7e4d4ef5/frame_00002989.jpg,curated/phase2/temporal_frames/dac1e27f7e4d4ef5/frame_00002989.jpg,True,8bce21602c65234a25d4061d7f5825ee29a27c5c452142d85f4b07a15fca3b39,336,336,\N
/content/drive/MyDrive/MMVQA_Clinical/curated/phase2/temporal_frames/dac1e27f7e4d4ef5/frame_00003322.jpg,curated/phase2/temporal_frames/dac1e27f7e4d4ef5/frame_00003322.jpg,True,790c96c2379c14f9638a287707311c3b2aed5e7c310e55bd8dadbdc86e71315a,336,336,\N
/content/drive/MyDrive/MMVQA_Clinical/curated/phase2/temporal_frames/dac1e27f7e4d4ef5/frame_00003326.jpg,curated/phase2/temporal_frames/dac1e27f7e4d4ef5/frame_00003326.jpg,True,b5326f651c32c82a1046a4e211ce18763753bc06fc837bd2de7d2c2fe5b50f3b,336,336,\N
/content/drive/MyDrive/MMVQA_Clinical/curated/phase2/temporal_frames/dac1e27f7e4d4ef5/frame_00003332.jpg,curated/phase2/temporal_frames/dac1e27f7e4d4ef5/frame_00003332.jpg,True,b489508625ba599d6a3efbd9df77a293ba54ed9716ee942b2cbe9fe4118db1ad,336,336,\N
/content/drive/MyDrive/MMVQA_Clinical/curated/phase2/temporal_frames/dac1e27f7e4d4ef5/frame_00003342.jpg,curated/phase2/temporal_frames/dac1e27f7e4d4ef5/frame_00003342.jpg,True,1437e6a02e3797cbdf40617c9cecde44b8eb55ae1b97ff61451978c833b449b0,336,336,\N
/content/drive/MyDrive/MMVQA_Clinical/curated/phase2/temporal_frames/dac1e27f7e4d4ef5/frame_00003352.jpg,curated/phase2/temporal_frames/dac1e27f7e4d4ef5/frame_00003352.jpg,True,d8adacb4ced0a88cbb659b00fa4304b0fbf46e4f5a2ea7e7de84ce6fc063a448,336,336,\N
/content/drive/MyDrive/MMVQA_Clinical/curated/phase2/temporal_frames/dac1e27f7e4d4ef5/frame_00003356.jpg,curated/phase2/temporal_frames/dac1e27f7e4d4ef5/frame_00003356.jpg,True,c158b1c4f3efffd77e8b6dc110b36d2ed1788972c2be349d52f3e957d5a7b0b2,336,336,\N
/content/drive/MyDrive/MMVQA_Clinical/curated/phase2/temporal_frames/dac1e27f7e4d4ef5/frame_00003362.jpg,curated/phase2/temporal_frames/dac1e27f7e4d4ef5/frame_00003362.jpg,True,f069ed1f745a64a08c08947bf4d52eff5468c24fd379546992390e37fe8549b5,336,336,\N
/content/drive/MyDrive/MMVQA_Clinical/curated/phase2/temporal_frames/dac1e27f7e4d4ef5/frame_00003372.jpg,curated/phase2/temporal_frames/dac1e27f7e4d4ef5/frame_00003372.jpg,True,38e33c678758e98c26fe221d6bc31f306a24dc31a7d233d441d46a970e361c3e,336,336,\N
/content/drive/MyDrive/MMVQA_Clinical/curated/phase2/temporal_frames/dac1e27f7e4d4ef5/frame_00003412.jpg,curated/phase2/temporal_frames/dac1e27f7e4d4ef5/frame_00003412.jpg,True,f6d6227f0ec44735d5b1795fb9170f9966bfdab386ef99dec252be034ce741c0,336,336,\N
/content/drive/MyDrive/MMVQA_Clinical/curated/phase2/temporal_frames/dac1e27f7e4d4ef5/frame_00003416.jpg,curated/phase2/temporal_frames/dac1e27f7e4d4ef5/frame_00003416.jpg,True,fe0fb49942aec9066e182ad4b5a721d03dddc85fcdece7ed35be2d5a3d41e625,336,336,\N
/content/drive/MyDrive/MMVQA_Clinical/curated/phase2/temporal_frames/dac1e27f7e4d4ef5/frame_00003422.jpg,curated/phase2/temporal_frames/dac1e27f7e4d4ef5/frame_00003422.jpg,True,0cc022df540926939582a1a4b7e42e65a9385ce38460cd6c0e8980ae38a07f48,336,336,\N
/content/drive/MyDrive/MMVQA_Clinical/curated/phase2/temporal_frames/dac1e27f7e4d4ef5/frame_00003432.jpg,curated/phase2/temporal_frames/dac1e27f7e4d4ef5/frame_00003432.jpg,True,d405db0ab46f3227f031fe48d07ab3fd5599f07ced7502f8db9af905a84f830b,336,336,\N
/content/drive/MyDrive/MMVQA_Clinical/curated/phase2/temporal_frames/dac1e27f7e4d4ef5/frame_00003442.jpg,curated/phase2/temporal_frames/dac1e27f7e4d4ef5/frame_00003442.jpg,True,d3f34de72f69e727926536e134e452354a758154c435c1f713a8f5ea1fda58ae,336,336,\N
/content/drive/MyDrive/MMVQA_Clinical/curated/phase2/temporal_frames/dac1e27f7e4d4ef5/frame_00003446.jpg,curated/phase2/temporal_frames/dac1e27f7e4d4ef5/frame_00003446.jpg,True,0a89d00de3649c91f2d1206cf93a7e00589b010d9d2c3603f28876b489ce434d,336,336,\N
/content/drive/MyDrive/MMVQA_Clinical/curated/phase2/temporal_frames/dac1e27f7e4d4ef5/frame_00003452.jpg,curated/phase2/temporal_frames/dac1e27f7e4d4ef5/frame_00003452.jpg,True,20980a46ec7bc1d4db6b161b0786ba8542064f44a9fd1fb411cf096f1c0ce3fb,336,336,\N
/content/drive/MyDrive/MMVQA_Clinical/curated/phase2/temporal_frames/dac1e27f7e4d4ef5/frame_00003462.jpg,curated/phase2/temporal_frames/dac1e27f7e4d4ef5/frame_00003462.jpg,True,d9994c9f461d785d6c3b17f0033a0d289dbbb25eae47f9cd78d0539fc0d5f402,336,336,\N
/content/drive/MyDrive/MMVQA_Clinical/curated/phase2/temporal_frames/dac1e27f7e4d4ef5/frame_00006750.jpg,curated/phase2/temporal_frames/dac1e27f7e4d4ef5/frame_00006750.jpg,True,ed7e27e941864698bc8cf9310c36d469cca7a12ab1e93e422e8ade083f471784,336,336,\N
/content/drive/MyDrive/MMVQA_Clinical/curated/phase2/temporal_frames/dac1e27f7e4d4ef5/frame_00006780.jpg,curated/phase2/temporal_frames/dac1e27f7e4d4ef5/frame_00006780.jpg,True,f88f1792584931cff2af72e783f45502948a1e500cfa77a70df94d66788b1896,336,336,\N
/content/drive/MyDrive/MMVQA_Clinical/curated/phase2/temporal_frames/dac1e27f7e4d4ef5/frame_00006840.jpg,curated/phase2/temporal_frames/dac1e27f7e4d4ef5/frame_00006840.jpg,True,edb545437948ebce2989af15a13846e0854491b9c911c7f9b5500e2a0bd0cbed,336,336,\N
/content/drive/MyDrive/MMVQA_Clinical/curated/phase2/temporal_frames/dac1e27f7e4d4ef5/frame_00006870.jpg,curated/phase2/temporal_frames/dac1e27f7e4d4ef5/frame_00006870.jpg,True,8eba9fc711cabe898b502f2c29148823dfd4e5601693823995a66393d6b854e3,336,336,\N
/content/drive/MyDrive/MMVQA_Clinical/curated/phase2/temporal_frames/dac1e27f7e4d4ef5/frame_00019033.jpg,curated/phase2/temporal_frames/dac1e27f7e4d4ef5/frame_00019033.jpg,True,def9105e1d72a0dc305dc39cd4eef7aebbcde1268719393fc4e6cae789190408,336,336,\N
/content/drive/MyDrive/MMVQA_Clinical/curated/phase2/temporal_frames/dac1e27f7e4d4ef5/frame_00019153.jpg,curated/phase2/temporal_frames/dac1e27f7e4d4ef5/frame_00019153.jpg,True,33e26bc969357f6101b994dceec59dd689acd53a216aeb2e8e35ba4f25bdcf29,336,336,\N
/content/drive/MyDrive/MMVQA_Clinical/curated/phase2/temporal_frames/dac1e27f7e4d4ef5/frame_00029120.jpg,curated/phase2/temporal_frames/dac1e27f7e4d4ef5/frame_00029120.jpg,True,f3f41f324a49574fb9c0cc96575fb6dc9a7a3435627d6848d173044ac096fa61,336,336,\N
/content/drive/MyDrive/MMVQA_Clinical/curated/phase2/temporal_frames/dac1e27f7e4d4ef5/frame_00029150.jpg,curated/phase2/temporal_frames/dac1e27f7e4d4ef5/frame_00029150.jpg,True,d9a3d23a221a164d37f6948043891af92dc1685737838c95c035e580a07d0d96,336,336,\N
/content/drive/MyDrive/MMVQA_Clinical/curated/phase2/temporal_frames/dac1e27f7e4d4ef5/frame_00029210.jpg,curated/phase2/temporal_frames/dac1e27f7e4d4ef5/frame_00029210.jpg,True,c64305af30c749a23c21a3581dc07f12c6f47408a9208940f7b9b3019cfb8d83,336,336,\N
/content/drive/MyDrive/MMVQA_Clinical/curated/phase2/temporal_frames/dac1e27f7e4d4ef5/frame_00029240.jpg,curated/phase2/temporal_frames/dac1e27f7e4d4ef5/frame_00029240.jpg,True,5991a5562ccb49ef490d0595ac4fd336dd09d20d0875c874e395e6fe03043b43,336,336,\N
/content/drive/MyDrive/MMVQA_Clinical/curated/phase2/temporal_frames/dca1377dec974312/frame_00001498.jpg,curated/phase2/temporal_frames/dca1377dec974312/frame_00001498.jpg,True,4388af8db9b42d5d5833ac5013ac83960d9f841ede97c7f8a78b4e29c5277d29,336,336,\N
/content/drive/MyDrive/MMVQA_Clinical/curated/phase2/temporal_frames/dca1377dec974312/frame_00001528.jpg,curated/phase2/temporal_frames/dca1377dec974312/frame_00001528.jpg,True,c894c1507940b809fcfcf44b5224502879d62c529e1a5adfc1a83ec714ee5e56,336,336,\N
/content/drive/MyDrive/MMVQA_Clinical/curated/phase2/temporal_frames/dca1377dec974312/frame_00001588.jpg,curated/phase2/temporal_frames/dca1377dec974312/frame_00001588.jpg,True,f25657dddfeb54277fe751d89d13d7eb0c73f026e0f7a1dc58148cf9c1e142de,336,336,\N
/content/drive/MyDrive/MMVQA_Clinical/curated/phase2/temporal_frames/dca1377dec974312/frame_00001618.jpg,curated/phase2/temporal_frames/dca1377dec974312/frame_00001618.jpg,True,00c2bf5d2e53ceb49ecd306fa7b93ff0406f9c8fadcfe7976ecee6e77be9c8b2,336,336,\N
/content/drive/MyDrive/MMVQA_Clinical/curated/phase2/temporal_frames/dca1377dec974312/frame_00016039.jpg,curated/phase2/temporal_frames/dca1377dec974312/frame_00016039.jpg,True,dfd06e4301cf5181d75f9045cd79dfb72e40d9af529650b51d933058a320c1dc,336,336,\N
/content/drive/MyDrive/MMVQA_Clinical/curated/phase2/temporal_frames/dca1377dec974312/frame_00016069.jpg,curated/phase2/temporal_frames/dca1377dec974312/frame_00016069.jpg,True,6cf993738fc8c0b735a5e8beadf639cba40b4875b971d5b40760939d27443e49,336,336,\N
/content/drive/MyDrive/MMVQA_Clinical/curated/phase2/temporal_frames/dca1377dec974312/frame_00016129.jpg,curated/phase2/temporal_frames/dca1377dec974312/frame_00016129.jpg,True,13eaedb2e51ca846c36011460f9fbba770a529efe941eb68df664f05e95cc2e2,336,336,\N
/content/drive/MyDrive/MMVQA_Clinical/curated/phase2/temporal_frames/dca1377dec974312/frame_00016159.jpg,curated/phase2/temporal_frames/dca1377dec974312/frame_00016159.jpg,True,6c3ab476eb075febe4b9ea870ed7f68a5bde1fad31e3348ff4da791442c11840,336,336,\N
/content/drive/MyDrive/MMVQA_Clinical/curated/phase2/temporal_frames/df6b47bafe5143f5/frame_00002040.jpg,curated/phase2/temporal_frames/df6b47bafe5143f5/frame_00002040.jpg,True,a8d2422b610252de31e2796f44c67c87ae240a9634278ab962a7fff81323227f,336,336,\N
/content/drive/MyDrive/MMVQA_Clinical/curated/phase2/temporal_frames/df6b47bafe5143f5/frame_00002070.jpg,curated/phase2/temporal_frames/df6b47bafe5143f5/frame_00002070.jpg,True,b467870db48b613f225d3a1322bd311f868a2298a3fcc10c0668b84eea0319b2,336,336,\N
/content/drive/MyDrive/MMVQA_Clinical/curated/phase2/temporal_frames/df6b47bafe5143f5/frame_00002130.jpg,curated/phase2/temporal_frames/df6b47bafe5143f5/frame_00002130.jpg,True,c9cc9ee0dd1b5ef42736d27b74512ea352d6c886161115de11d47b8c45f4b544,336,336,\N
/content/drive/MyDrive/MMVQA_Clinical/curated/phase2/temporal_frames/df6b47bafe5143f5/frame_00002160.jpg,curated/phase2/temporal_frames/df6b47bafe5143f5/frame_00002160.jpg,True,5cd07a9e6b2934fd5a2e7860d30697dd4492293d63d40097a098564bdeb46ac1,336,336,\N
/content/drive/MyDrive/MMVQA_Clinical/curated/phase2/temporal_frames/df6b47bafe5143f5/frame_00003896.jpg,curated/phase2/temporal_frames/df6b47bafe5143f5/frame_00003896.jpg,True,506327fa6f3d35305f623398eb3290e0f60bfcbc20eecf126dfeee8e578e674a,336,336,\N
/content/drive/MyDrive/MMVQA_Clinical/curated/phase2/temporal_frames/df6b47bafe5143f5/frame_00004016.jpg,curated/phase2/temporal_frames/df6b47bafe5143f5/frame_00004016.jpg,True,4940b897e7e2622d998dc78ee5fc79f8ba77b8d8c8e715ec14f9be5aa06667b7,336,336,\N
/content/drive/MyDrive/MMVQA_Clinical/curated/phase2/temporal_frames/df6b47bafe5143f5/frame_00019171.jpg,curated/phase2/temporal_frames/df6b47bafe5143f5/frame_00019171.jpg,True,9f65dcf2068141200f98d1d738eeba6d73fbb3c599e5b52f1c9b4e4fcfe08481,336,336,\N
/content/drive/MyDrive/MMVQA_Clinical/curated/phase2/temporal_frames/df6b47bafe5143f5/frame_00019201.jpg,curated/phase2/temporal_frames/df6b47bafe5143f5/frame_00019201.jpg,True,b8a2b6a0788b0954cccc051626210ac4ce992564484e292bfb81c1f8e5fc0853,336,336,\N
/content/drive/MyDrive/MMVQA_Clinical/curated/phase2/temporal_frames/eb0203196e284797/frame_00001066.jpg,curated/phase2/temporal_frames/eb0203196e284797/frame_00001066.jpg,True,1299ffd755692263b558c6b9d80310b22124d9b0498da60c488787288e92441a,336,336,\N
/content/drive/MyDrive/MMVQA_Clinical/curated/phase2/temporal_frames/eb0203196e284797/frame_00001071.jpg,curated/phase2/temporal_frames/eb0203196e284797/frame_00001071.jpg,True,2dd1fe5c7b38f337668f8b1c08d1d088da55736dd7aa93f5a698f7c2d0a6f477,336,336,\N
/content/drive/MyDrive/MMVQA_Clinical/curated/phase2/temporal_frames/eb0203196e284797/frame_00001072.jpg,curated/phase2/temporal_frames/eb0203196e284797/frame_00001072.jpg,True,8675024c866e53c222105cd152a63f9b1e20d686cf322d2f27ce12341e836efb,336,336,\N
/content/drive/MyDrive/MMVQA_Clinical/curated/phase2/temporal_frames/eb0203196e284797/frame_00001076.jpg,curated/phase2/temporal_frames/eb0203196e284797/frame_00001076.jpg,True,15d2d45b5b73fb60a93aa293663546237f33f9df0da8df65d51a678bdc5aea12,336,336,\N
/content/drive/MyDrive/MMVQA_Clinical/curated/phase2/temporal_frames/eb0203196e284797/frame_00001096.jpg,curated/phase2/temporal_frames/eb0203196e284797/frame_00001096.jpg,True,9b682e3d5743142e9f22e00f7fa84834c85b2eb366b749b10f5e3bb51805861c,336,336,\N
/content/drive/MyDrive/MMVQA_Clinical/curated/phase2/temporal_frames/eb0203196e284797/frame_00001098.jpg,curated/phase2/temporal_frames/eb0203196e284797/frame_00001098.jpg,True,4a05948634ef890328909dc3671d6de6fa30f7b650321a006613d0b799308fdd,336,336,\N
/content/drive/MyDrive/MMVQA_Clinical/curated/phase2/temporal_frames/eb0203196e284797/frame_00001101.jpg,curated/phase2/temporal_frames/eb0203196e284797/frame_00001101.jpg,True,6cd73db8491fb33433bb905f9d4c7643f2d911f3aeafe1f3359c7ed5447d228b,336,336,\N
/content/drive/MyDrive/MMVQA_Clinical/curated/phase2/temporal_frames/eb0203196e284797/frame_00001102.jpg,curated/phase2/temporal_frames/eb0203196e284797/frame_00001102.jpg,True,d1f030f175178220384865e62ac20d81ad068f789893567bba1a64c520dbd7cb,336,336,\N
/content/drive/MyDrive/MMVQA_Clinical/curated/phase2/temporal_frames/eb0203196e284797/frame_00001161.jpg,curated/phase2/temporal_frames/eb0203196e284797/frame_00001161.jpg,True,69b83bf4e47c50644f10d13794efca125095a41b8b1f9e0d1638f5ffd5332da9,336,336,\N
/content/drive/MyDrive/MMVQA_Clinical/curated/phase2/temporal_frames/eb0203196e284797/frame_00001162.jpg,curated/phase2/temporal_frames/eb0203196e284797/frame_00001162.jpg,True,d82d650d9616e8724b81f64dcbf7dc06787a2b5cd26859976bac7ede5f52d2bc,336,336,\N
/content/drive/MyDrive/MMVQA_Clinical/curated/phase2/temporal_frames/eb0203196e284797/frame_00001166.jpg,curated/phase2/temporal_frames/eb0203196e284797/frame_00001166.jpg,True,a35f559570a5a4e6fbe14ef0c8ba532555d1001b582522e7ff2c4309d9731dbc,336,336,\N
/content/drive/MyDrive/MMVQA_Clinical/curated/phase2/temporal_frames/eb0203196e284797/frame_00001186.jpg,curated/phase2/temporal_frames/eb0203196e284797/frame_00001186.jpg,True,2f48315c22878f7b5495302da8b4b80076bcda5f0863ffb96aceddde7b463167,336,336,\N
/content/drive/MyDrive/MMVQA_Clinical/curated/phase2/temporal_frames/eb0203196e284797/frame_00001188.jpg,curated/phase2/temporal_frames/eb0203196e284797/frame_00001188.jpg,True,ac4d3cfff3a8083bc92f392507f754c8f5dfa9ff9e19372f6567c41f51e00990,336,336,\N
/content/drive/MyDrive/MMVQA_Clinical/curated/phase2/temporal_frames/eb0203196e284797/frame_00001191.jpg,curated/phase2/temporal_frames/eb0203196e284797/frame_00001191.jpg,True,ae27d9b00ee38d5efc66207283bf3c5728bb06a24dc3187d3a0ba004e89380c5,336,336,\N
/content/drive/MyDrive/MMVQA_Clinical/curated/phase2/temporal_frames/eb0203196e284797/frame_00001192.jpg,curated/phase2/temporal_frames/eb0203196e284797/frame_00001192.jpg,True,4e33fd75c76a67045f148deefb122693ea7f3eeeaa065be2915925ff0e26e25a,336,336,\N
/content/drive/MyDrive/MMVQA_Clinical/curated/phase2/temporal_frames/eb0203196e284797/frame_00001196.jpg,curated/phase2/temporal_frames/eb0203196e284797/frame_00001196.jpg,True,32a0139d0a74900b2c38326b24a8612da3c7053b4698d40d40eca5b0cbb4c688,336,336,\N
/content/drive/MyDrive/MMVQA_Clinical/curated/phase2/temporal_frames/eb0203196e284797/frame_00001199.jpg,curated/phase2/temporal_frames/eb0203196e284797/frame_00001199.jpg,True,bc48410f8729afa6e3457d65dd7b06f349c08d3b6c15345d31115e9e48a92509,336,336,\N
/content/drive/MyDrive/MMVQA_Clinical/curated/phase2/temporal_frames/eb0203196e284797/frame_00001206.jpg,curated/phase2/temporal_frames/eb0203196e284797/frame_00001206.jpg,True,01f69b2b6c2c0da99bd00eda19a637c6904466c31ef5a3e2c8dc835f9dc57f38,336,336,\N
/content/drive/MyDrive/MMVQA_Clinical/curated/phase2/temporal_frames/eb0203196e284797/frame_00001218.jpg,curated/phase2/temporal_frames/eb0203196e284797/frame_00001218.jpg,True,c0c23cda9dfc27b288b75419a3d570c55f6824fd7b0ad035fddbad4f3e4f6744,336,336,\N
/content/drive/MyDrive/MMVQA_Clinical/curated/phase2/temporal_frames/eb0203196e284797/frame_00001229.jpg,curated/phase2/temporal_frames/eb0203196e284797/frame_00001229.jpg,True,ead94bb6e40172b227aa82d92c76aaff8d886e292dbbd704395c44598615ecb3,336,336,\N
/content/drive/MyDrive/MMVQA_Clinical/curated/phase2/temporal_frames/eb0203196e284797/frame_00001236.jpg,curated/phase2/temporal_frames/eb0203196e284797/frame_00001236.jpg,True,c10a1a7056df8acf0592605c05b3161b1473c865f8c8e5fc927943a9cfe32481,336,336,\N
/content/drive/MyDrive/MMVQA_Clinical/curated/phase2/temporal_frames/eb0203196e284797/frame_00001616.jpg,curated/phase2/temporal_frames/eb0203196e284797/frame_00001616.jpg,True,891242adbfd08fcf255bb67f321a7bb56732cbb9df7b6737bc07258270a9d00d,336,336,\N
/content/drive/MyDrive/MMVQA_Clinical/curated/phase2/temporal_frames/eb0203196e284797/frame_00001646.jpg,curated/phase2/temporal_frames/eb0203196e284797/frame_00001646.jpg,True,83375c28565c9b5d61c2834517e60976c15505e63aefdff7dd1696e826649fcd,336,336,\N
/content/drive/MyDrive/MMVQA_Clinical/curated/phase2/temporal_frames/eb0203196e284797/frame_00001706.jpg,curated/phase2/temporal_frames/eb0203196e284797/frame_00001706.jpg,True,3baa0f8bbe1b58d75f87d79f24e3b3e2a623c88630fdcbd71da69e39a42d9456,336,336,\N
/content/drive/MyDrive/MMVQA_Clinical/curated/phase2/temporal_frames/eb0203196e284797/frame_00001736.jpg,curated/phase2/temporal_frames/eb0203196e284797/frame_00001736.jpg,True,aa1e164ed8a2283cb7b887e2bbbce6868edf23754e9bfb1a86763ef2bf954298,336,336,\N
/content/drive/MyDrive/MMVQA_Clinical/curated/phase2/temporal_frames/eb0203196e284797/frame_00001973.jpg,curated/phase2/temporal_frames/eb0203196e284797/frame_00001973.jpg,True,ba07c45a5d0167c470e30c0846404a958c2b417a2f8ba0eddfa8d731c783e28a,336,336,\N
/content/drive/MyDrive/MMVQA_Clinical/curated/phase2/temporal_frames/eb0203196e284797/frame_00002003.jpg,curated/phase2/temporal_frames/eb0203196e284797/frame_00002003.jpg,True,a553663f7aaffb111372164777029ee91667ba7e16488d018f5a09c24eec5a3b,336,336,\N
/content/drive/MyDrive/MMVQA_Clinical/curated/phase2/temporal_frames/eb0203196e284797/frame_00002063.jpg,curated/phase2/temporal_frames/eb0203196e284797/frame_00002063.jpg,True,baf04d22e965746702b7c52ac97a2ec731e536f19bcc97110dba93d1b9c93496,336,336,\N
/content/drive/MyDrive/MMVQA_Clinical/curated/phase2/temporal_frames/eb0203196e284797/frame_00002093.jpg,curated/phase2/temporal_frames/eb0203196e284797/frame_00002093.jpg,True,e64e45e3638d0fd73a6083043a569dcb04fd38d44b278221fd802776c67c3cc4,336,336,\N
/content/drive/MyDrive/MMVQA_Clinical/curated/phase2/temporal_frames/eb0203196e284797/frame_00002280.jpg,curated/phase2/temporal_frames/eb0203196e284797/frame_00002280.jpg,True,33b933cb395e180c4e00e326415e4537c400d800a2916f819513dacbe82e2f12,336,336,\N
/content/drive/MyDrive/MMVQA_Clinical/curated/phase2/temporal_frames/eb0203196e284797/frame_00002310.jpg,curated/phase2/temporal_frames/eb0203196e284797/frame_00002310.jpg,True,186eab1c51679af5ecacf185ab0a39c0a405d76cc2e57f020ec24701559fc263,336,336,\N
/content/drive/MyDrive/MMVQA_Clinical/curated/phase2/temporal_frames/eb0203196e284797/frame_00002320.jpg,curated/phase2/temporal_frames/eb0203196e284797/frame_00002320.jpg,True,420fb9733a8f9a158ca99af299255007fb3f06489ff239f7c736c6ce9b240b2f,336,336,\N
/content/drive/MyDrive/MMVQA_Clinical/curated/phase2/temporal_frames/eb0203196e284797/frame_00002350.jpg,curated/phase2/temporal_frames/eb0203196e284797/frame_00002350.jpg,True,3fdd25bfce958cb84cce322541f70dad2a1fd7aa68e48c3fc6920e120ea5b735,336,336,\N
/content/drive/MyDrive/MMVQA_Clinical/curated/phase2/temporal_frames/eb0203196e284797/frame_00002370.jpg,curated/phase2/temporal_frames/eb0203196e284797/frame_00002370.jpg,True,ba613c04b5d2c0d1470ef885dfd4d722d1f258d547027962b22eae2e99f21acb,336,336,\N
/content/drive/MyDrive/MMVQA_Clinical/curated/phase2/temporal_frames/eb0203196e284797/frame_00002400.jpg,curated/phase2/temporal_frames/eb0203196e284797/frame_00002400.jpg,True,599b1d1b7a68a301cc4a602784e2021a6238946d45f99d71a505e9fcf5043303,336,336,\N
/content/drive/MyDrive/MMVQA_Clinical/curated/phase2/temporal_frames/eb0203196e284797/frame_00002410.jpg,curated/phase2/temporal_frames/eb0203196e284797/frame_00002410.jpg,True,741a4b4d607c6cdd83df3410ca056bb79730c7df610fd4f2ee693721ccd454d8,336,336,\N
/content/drive/MyDrive/MMVQA_Clinical/curated/phase2/temporal_frames/eb0203196e284797/frame_00002440.jpg,curated/phase2/temporal_frames/eb0203196e284797/frame_00002440.jpg,True,8d5986a44e567ddf532591708ff8805e9f3490fc1e648f79bda5023ccdce2fc9,336,336,\N
/content/drive/MyDrive/MMVQA_Clinical/curated/phase2/temporal_frames/eb0203196e284797/frame_00006124.jpg,curated/phase2/temporal_frames/eb0203196e284797/frame_00006124.jpg,True,c936be45d3211fab458b48f5dcb20d3ef1341b1b8e95456bf7759a0bacec3f4a,336,336,\N
/content/drive/MyDrive/MMVQA_Clinical/curated/phase2/temporal_frames/eb0203196e284797/frame_00006144.jpg,curated/phase2/temporal_frames/eb0203196e284797/frame_00006144.jpg,True,9a8ae2d96e4046b7b5952ec5e9eaa18b2fad94586e6b98a6cd07b66b51fd6ff5,336,336,\N
/content/drive/MyDrive/MMVQA_Clinical/curated/phase2/temporal_frames/eb0203196e284797/frame_00006154.jpg,curated/phase2/temporal_frames/eb0203196e284797/frame_00006154.jpg,True,4ff4bbaecc5e1cf189216310617c603f9cb7d826d5433e0ad60721c6cc68bd3b,336,336,\N
/content/drive/MyDrive/MMVQA_Clinical/curated/phase2/temporal_frames/eb0203196e284797/frame_00006197.jpg,curated/phase2/temporal_frames/eb0203196e284797/frame_00006197.jpg,True,fbaba34b74aa0d72c0d7339e10de982ab8c54b4e4d62599021060bc391e3b2e8,336,336,\N
/content/drive/MyDrive/MMVQA_Clinical/curated/phase2/temporal_frames/eb0203196e284797/frame_00006214.jpg,curated/phase2/temporal_frames/eb0203196e284797/frame_00006214.jpg,True,961e8e2f0dba39204b4f3ea0aeb1b9826d86aa8385d7d672e7f0cfd9b08ae408,336,336,\N
/content/drive/MyDrive/MMVQA_Clinical/curated/phase2/temporal_frames/eb0203196e284797/frame_00006227.jpg,curated/phase2/temporal_frames/eb0203196e284797/frame_00006227.jpg,True,0f568e5e6206ce4864a8f68ea1dd47f301768c63eb910ce7e16c130429cfcfb1,336,336,\N
/content/drive/MyDrive/MMVQA_Clinical/curated/phase2/temporal_frames/eb0203196e284797/frame_00006234.jpg,curated/phase2/temporal_frames/eb0203196e284797/frame_00006234.jpg,True,0ae41fce995cad830ab8be7b1fef030a19847a15fe1bb971c41fddec24a3ce7d,336,336,\N
/content/drive/MyDrive/MMVQA_Clinical/curated/phase2/temporal_frames/eb0203196e284797/frame_00006264.jpg,curated/phase2/temporal_frames/eb0203196e284797/frame_00006264.jpg,True,380eb653971b34a40c060c0aecd7ed7617d34dd479d8051aa94681e6564b42b2,336,336,\N
/content/drive/MyDrive/MMVQA_Clinical/curated/phase2/temporal_frames/eb0203196e284797/frame_00006287.jpg,curated/phase2/temporal_frames/eb0203196e284797/frame_00006287.jpg,True,b58c949a4246e1aea1a559c37a413676b120e39a4b75b29d9cbbe74681e13c12,336,336,\N
/content/drive/MyDrive/MMVQA_Clinical/curated/phase2/temporal_frames/eb0203196e284797/frame_00006317.jpg,curated/phase2/temporal_frames/eb0203196e284797/frame_00006317.jpg,True,19ee32a1e8d70b33e1ab596eeef9e5f51d6f89c4237bbda8442ebb073f5e7f36,336,336,\N
/content/drive/MyDrive/MMVQA_Clinical/curated/phase2/temporal_frames/eb0203196e284797/frame_00009960.jpg,curated/phase2/temporal_frames/eb0203196e284797/frame_00009960.jpg,True,c134dc39c3c7480c69c3cd1f9b4ee5b4327571a2c688862a1734bde0cff7fd45,336,336,\N
/content/drive/MyDrive/MMVQA_Clinical/curated/phase2/temporal_frames/eb0203196e284797/frame_00009990.jpg,curated/phase2/temporal_frames/eb0203196e284797/frame_00009990.jpg,True,c7c034d6314e90182f38ba024daedf3d93d92a486d61e69f6f1e6465923cdfff,336,336,\N
/content/drive/MyDrive/MMVQA_Clinical/curated/phase2/temporal_frames/eb0203196e284797/frame_00010050.jpg,curated/phase2/temporal_frames/eb0203196e284797/frame_00010050.jpg,True,11254ba70a2c2aa8889a9a35268b0202f02294a519ba00855c83df3d9464acac,336,336,\N
/content/drive/MyDrive/MMVQA_Clinical/curated/phase2/temporal_frames/eb0203196e284797/frame_00010080.jpg,curated/phase2/temporal_frames/eb0203196e284797/frame_00010080.jpg,True,e436c5cdc5ce8637177143f2795fec35ccf783e56ccc65ec342f7befd13602be,336,336,\N
/content/drive/MyDrive/MMVQA_Clinical/curated/phase2/temporal_frames/eb0203196e284797/frame_00022813.jpg,curated/phase2/temporal_frames/eb0203196e284797/frame_00022813.jpg,True,f78a5c90dfd818bbddacc850b43769b2ea56281d17d1939f6b7c59c90c1bfcfc,336,336,\N
/content/drive/MyDrive/MMVQA_Clinical/curated/phase2/temporal_frames/eb0203196e284797/frame_00022843.jpg,curated/phase2/temporal_frames/eb0203196e284797/frame_00022843.jpg,True,21166fa02f7b37b9dd39de27a7c4f3c5c4fc47db5c41883f7eb09a3b9cac5414,336,336,\N
/content/drive/MyDrive/MMVQA_Clinical/curated/phase2/temporal_frames/eb0203196e284797/frame_00022903.jpg,curated/phase2/temporal_frames/eb0203196e284797/frame_00022903.jpg,True,237b31e0aabc1d222dc59014abad16ad3204b3795d1f37b601f4bfb79829c1b8,336,336,\N
/content/drive/MyDrive/MMVQA_Clinical/curated/phase2/temporal_frames/eb0203196e284797/frame_00022933.jpg,curated/phase2/temporal_frames/eb0203196e284797/frame_00022933.jpg,True,b6b65d8a0cffcf931608482f2c42aa9c7efbbc48792288edfe1cafbf848f85bb,336,336,\N
/content/drive/MyDrive/MMVQA_Clinical/curated/phase2/temporal_frames/ed02f27ef36f483e/frame_00004405.jpg,curated/phase2/temporal_frames/ed02f27ef36f483e/frame_00004405.jpg,True,9d278e48cdbcfc83363b36ada263486485459d9209aa6c8917c0e42f425df18d,336,336,\N
/content/drive/MyDrive/MMVQA_Clinical/curated/phase2/temporal_frames/ed02f27ef36f483e/frame_00004435.jpg,curated/phase2/temporal_frames/ed02f27ef36f483e/frame_00004435.jpg,True,c4200b55b61517c9c1f636d518ac74417db16d0b8e9229590a20410e47f71d28,336,336,\N
/content/drive/MyDrive/MMVQA_Clinical/curated/phase2/temporal_frames/ed02f27ef36f483e/frame_00004495.jpg,curated/phase2/temporal_frames/ed02f27ef36f483e/frame_00004495.jpg,True,d51ab6c5753d4a9ea112969a21b35e0e2a992a078c90d82bb5018bdda9acbf2b,336,336,\N
/content/drive/MyDrive/MMVQA_Clinical/curated/phase2/temporal_frames/ed02f27ef36f483e/frame_00004525.jpg,curated/phase2/temporal_frames/ed02f27ef36f483e/frame_00004525.jpg,True,c23219ddc7f31203f6c1392adda4ac86a23bd356d170e3813c2bb70e4bd4d945,336,336,\N
/content/drive/MyDrive/MMVQA_Clinical/curated/phase2/temporal_frames/ed02f27ef36f483e/frame_00058530.jpg,curated/phase2/temporal_frames/ed02f27ef36f483e/frame_00058530.jpg,True,ab3b79ae0c581b0049c3229c58c3c60a80cbc427f643a343cce401980a3aea57,336,336,\N
/content/drive/MyDrive/MMVQA_Clinical/curated/phase2/temporal_frames/ed02f27ef36f483e/frame_00058560.jpg,curated/phase2/temporal_frames/ed02f27ef36f483e/frame_00058560.jpg,True,03d995d52dde5531e2d0bf96a5dbe2181c4edfcf39844d8d9396f75bbbd186aa,336,336,\N
/content/drive/MyDrive/MMVQA_Clinical/curated/phase2/temporal_frames/ed02f27ef36f483e/frame_00058620.jpg,curated/phase2/temporal_frames/ed02f27ef36f483e/frame_00058620.jpg,True,11503d39c6f55c16a4d4fde02f5d48f50caccbd5c70f2ec6f9f6d89a8b3fe638,336,336,\N
/content/drive/MyDrive/MMVQA_Clinical/curated/phase2/temporal_frames/ed02f27ef36f483e/frame_00058650.jpg,curated/phase2/temporal_frames/ed02f27ef36f483e/frame_00058650.jpg,True,4ac252317a8cf6c59dc3dd896e7e1948196e5eb0f9d445d6afed210a81d21592,336,336,\N
/content/drive/MyDrive/MMVQA_Clinical/curated/phase2/temporal_frames/fb86bc87d3874cd7/frame_00000297.jpg,curated/phase2/temporal_frames/fb86bc87d3874cd7/frame_00000297.jpg,True,896565f7cdb05dfc482a58c83bcc5d3bc7c853511ecee71bcc3d2e14be2de552,336,336,\N
/content/drive/MyDrive/MMVQA_Clinical/curated/phase2/temporal_frames/fb86bc87d3874cd7/frame_00000302.jpg,curated/phase2/temporal_frames/fb86bc87d3874cd7/frame_00000302.jpg,True,500b459dcfcfc19facff7fee482043351c512924eeed116c6fa9eb73a6491444,336,336,\N
/content/drive/MyDrive/MMVQA_Clinical/curated/phase2/temporal_frames/fb86bc87d3874cd7/frame_00000327.jpg,curated/phase2/temporal_frames/fb86bc87d3874cd7/frame_00000327.jpg,True,6161f7a31aad40bc72504189543fc9a5c5d5f99bc98281c82a01c4bad55e3248,336,336,\N
/content/drive/MyDrive/MMVQA_Clinical/curated/phase2/temporal_frames/fb86bc87d3874cd7/frame_00000332.jpg,curated/phase2/temporal_frames/fb86bc87d3874cd7/frame_00000332.jpg,True,33f6de61c863e1d2500ec5ae20ae6e05d7369e1c06dd511dcbba1678d258e948,336,336,\N
/content/drive/MyDrive/MMVQA_Clinical/curated/phase2/temporal_frames/fb86bc87d3874cd7/frame_00000387.jpg,curated/phase2/temporal_frames/fb86bc87d3874cd7/frame_00000387.jpg,True,312cc28018a99d8a3e9661e963a0a787db5ee3d886d424d55013ae9598887170,336,336,\N
/content/drive/MyDrive/MMVQA_Clinical/curated/phase2/temporal_frames/fb86bc87d3874cd7/frame_00000392.jpg,curated/phase2/temporal_frames/fb86bc87d3874cd7/frame_00000392.jpg,True,fbb8c1d1356bbd3daf546cf0f9bd1b3b147f62b8bf81b036ead269fd769ad1a1,336,336,\N
/content/drive/MyDrive/MMVQA_Clinical/curated/phase2/temporal_frames/fb86bc87d3874cd7/frame_00000394.jpg,curated/phase2/temporal_frames/fb86bc87d3874cd7/frame_00000394.jpg,True,2b031c7f5ef0a094eaa479406a3c6593ed49ddba0c6d03268d173856fdd333dc,336,336,\N
/content/drive/MyDrive/MMVQA_Clinical/curated/phase2/temporal_frames/fb86bc87d3874cd7/frame_00000417.jpg,curated/phase2/temporal_frames/fb86bc87d3874cd7/frame_00000417.jpg,True,e9730b36e67ba083dc4446d32ed7d1ce63a4cba2cc9cfe408cae31463ba1ebac,336,336,\N
/content/drive/MyDrive/MMVQA_Clinical/curated/phase2/temporal_frames/fb86bc87d3874cd7/frame_00000422.jpg,curated/phase2/temporal_frames/fb86bc87d3874cd7/frame_00000422.jpg,True,3d461c58d30221ac09638810abd7b76a862142124bb7bcd5b0aef317e980e324,336,336,\N
/content/drive/MyDrive/MMVQA_Clinical/curated/phase2/temporal_frames/fb86bc87d3874cd7/frame_00000424.jpg,curated/phase2/temporal_frames/fb86bc87d3874cd7/frame_00000424.jpg,True,acf9947cd9c7da0f0d70bc2ba6cecb3d7d27a8fe71962f71d8b1b40833525b27,336,336,\N
/content/drive/MyDrive/MMVQA_Clinical/curated/phase2/temporal_frames/fb86bc87d3874cd7/frame_00000484.jpg,curated/phase2/temporal_frames/fb86bc87d3874cd7/frame_00000484.jpg,True,c13942bfbf43b21394e8dbdbc915c1e7f224f15229945403db6d3855e61e14d6,336,336,\N
/content/drive/MyDrive/MMVQA_Clinical/curated/phase2/temporal_frames/fb86bc87d3874cd7/frame_00000514.jpg,curated/phase2/temporal_frames/fb86bc87d3874cd7/frame_00000514.jpg,True,160a841d7a9ea32155aa9a0feffabf75bf35fdf2a136f8f38d253d447aa460d6,336,336,\N
/content/drive/MyDrive/MMVQA_Clinical/curated/phase2/temporal_frames/fb86bc87d3874cd7/frame_00000616.jpg,curated/phase2/temporal_frames/fb86bc87d3874cd7/frame_00000616.jpg,True,ae09e9ac48d051139157f1b9da8d763d92af7c5fec9e8f5273a2d4039880bcf9,336,336,\N
/content/drive/MyDrive/MMVQA_Clinical/curated/phase2/temporal_frames/fb86bc87d3874cd7/frame_00000623.jpg,curated/phase2/temporal_frames/fb86bc87d3874cd7/frame_00000623.jpg,True,50625a4ebc705b44571feab0e801e51ca84779bd5fa90246ab38211a73d31f19,336,336,\N
/content/drive/MyDrive/MMVQA_Clinical/curated/phase2/temporal_frames/fb86bc87d3874cd7/frame_00000627.jpg,curated/phase2/temporal_frames/fb86bc87d3874cd7/frame_00000627.jpg,True,de0edb25e4d9b5fe16a4a03c6c53629979b0b900881deac7b56ba190284b1d55,336,336,\N
/content/drive/MyDrive/MMVQA_Clinical/curated/phase2/temporal_frames/fb86bc87d3874cd7/frame_00000646.jpg,curated/phase2/temporal_frames/fb86bc87d3874cd7/frame_00000646.jpg,True,b4e1c196d782099ee2e96d4a342de2237c9a4edb844e1ae834bb609ee9bf1931,336,336,\N
/content/drive/MyDrive/MMVQA_Clinical/curated/phase2/temporal_frames/fb86bc87d3874cd7/frame_00000653.jpg,curated/phase2/temporal_frames/fb86bc87d3874cd7/frame_00000653.jpg,True,8e8cf44e4dd2976f0384dc731a21098d8640724796c28cf9ed02b74445607028,336,336,\N
/content/drive/MyDrive/MMVQA_Clinical/curated/phase2/temporal_frames/fb86bc87d3874cd7/frame_00000657.jpg,curated/phase2/temporal_frames/fb86bc87d3874cd7/frame_00000657.jpg,True,0b99ef6131b140b7af03cbc4323b794f8609a9e2e60da91d9bd5d0141d779b69,336,336,\N
/content/drive/MyDrive/MMVQA_Clinical/curated/phase2/temporal_frames/fb86bc87d3874cd7/frame_00000668.jpg,curated/phase2/temporal_frames/fb86bc87d3874cd7/frame_00000668.jpg,True,1bef492bf4235b82e8e3a02c39dd000a0e781918015b4cee31a717ab44e04e3c,336,336,\N
/content/drive/MyDrive/MMVQA_Clinical/curated/phase2/temporal_frames/fb86bc87d3874cd7/frame_00000698.jpg,curated/phase2/temporal_frames/fb86bc87d3874cd7/frame_00000698.jpg,True,30c49f0b7c8be87378e92cd67f69cee3c97e387b4308b66750b837ef873d74d2,336,336,\N
/content/drive/MyDrive/MMVQA_Clinical/curated/phase2/temporal_frames/fb86bc87d3874cd7/frame_00000706.jpg,curated/phase2/temporal_frames/fb86bc87d3874cd7/frame_00000706.jpg,True,3d9a3b57b90e192400fdbf72e432fd9bafdb14ced03911ca9674d88f451c6adf,336,336,\N
/content/drive/MyDrive/MMVQA_Clinical/curated/phase2/temporal_frames/fb86bc87d3874cd7/frame_00000713.jpg,curated/phase2/temporal_frames/fb86bc87d3874cd7/frame_00000713.jpg,True,aff8c8635bc3b9b77e5458a4f25b32649595ff976c72ecda697733997956e83c,336,336,\N
/content/drive/MyDrive/MMVQA_Clinical/curated/phase2/temporal_frames/fb86bc87d3874cd7/frame_00000717.jpg,curated/phase2/temporal_frames/fb86bc87d3874cd7/frame_00000717.jpg,True,ed610d08f1d1a90fbb0ee15b9b0a6f7940033c85a77ecf6469972338a47c65eb,336,336,\N
/content/drive/MyDrive/MMVQA_Clinical/curated/phase2/temporal_frames/fb86bc87d3874cd7/frame_00000736.jpg,curated/phase2/temporal_frames/fb86bc87d3874cd7/frame_00000736.jpg,True,44ddd758cb096166f3e64b372d1acd5ef25a7112113d4b417ca8b19d0060adf0,336,336,\N
/content/drive/MyDrive/MMVQA_Clinical/curated/phase2/temporal_frames/fb86bc87d3874cd7/frame_00000743.jpg,curated/phase2/temporal_frames/fb86bc87d3874cd7/frame_00000743.jpg,True,6c941ab3637a0b1b02abb4c049d730a8b306ea1f07edfbb8e2df0dfc15f26116,336,336,\N
/content/drive/MyDrive/MMVQA_Clinical/curated/phase2/temporal_frames/fb86bc87d3874cd7/frame_00000747.jpg,curated/phase2/temporal_frames/fb86bc87d3874cd7/frame_00000747.jpg,True,6871e9ea0b511b00cda6e50cea1117e66723930ebb6c2f57ef86686eda0b6adf,336,336,\N
/content/drive/MyDrive/MMVQA_Clinical/curated/phase2/temporal_frames/fb86bc87d3874cd7/frame_00000758.jpg,curated/phase2/temporal_frames/fb86bc87d3874cd7/frame_00000758.jpg,True,1af770060ec18603ce1463775dbe15a83f276850cb53b07ed84a3c3b8c1e163e,336,336,\N
/content/drive/MyDrive/MMVQA_Clinical/curated/phase2/temporal_frames/fb86bc87d3874cd7/frame_00000788.jpg,curated/phase2/temporal_frames/fb86bc87d3874cd7/frame_00000788.jpg,True,7e1f97b8a52971cf70a070f87bb2a85ad702cad0b4ea7cbc2689c0a96c390966,336,336,\N
/content/drive/MyDrive/MMVQA_Clinical/curated/phase2/temporal_frames/fb86bc87d3874cd7/frame_00003602.jpg,curated/phase2/temporal_frames/fb86bc87d3874cd7/frame_00003602.jpg,True,bff18d37c501b8c43afe3ed03b6af951921bdf4ee090c6f0e6b73a6819aebd44,336,336,\N
/content/drive/MyDrive/MMVQA_Clinical/curated/phase2/temporal_frames/fb86bc87d3874cd7/frame_00003632.jpg,curated/phase2/temporal_frames/fb86bc87d3874cd7/frame_00003632.jpg,True,180068c58d87aec9f2f2aafe6d4994f8bbcbf32b9cfa0afbc92eb2d5c54f61b5,336,336,\N
/content/drive/MyDrive/MMVQA_Clinical/curated/phase2/temporal_frames/fb86bc87d3874cd7/frame_00003692.jpg,curated/phase2/temporal_frames/fb86bc87d3874cd7/frame_00003692.jpg,True,dbbd27c5ecf21b5b14c30330b46448bb95ae9e1f9640ca39b6a9e084d74ea645,336,336,\N
/content/drive/MyDrive/MMVQA_Clinical/curated/phase2/temporal_frames/fb86bc87d3874cd7/frame_00003722.jpg,curated/phase2/temporal_frames/fb86bc87d3874cd7/frame_00003722.jpg,True,f69a8df9013503e5f97e483fb8690876b782df509d1e44bfd0c7cb0f16e30e6f,336,336,\N
/content/drive/MyDrive/MMVQA_Clinical/curated/phase2/temporal_frames/fb86bc87d3874cd7/frame_00005255.jpg,curated/phase2/temporal_frames/fb86bc87d3874cd7/frame_00005255.jpg,True,e136eb95df035f6e64a5cdbe87be16b8b274fe39ab158a62000a5a0cd3862f1b,336,336,\N
/content/drive/MyDrive/MMVQA_Clinical/curated/phase2/temporal_frames/fb86bc87d3874cd7/frame_00005375.jpg,curated/phase2/temporal_frames/fb86bc87d3874cd7/frame_00005375.jpg,True,6a19a2223ed0b43fabc168901941c5870457e62f38dd3f7e358f82bd448a7765,336,336,\N
/content/drive/MyDrive/MMVQA_Clinical/curated/phase2/temporal_frames/fb86bc87d3874cd7/frame_00006186.jpg,curated/phase2/temporal_frames/fb86bc87d3874cd7/frame_00006186.jpg,True,fd8d9500a3e774b4df9cc37b8225c85b6b9646f70b5accf826d342b8ba58af4b,336,336,\N
/content/drive/MyDrive/MMVQA_Clinical/curated/phase2/temporal_frames/fb86bc87d3874cd7/frame_00006276.jpg,curated/phase2/temporal_frames/fb86bc87d3874cd7/frame_00006276.jpg,True,b1543483ef25847332d3219161b0795f462614a4dda1fcb1cf614974dedae9a7,336,336,\N
/content/drive/MyDrive/MMVQA_Clinical/curated/phase2/temporal_frames/fb86bc87d3874cd7/frame_00006306.jpg,curated/phase2/temporal_frames/fb86bc87d3874cd7/frame_00006306.jpg,True,d4db304ab2d4bd8e065dc6842a80b891472126709e5a336234fbe12c9261c0ba,336,336,\N
/content/drive/MyDrive/MMVQA_Clinical/curated/phase2/temporal_frames/fb86bc87d3874cd7/frame_00012367.jpg,curated/phase2/temporal_frames/fb86bc87d3874cd7/frame_00012367.jpg,True,6997e8ef4fa7d4d84b3ef2c0b12a4216b14981c42c89b1db03d876999f24a422,336,336,\N
/content/drive/MyDrive/MMVQA_Clinical/curated/phase2/temporal_frames/fb86bc87d3874cd7/frame_00012487.jpg,curated/phase2/temporal_frames/fb86bc87d3874cd7/frame_00012487.jpg,True,b470d7f9e2559854a778fad4a981cde8df2d820da1eac9dddc193797712646af,336,336,\N
/content/drive/MyDrive/MMVQA_Clinical/curated/phase2/temporal_frames/fe5d372e43f94f68/frame_00000923.jpg,curated/phase2/temporal_frames/fe5d372e43f94f68/frame_00000923.jpg,True,c1c933d6868dcd3b5b2f4957d063af7cee849d73115aafa5ec3015f5b3f77f3c,336,336,\N
/content/drive/MyDrive/MMVQA_Clinical/curated/phase2/temporal_frames/fe5d372e43f94f68/frame_00000953.jpg,curated/phase2/temporal_frames/fe5d372e43f94f68/frame_00000953.jpg,True,dbff14a9109dbe81a6606e1697b85a0ae0ee84a1acb36611b4df33839cf15730,336,336,\N
/content/drive/MyDrive/MMVQA_Clinical/curated/phase2/temporal_frames/fe5d372e43f94f68/frame_00001013.jpg,curated/phase2/temporal_frames/fe5d372e43f94f68/frame_00001013.jpg,True,89740d40003ab0c6026129391cd26c3ddbe9cb09d764a05cb2a829dd00de81e8,336,336,\N
/content/drive/MyDrive/MMVQA_Clinical/curated/phase2/temporal_frames/fe5d372e43f94f68/frame_00001043.jpg,curated/phase2/temporal_frames/fe5d372e43f94f68/frame_00001043.jpg,True,3c327e2618adfb122b3f58b8f1f61d9de2a85a35a3ff280b6d49b5409a1c192b,336,336,\N
/content/drive/MyDrive/MMVQA_Clinical/curated/phase2/temporal_frames/fe5d372e43f94f68/frame_00025889.jpg,curated/phase2/temporal_frames/fe5d372e43f94f68/frame_00025889.jpg,True,cfa270d816d1325fee1d7155df22236e7af4e5aad7247f446e10b6be39e1b0a5,336,336,\N
/content/drive/MyDrive/MMVQA_Clinical/curated/phase2/temporal_frames/fe5d372e43f94f68/frame_00025919.jpg,curated/phase2/temporal_frames/fe5d372e43f94f68/frame_00025919.jpg,True,19e547fa3641a02688c4eac4e7e8d8c792dfb71b13a4ac62d64a9d62d45616d1,336,336,\N
/content/drive/MyDrive/MMVQA_Clinical/curated/phase2/temporal_frames/fe5d372e43f94f68/frame_00025979.jpg,curated/phase2/temporal_frames/fe5d372e43f94f68/frame_00025979.jpg,True,913dca3b6e1cca99eafe06589f2845fcfb7cce9c4f32034323b3defca8fbba2b,336,336,\N
/content/drive/MyDrive/MMVQA_Clinical/curated/phase2/temporal_frames/fe5d372e43f94f68/frame_00026009.jpg,curated/phase2/temporal_frames/fe5d372e43f94f68/frame_00026009.jpg,True,4aae9adff8ca475f229cbea3353040efebdab959fda91f7361a912c04fd591cb,336,336,\N
/content/drive/MyDrive/MMVQA_Clinical/data/raw/kvasir_capsule/osfstorage/labelled_images/Ampulla of vater/eb0203196e284797_1158.jpg,data/raw/kvasir_capsule/osfstorage/labelled_images/Ampulla of vater/eb0203196e284797_1158.jpg,True,95beb7c14d3ba5d5fe60b3cd6750142bde1fbd56e592ea71e1ba9f8c89773d0e,336,336,\N
/content/drive/MyDrive/MMVQA_Clinical/data/raw/kvasir_capsule/osfstorage/labelled_images/Ampulla of vater/eb0203196e284797_1169.jpg,data/raw/kvasir_capsule/osfstorage/labelled_images/Ampulla of vater/eb0203196e284797_1169.jpg,True,3d0825e7b79cd165d13853fae3af19504e53bbbce3b606f9b13e5fd9d56b2f95,336,336,\N
/content/drive/MyDrive/MMVQA_Clinical/data/raw/kvasir_capsule/osfstorage/labelled_images/Ampulla of vater/eb0203196e284797_1176.jpg,data/raw/kvasir_capsule/osfstorage/labelled_images/Ampulla of vater/eb0203196e284797_1176.jpg,True,ed7c36a4c53ccc3727728880038f3ec9eb373e662c4dd119f17affbb0be07b46,336,336,\N
/content/drive/MyDrive/MMVQA_Clinical/data/raw/kvasir_capsule/osfstorage/labelled_images/Angiectasia/04a78ef00c5245e0_11603.jpg,data/raw/kvasir_capsule/osfstorage/labelled_images/Angiectasia/04a78ef00c5245e0_11603.jpg,True,acf0bedc64cea8cdf754bbd2f624f83cc4249e0b20bbf007e4d445a569a2303a,336,336,\N
/content/drive/MyDrive/MMVQA_Clinical/data/raw/kvasir_capsule/osfstorage/labelled_images/Angiectasia/04a78ef00c5245e0_11607.jpg,data/raw/kvasir_capsule/osfstorage/labelled_images/Angiectasia/04a78ef00c5245e0_11607.jpg,True,764cab3109b727236ea4bbcdae3b77b6453d3033fe49dd202ea0b996b40fac2c,336,336,\N
/content/drive/MyDrive/MMVQA_Clinical/data/raw/kvasir_capsule/osfstorage/labelled_images/Angiectasia/04a78ef00c5245e0_11633.jpg,data/raw/kvasir_capsule/osfstorage/labelled_images/Angiectasia/04a78ef00c5245e0_11633.jpg,True,4166e63b978163b1f65573f52750948fbdf098bd42fbbedb12bde77ee9d991a8,336,336,\N
/content/drive/MyDrive/MMVQA_Clinical/data/raw/kvasir_capsule/osfstorage/labelled_images/Angiectasia/04a78ef00c5245e0_11637.jpg,data/raw/kvasir_capsule/osfstorage/labelled_images/Angiectasia/04a78ef00c5245e0_11637.jpg,True,e1a6544bb77b4e03c199b19c049c8ef49c94319cefa52c10cdd60f8fd08d36f7,336,336,\N
/content/drive/MyDrive/MMVQA_Clinical/data/raw/kvasir_capsule/osfstorage/labelled_images/Angiectasia/04a78ef00c5245e0_2721.jpg,data/raw/kvasir_capsule/osfstorage/labelled_images/Angiectasia/04a78ef00c5245e0_2721.jpg,True,5435d03fbb62ab8767d011d19f7fcd8b41c1662f8443accd615ed6c46bcc8c18,336,336,\N
/content/drive/MyDrive/MMVQA_Clinical/data/raw/kvasir_capsule/osfstorage/labelled_images/Angiectasia/04a78ef00c5245e0_4382.jpg,data/raw/kvasir_capsule/osfstorage/labelled_images/Angiectasia/04a78ef00c5245e0_4382.jpg,True,f1b8afa625394b3d8a8e0b3a4eec4f2379d2f41494fb7ea3ea43c62207f8ba0f,336,336,\N
/content/drive/MyDrive/MMVQA_Clinical/data/raw/kvasir_capsule/osfstorage/labelled_images/Angiectasia/04a78ef00c5245e0_4769.jpg,data/raw/kvasir_capsule/osfstorage/labelled_images/Angiectasia/04a78ef00c5245e0_4769.jpg,True,f18fd4665ebc6474ebc64d2b02a8c89a991ee093c31b8cf1ce87b0a98498d4ae,336,336,\N
/content/drive/MyDrive/MMVQA_Clinical/data/raw/kvasir_capsule/osfstorage/labelled_images/Angiectasia/04a78ef00c5245e0_5628.jpg,data/raw/kvasir_capsule/osfstorage/labelled_images/Angiectasia/04a78ef00c5245e0_5628.jpg,True,530990e506052ac621c3ff2879e1d1d8909f48dde5435b7780ccc9d8b57195b4,336,336,\N
/content/drive/MyDrive/MMVQA_Clinical/data/raw/kvasir_capsule/osfstorage/labelled_images/Angiectasia/04a78ef00c5245e0_7670.jpg,data/raw/kvasir_capsule/osfstorage/labelled_images/Angiectasia/04a78ef00c5245e0_7670.jpg,True,7b552333643635a11371a29e7b6abbe211d217f387a972fccb1c9ba3f9a65381,336,336,\N
/content/drive/MyDrive/MMVQA_Clinical/data/raw/kvasir_capsule/osfstorage/labelled_images/Angiectasia/04a78ef00c5245e0_895.jpg,data/raw/kvasir_capsule/osfstorage/labelled_images/Angiectasia/04a78ef00c5245e0_895.jpg,True,8d2ba348591841a9bb1bc81cb20d3987888aa8fc10d5ceaa9bddec72deb9a65a,336,336,\N
/content/drive/MyDrive/MMVQA_Clinical/data/raw/kvasir_capsule/osfstorage/labelled_images/Angiectasia/64440803f87b4843_18237.jpg,data/raw/kvasir_capsule/osfstorage/labelled_images/Angiectasia/64440803f87b4843_18237.jpg,True,e12ec1650be60cd3ff3b0ad672f5ab1b334afe02cbab55c9f13d3546147d30ea,336,336,\N
/content/drive/MyDrive/MMVQA_Clinical/data/raw/kvasir_capsule/osfstorage/labelled_images/Angiectasia/64440803f87b4843_18324.jpg,data/raw/kvasir_capsule/osfstorage/labelled_images/Angiectasia/64440803f87b4843_18324.jpg,True,295e3aa773c868f745111d13b6bdc496dcf881cba8876551607cfe1d847a74ea,336,336,\N
/content/drive/MyDrive/MMVQA_Clinical/data/raw/kvasir_capsule/osfstorage/labelled_images/Angiectasia/64440803f87b4843_18326.jpg,data/raw/kvasir_capsule/osfstorage/labelled_images/Angiectasia/64440803f87b4843_18326.jpg,True,b5eec77b879376a16b864a9cdf356fc8c8253eb0a51f577ef3ba2724231d3c55,336,336,\N
/content/drive/MyDrive/MMVQA_Clinical/data/raw/kvasir_capsule/osfstorage/labelled_images/Angiectasia/64440803f87b4843_18384.jpg,data/raw/kvasir_capsule/osfstorage/labelled_images/Angiectasia/64440803f87b4843_18384.jpg,True,5d77fe73c9635930718b0cd683b96605e11f807c07ff9483c4f091ebdab1946d,336,336,\N
/content/drive/MyDrive/MMVQA_Clinical/data/raw/kvasir_capsule/osfstorage/labelled_images/Angiectasia/64440803f87b4843_18386.jpg,data/raw/kvasir_capsule/osfstorage/labelled_images/Angiectasia/64440803f87b4843_18386.jpg,True,dbf6ff3185f225e28b6337e42cb69743472fccc1b17a19661c8c478794807a37,336,336,\N
/content/drive/MyDrive/MMVQA_Clinical/data/raw/kvasir_capsule/osfstorage/labelled_images/Angiectasia/64440803f87b4843_18402.jpg,data/raw/kvasir_capsule/osfstorage/labelled_images/Angiectasia/64440803f87b4843_18402.jpg,True,aedd17d75b930895eb1986658873f542f7ee4d7c6b9100f3d2df447d78e6f249,336,336,\N
/content/drive/MyDrive/MMVQA_Clinical/data/raw/kvasir_capsule/osfstorage/labelled_images/Angiectasia/64440803f87b4843_18403.jpg,data/raw/kvasir_capsule/osfstorage/labelled_images/Angiectasia/64440803f87b4843_18403.jpg,True,c67d9f6fb4ca7e6a8f87b1275717bbe6adc66e1ab79afa2fe3ef9824bf90f834,336,336,\N
/content/drive/MyDrive/MMVQA_Clinical/data/raw/kvasir_capsule/osfstorage/labelled_images/Angiectasia/64440803f87b4843_18423.jpg,data/raw/kvasir_capsule/osfstorage/labelled_images/Angiectasia/64440803f87b4843_18423.jpg,True,53685b6bdafadf66f52a7a0c36f2cd992bbffa623b4fb5a26731f804ca56c7f2,336,336,\N
/content/drive/MyDrive/MMVQA_Clinical/data/raw/kvasir_capsule/osfstorage/labelled_images/Angiectasia/64440803f87b4843_18428.jpg,data/raw/kvasir_capsule/osfstorage/labelled_images/Angiectasia/64440803f87b4843_18428.jpg,True,9ebd178741b82c55083af4df8e2cb7bbfe0855722c73b157403bc7ec09efeb18,336,336,\N
/content/drive/MyDrive/MMVQA_Clinical/data/raw/kvasir_capsule/osfstorage/labelled_images/Angiectasia/64440803f87b4843_18432.jpg,data/raw/kvasir_capsule/osfstorage/labelled_images/Angiectasia/64440803f87b4843_18432.jpg,True,4b08d3f2ef6120513ff40986ec11872977b6dcb48c70edb209e502082f6747c4,336,336,\N
/content/drive/MyDrive/MMVQA_Clinical/data/raw/kvasir_capsule/osfstorage/labelled_images/Angiectasia/64440803f87b4843_18433.jpg,data/raw/kvasir_capsule/osfstorage/labelled_images/Angiectasia/64440803f87b4843_18433.jpg,True,ec743c5a90b91b51acb2055ee5f1d22ec52bc66aa5390bf6a42586ddd8806fea,336,336,\N
/content/drive/MyDrive/MMVQA_Clinical/data/raw/kvasir_capsule/osfstorage/labelled_images/Angiectasia/64440803f87b4843_18458.jpg,data/raw/kvasir_capsule/osfstorage/labelled_images/Angiectasia/64440803f87b4843_18458.jpg,True,8d5aba790647143f7b1e379687712146cd0f1a7147a054b0fc0265312a35515d,336,336,\N
/content/drive/MyDrive/MMVQA_Clinical/data/raw/kvasir_capsule/osfstorage/labelled_images/Angiectasia/64440803f87b4843_18462.jpg,data/raw/kvasir_capsule/osfstorage/labelled_images/Angiectasia/64440803f87b4843_18462.jpg,True,880ed387cc51dbfa5bb9f59a14c73d1a38cf356f4c5b2b958fdd7bfd8926b55e,336,336,\N
/content/drive/MyDrive/MMVQA_Clinical/data/raw/kvasir_capsule/osfstorage/labelled_images/Angiectasia/64440803f87b4843_18463.jpg,data/raw/kvasir_capsule/osfstorage/labelled_images/Angiectasia/64440803f87b4843_18463.jpg,True,696e3dc7911f661ef4e19c0f2a94864a2925f63b01997d6333ed167997f6de70,336,336,\N
/content/drive/MyDrive/MMVQA_Clinical/data/raw/kvasir_capsule/osfstorage/labelled_images/Angiectasia/64440803f87b4843_18465.jpg,data/raw/kvasir_capsule/osfstorage/labelled_images/Angiectasia/64440803f87b4843_18465.jpg,True,df011acb450c5b7ae8c43385925efdea078a152284f9089795564e26c61e639a,336,336,\N
/content/drive/MyDrive/MMVQA_Clinical/data/raw/kvasir_capsule/osfstorage/labelled_images/Angiectasia/64440803f87b4843_18483.jpg,data/raw/kvasir_capsule/osfstorage/labelled_images/Angiectasia/64440803f87b4843_18483.jpg,True,e5433777ceab7bdadc5ca24e21f0ed7dbbd2d33f4005bb7423d1094c15d4f0b4,336,336,\N
/content/drive/MyDrive/MMVQA_Clinical/data/raw/kvasir_capsule/osfstorage/labelled_images/Angiectasia/64440803f87b4843_18492.jpg,data/raw/kvasir_capsule/osfstorage/labelled_images/Angiectasia/64440803f87b4843_18492.jpg,True,abd35051645a5e9717b1e9c110aa754128e74351d78caac03c2b67cfcd6c3098,336,336,\N
/content/drive/MyDrive/MMVQA_Clinical/data/raw/kvasir_capsule/osfstorage/labelled_images/Angiectasia/64440803f87b4843_18495.jpg,data/raw/kvasir_capsule/osfstorage/labelled_images/Angiectasia/64440803f87b4843_18495.jpg,True,6fd4b316f1715ebe6b61a8be5aa4c8f56f1493ac6c6317f5871cf979fa8bb48b,336,336,\N
/content/drive/MyDrive/MMVQA_Clinical/data/raw/kvasir_capsule/osfstorage/labelled_images/Angiectasia/64440803f87b4843_18513.jpg,data/raw/kvasir_capsule/osfstorage/labelled_images/Angiectasia/64440803f87b4843_18513.jpg,True,c1b39a46f75e1bc8ecca3c69f8e730e259c6773abe2930ada7a28c120c36e5d4,336,336,\N
/content/drive/MyDrive/MMVQA_Clinical/data/raw/kvasir_capsule/osfstorage/labelled_images/Angiectasia/64440803f87b4843_18522.jpg,data/raw/kvasir_capsule/osfstorage/labelled_images/Angiectasia/64440803f87b4843_18522.jpg,True,bc51e06ff91f79e0797c03dcd9ef982ec544ac993ff199b7bf8b1cc9cd6517f0,336,336,\N
/content/drive/MyDrive/MMVQA_Clinical/data/raw/kvasir_capsule/osfstorage/labelled_images/Angiectasia/64440803f87b4843_18525.jpg,data/raw/kvasir_capsule/osfstorage/labelled_images/Angiectasia/64440803f87b4843_18525.jpg,True,7b82959bcb1b2743e78f051b043e18adc4202400c09bd7a7a1dca0f017dc995c,336,336,\N
/content/drive/MyDrive/MMVQA_Clinical/data/raw/kvasir_capsule/osfstorage/labelled_images/Angiectasia/64440803f87b4843_18527.jpg,data/raw/kvasir_capsule/osfstorage/labelled_images/Angiectasia/64440803f87b4843_18527.jpg,True,7b315d7c2bdc5b83b1c7fe64f2ca03947fa969ed5a2ca8094d5bf210f7dffd80,336,336,\N
/content/drive/MyDrive/MMVQA_Clinical/data/raw/kvasir_capsule/osfstorage/labelled_images/Angiectasia/64440803f87b4843_18543.jpg,data/raw/kvasir_capsule/osfstorage/labelled_images/Angiectasia/64440803f87b4843_18543.jpg,True,08c057486bbf56ca97011c6e473f6e51715cb25cb56a3af1215011e21b8f1d80,336,336,\N
/content/drive/MyDrive/MMVQA_Clinical/data/raw/kvasir_capsule/osfstorage/labelled_images/Angiectasia/64440803f87b4843_18555.jpg,data/raw/kvasir_capsule/osfstorage/labelled_images/Angiectasia/64440803f87b4843_18555.jpg,True,45af8e2add928965dd4dddd3d0d5b1da0234e8002c1e6ea8eb423b21d7b71f0d,336,336,\N
/content/drive/MyDrive/MMVQA_Clinical/data/raw/kvasir_capsule/osfstorage/labelled_images/Angiectasia/64440803f87b4843_18557.jpg,data/raw/kvasir_capsule/osfstorage/labelled_images/Angiectasia/64440803f87b4843_18557.jpg,True,478291cdbc803f8574a9fc25a5dd8f5c38aa065cf25d62ad75c793fde2ef9649,336,336,\N
/content/drive/MyDrive/MMVQA_Clinical/data/raw/kvasir_capsule/osfstorage/labelled_images/Angiectasia/64440803f87b4843_18587.jpg,data/raw/kvasir_capsule/osfstorage/labelled_images/Angiectasia/64440803f87b4843_18587.jpg,True,c25f11d271d9e843f77ea064266609c8025eb3c3ef51bd4274439f31ec53914a,336,336,\N
/content/drive/MyDrive/MMVQA_Clinical/data/raw/kvasir_capsule/osfstorage/labelled_images/Angiectasia/64440803f87b4843_18617.jpg,data/raw/kvasir_capsule/osfstorage/labelled_images/Angiectasia/64440803f87b4843_18617.jpg,True,7505365e6c50f79a6bce695fdc28f3042bed3133c264fd0d5333867781338058,336,336,\N
/content/drive/MyDrive/MMVQA_Clinical/data/raw/kvasir_capsule/osfstorage/labelled_images/Angiectasia/64440803f87b4843_18618.jpg,data/raw/kvasir_capsule/osfstorage/labelled_images/Angiectasia/64440803f87b4843_18618.jpg,True,0f18f0090fb3b9781f7f1a888a2e4af13a3ce11456df1638944781834b0584eb,336,336,\N
/content/drive/MyDrive/MMVQA_Clinical/data/raw/kvasir_capsule/osfstorage/labelled_images/Angiectasia/64440803f87b4843_18631.jpg,data/raw/kvasir_capsule/osfstorage/labelled_images/Angiectasia/64440803f87b4843_18631.jpg,True,acc1f98cfdea6ad0d3e5678a456ea07f7c80a5afef6e3b8c6d9c770282c61abf,336,336,\N
/content/drive/MyDrive/MMVQA_Clinical/data/raw/kvasir_capsule/osfstorage/labelled_images/Angiectasia/64440803f87b4843_18647.jpg,data/raw/kvasir_capsule/osfstorage/labelled_images/Angiectasia/64440803f87b4843_18647.jpg,True,d47a8fc313fbad53d118d671dda1dd8e790f6bcdbe9c93c35d8647c543c8b8ff,336,336,\N
/content/drive/MyDrive/MMVQA_Clinical/data/raw/kvasir_capsule/osfstorage/labelled_images/Angiectasia/64440803f87b4843_18648.jpg,data/raw/kvasir_capsule/osfstorage/labelled_images/Angiectasia/64440803f87b4843_18648.jpg,True,992c86b4caf6c2dd1ea866e1abc3350fcdbc7843c0bcad50980ce135a45ad4e7,336,336,\N
/content/drive/MyDrive/MMVQA_Clinical/data/raw/kvasir_capsule/osfstorage/labelled_images/Angiectasia/64440803f87b4843_18657.jpg,data/raw/kvasir_capsule/osfstorage/labelled_images/Angiectasia/64440803f87b4843_18657.jpg,True,f37e79c4ca2d689326c4cd4a17dfa419ed26315a1a329ea398198e02eb0923e5,336,336,\N
/content/drive/MyDrive/MMVQA_Clinical/data/raw/kvasir_capsule/osfstorage/labelled_images/Angiectasia/64440803f87b4843_18661.jpg,data/raw/kvasir_capsule/osfstorage/labelled_images/Angiectasia/64440803f87b4843_18661.jpg,True,9137352061fa269ac55c9b4d511a2a18f8363b0dbc4d0ede36e3465381c3f4e7,336,336,\N
/content/drive/MyDrive/MMVQA_Clinical/data/raw/kvasir_capsule/osfstorage/labelled_images/Angiectasia/64440803f87b4843_18678.jpg,data/raw/kvasir_capsule/osfstorage/labelled_images/Angiectasia/64440803f87b4843_18678.jpg,True,1f25320a7907498858bffcb8f5d4eb40a128e4db8c67b8221c8b4e960798e269,336,336,\N
/content/drive/MyDrive/MMVQA_Clinical/data/raw/kvasir_capsule/osfstorage/labelled_images/Angiectasia/64440803f87b4843_18691.jpg,data/raw/kvasir_capsule/osfstorage/labelled_images/Angiectasia/64440803f87b4843_18691.jpg,True,facee20e01a3e418aeae072a83ec28355d33cbd03740288a51f3301f995e6c4d,336,336,\N
/content/drive/MyDrive/MMVQA_Clinical/data/raw/kvasir_capsule/osfstorage/labelled_images/Angiectasia/64440803f87b4843_18704.jpg,data/raw/kvasir_capsule/osfstorage/labelled_images/Angiectasia/64440803f87b4843_18704.jpg,True,cf94170ba96f565bb3f1a934e7487a025c4776e106c6a94c0aca9b58228882a0,336,336,\N
/content/drive/MyDrive/MMVQA_Clinical/data/raw/kvasir_capsule/osfstorage/labelled_images/Angiectasia/64440803f87b4843_18708.jpg,data/raw/kvasir_capsule/osfstorage/labelled_images/Angiectasia/64440803f87b4843_18708.jpg,True,3195fc5d63fe7700a36543f8edec41f52fd3b0c6d3001112d057725417c70786,336,336,\N
/content/drive/MyDrive/MMVQA_Clinical/data/raw/kvasir_capsule/osfstorage/labelled_images/Angiectasia/64440803f87b4843_18717.jpg,data/raw/kvasir_capsule/osfstorage/labelled_images/Angiectasia/64440803f87b4843_18717.jpg,True,8b2bc82ed1977205450ecddd01ba110391a1c0f10a6d5f0417871c37c493e64a,336,336,\N
/content/drive/MyDrive/MMVQA_Clinical/data/raw/kvasir_capsule/osfstorage/labelled_images/Angiectasia/64440803f87b4843_18721.jpg,data/raw/kvasir_capsule/osfstorage/labelled_images/Angiectasia/64440803f87b4843_18721.jpg,True,a9509394df2f3ea1a97863029ab36b056e5b244c6ed9615220ef37f92c452ecf,336,336,\N
/content/drive/MyDrive/MMVQA_Clinical/data/raw/kvasir_capsule/osfstorage/labelled_images/Angiectasia/64440803f87b4843_18734.jpg,data/raw/kvasir_capsule/osfstorage/labelled_images/Angiectasia/64440803f87b4843_18734.jpg,True,0c360727708087b0e2b77a653b77db153e3228e4e993297c2ad3e2dd25f8cce9,336,336,\N
/content/drive/MyDrive/MMVQA_Clinical/data/raw/kvasir_capsule/osfstorage/labelled_images/Angiectasia/64440803f87b4843_18738.jpg,data/raw/kvasir_capsule/osfstorage/labelled_images/Angiectasia/64440803f87b4843_18738.jpg,True,97da8b4cbe74d81de48879b967bcb1b9175420b1ba296d19e6f5059237958b4f,336,336,\N
/content/drive/MyDrive/MMVQA_Clinical/data/raw/kvasir_capsule/osfstorage/labelled_images/Angiectasia/64440803f87b4843_18747.jpg,data/raw/kvasir_capsule/osfstorage/labelled_images/Angiectasia/64440803f87b4843_18747.jpg,True,a3d259554194da35ffb0a30dc2d5d5d81c1b954b53b804771c29ba78fc788f2c,336,336,\N
/content/drive/MyDrive/MMVQA_Clinical/data/raw/kvasir_capsule/osfstorage/labelled_images/Angiectasia/64440803f87b4843_18751.jpg,data/raw/kvasir_capsule/osfstorage/labelled_images/Angiectasia/64440803f87b4843_18751.jpg,True,9a5c4072c217a7fce8769bc122c26ab99f963d682d8bd39733f8d1bf94b12531,336,336,\N
/content/drive/MyDrive/MMVQA_Clinical/data/raw/kvasir_capsule/osfstorage/labelled_images/Angiectasia/64440803f87b4843_18764.jpg,data/raw/kvasir_capsule/osfstorage/labelled_images/Angiectasia/64440803f87b4843_18764.jpg,True,75701d83c1931881e6b65dfb878d1f4c1e15a4e82d0eb7a31dfdf1fc26686e55,336,336,\N
/content/drive/MyDrive/MMVQA_Clinical/data/raw/kvasir_capsule/osfstorage/labelled_images/Angiectasia/64440803f87b4843_18769.jpg,data/raw/kvasir_capsule/osfstorage/labelled_images/Angiectasia/64440803f87b4843_18769.jpg,True,29cf90a0eff4528993a25f961619f0b0559d2f79d729e36f3485961514adfd98,336,336,\N
/content/drive/MyDrive/MMVQA_Clinical/data/raw/kvasir_capsule/osfstorage/labelled_images/Angiectasia/64440803f87b4843_18777.jpg,data/raw/kvasir_capsule/osfstorage/labelled_images/Angiectasia/64440803f87b4843_18777.jpg,True,6b70b6cd40f1186c03ee561b73fd8ceca68b5e2b544eddd6b00cb288fc6441ca,336,336,\N
/content/drive/MyDrive/MMVQA_Clinical/data/raw/kvasir_capsule/osfstorage/labelled_images/Angiectasia/64440803f87b4843_18794.jpg,data/raw/kvasir_capsule/osfstorage/labelled_images/Angiectasia/64440803f87b4843_18794.jpg,True,fbf73477dea112e665d2e3c9c98419ba213d4078f41136044733874d1a3ac58d,336,336,\N
/content/drive/MyDrive/MMVQA_Clinical/data/raw/kvasir_capsule/osfstorage/labelled_images/Angiectasia/64440803f87b4843_18799.jpg,data/raw/kvasir_capsule/osfstorage/labelled_images/Angiectasia/64440803f87b4843_18799.jpg,True,59a72691339ad063b9b93b9c9bf05ec25364012f4005e57c42be6daa8c25448c,336,336,\N
/content/drive/MyDrive/MMVQA_Clinical/data/raw/kvasir_capsule/osfstorage/labelled_images/Angiectasia/64440803f87b4843_18829.jpg,data/raw/kvasir_capsule/osfstorage/labelled_images/Angiectasia/64440803f87b4843_18829.jpg,True,18aa39f3509aef2c4062fc1dba339333cc13f6f302c4c0153d0424d2d5629b88,336,336,\N
/content/drive/MyDrive/MMVQA_Clinical/data/raw/kvasir_capsule/osfstorage/labelled_images/Angiectasia/64440803f87b4843_18859.jpg,data/raw/kvasir_capsule/osfstorage/labelled_images/Angiectasia/64440803f87b4843_18859.jpg,True,581e6f216ae44fc9e25c999c556a322a981de4b40a00798c111f317c78c38394,336,336,\N
/content/drive/MyDrive/MMVQA_Clinical/data/raw/kvasir_capsule/osfstorage/labelled_images/Angiectasia/64440803f87b4843_18871.jpg,data/raw/kvasir_capsule/osfstorage/labelled_images/Angiectasia/64440803f87b4843_18871.jpg,True,0d1d98103a131ecf1d0024dcd04081c092495c4c8b9696c0b493d40bb9901105,336,336,\N
/content/drive/MyDrive/MMVQA_Clinical/data/raw/kvasir_capsule/osfstorage/labelled_images/Angiectasia/64440803f87b4843_18889.jpg,data/raw/kvasir_capsule/osfstorage/labelled_images/Angiectasia/64440803f87b4843_18889.jpg,True,f927ade45624bf7b418f973c264cc4261537a0f6df6424e13c6693d2a78b5f8e,336,336,\N
/content/drive/MyDrive/MMVQA_Clinical/data/raw/kvasir_capsule/osfstorage/labelled_images/Angiectasia/64440803f87b4843_18895.jpg,data/raw/kvasir_capsule/osfstorage/labelled_images/Angiectasia/64440803f87b4843_18895.jpg,True,0c4d243c8a48978c99f8c82dbb2eaf485d6488cb89371bdd1da0cf3e75a3c672,336,336,\N
/content/drive/MyDrive/MMVQA_Clinical/data/raw/kvasir_capsule/osfstorage/labelled_images/Angiectasia/64440803f87b4843_18901.jpg,data/raw/kvasir_capsule/osfstorage/labelled_images/Angiectasia/64440803f87b4843_18901.jpg,True,81e5ddfd93158fede5fb9a3ed4eddfc8c125835a4cff5a3de747ace5c8c4f63b,336,336,\N
/content/drive/MyDrive/MMVQA_Clinical/data/raw/kvasir_capsule/osfstorage/labelled_images/Angiectasia/64440803f87b4843_18931.jpg,data/raw/kvasir_capsule/osfstorage/labelled_images/Angiectasia/64440803f87b4843_18931.jpg,True,d4221cb68acca7830d2563bd86fde5dfbdc129b57fc575292b5dadaa518a85d0,336,336,\N
/content/drive/MyDrive/MMVQA_Clinical/data/raw/kvasir_capsule/osfstorage/labelled_images/Angiectasia/64440803f87b4843_18955.jpg,data/raw/kvasir_capsule/osfstorage/labelled_images/Angiectasia/64440803f87b4843_18955.jpg,True,a04b1fdc28032a8c1d389a241d28b78ef7149a57861328a7cd08aca4b2f5a769,336,336,\N
/content/drive/MyDrive/MMVQA_Clinical/data/raw/kvasir_capsule/osfstorage/labelled_images/Angiectasia/64440803f87b4843_19099.jpg,data/raw/kvasir_capsule/osfstorage/labelled_images/Angiectasia/64440803f87b4843_19099.jpg,True,b6f99baa823a5229a8e2c9d9eb4a92b1e997f7ed684a59900bc62f438a8248be,336,336,\N
/content/drive/MyDrive/MMVQA_Clinical/data/raw/kvasir_capsule/osfstorage/labelled_images/Angiectasia/64440803f87b4843_19100.jpg,data/raw/kvasir_capsule/osfstorage/labelled_images/Angiectasia/64440803f87b4843_19100.jpg,True,30ab8585dae2c307e5fb1c44c2294c14bb925d97c8a774683d19a1fa3e2007a0,336,336,\N
/content/drive/MyDrive/MMVQA_Clinical/data/raw/kvasir_capsule/osfstorage/labelled_images/Angiectasia/64440803f87b4843_19136.jpg,data/raw/kvasir_capsule/osfstorage/labelled_images/Angiectasia/64440803f87b4843_19136.jpg,True,aba42c750fa6adeb3078e19288d5875825ce0f4907952d05774b2e7a142dd5b3,336,336,\N
/content/drive/MyDrive/MMVQA_Clinical/data/raw/kvasir_capsule/osfstorage/labelled_images/Angiectasia/64440803f87b4843_19159.jpg,data/raw/kvasir_capsule/osfstorage/labelled_images/Angiectasia/64440803f87b4843_19159.jpg,True,21d0eb74f79ef0a513f5a3c062bd65ebd9a0db36fd9d7e3fd7bb7776f906780d,336,336,\N
/content/drive/MyDrive/MMVQA_Clinical/data/raw/kvasir_capsule/osfstorage/labelled_images/Angiectasia/64440803f87b4843_19160.jpg,data/raw/kvasir_capsule/osfstorage/labelled_images/Angiectasia/64440803f87b4843_19160.jpg,True,f2ac76123e40f101dc5120cb3bfcad66a463b899cdfd8f4ed6937ed800f8b659,336,336,\N
/content/drive/MyDrive/MMVQA_Clinical/data/raw/kvasir_capsule/osfstorage/labelled_images/Angiectasia/64440803f87b4843_19172.jpg,data/raw/kvasir_capsule/osfstorage/labelled_images/Angiectasia/64440803f87b4843_19172.jpg,True,9aeeddd10ce1579d0cdeb4b370e7e6b750c7aef52934826c71c2f3acbf361859,336,336,\N
/content/drive/MyDrive/MMVQA_Clinical/data/raw/kvasir_capsule/osfstorage/labelled_images/Angiectasia/64440803f87b4843_19174.jpg,data/raw/kvasir_capsule/osfstorage/labelled_images/Angiectasia/64440803f87b4843_19174.jpg,True,e4e7e8281043f366bbd99c580164c2b340b554f023e691c2673f5ee4966149b4,336,336,\N
/content/drive/MyDrive/MMVQA_Clinical/data/raw/kvasir_capsule/osfstorage/labelled_images/Angiectasia/64440803f87b4843_19189.jpg,data/raw/kvasir_capsule/osfstorage/labelled_images/Angiectasia/64440803f87b4843_19189.jpg,True,86d9353322c8fbf1ce3194716489bda6baa2a34bb8d0c69c4819f5792278af4e,336,336,\N
/content/drive/MyDrive/MMVQA_Clinical/data/raw/kvasir_capsule/osfstorage/labelled_images/Angiectasia/64440803f87b4843_19196.jpg,data/raw/kvasir_capsule/osfstorage/labelled_images/Angiectasia/64440803f87b4843_19196.jpg,True,49a80b9a6311cd78aee77cead2ebdfd64edf904018b75cdf6ae718adc6ccf95f,336,336,\N
/content/drive/MyDrive/MMVQA_Clinical/data/raw/kvasir_capsule/osfstorage/labelled_images/Angiectasia/64440803f87b4843_19202.jpg,data/raw/kvasir_capsule/osfstorage/labelled_images/Angiectasia/64440803f87b4843_19202.jpg,True,1f30ed6a5d2528aaa7c3de3c93e50e4e195a2d0659d7712c0607ec8ee0f80f33,336,336,\N
/content/drive/MyDrive/MMVQA_Clinical/data/raw/kvasir_capsule/osfstorage/labelled_images/Angiectasia/64440803f87b4843_19204.jpg,data/raw/kvasir_capsule/osfstorage/labelled_images/Angiectasia/64440803f87b4843_19204.jpg,True,595e7357dcfe499e610683f4dea101a9521d84ca211e66fa4a0004dc6b185927,336,336,\N
/content/drive/MyDrive/MMVQA_Clinical/data/raw/kvasir_capsule/osfstorage/labelled_images/Angiectasia/64440803f87b4843_19219.jpg,data/raw/kvasir_capsule/osfstorage/labelled_images/Angiectasia/64440803f87b4843_19219.jpg,True,90519a6dd816b660558cceb3f9a6ef0afc22ef1dcdfd3b4588157358960aa68f,336,336,\N
/content/drive/MyDrive/MMVQA_Clinical/data/raw/kvasir_capsule/osfstorage/labelled_images/Angiectasia/64440803f87b4843_19292.jpg,data/raw/kvasir_capsule/osfstorage/labelled_images/Angiectasia/64440803f87b4843_19292.jpg,True,43bb0f9973f6a46640b770f6b2491cff8bb5064de5650220749c6b3148a07f55,336,336,\N
/content/drive/MyDrive/MMVQA_Clinical/data/raw/kvasir_capsule/osfstorage/labelled_images/Angiectasia/64440803f87b4843_19308.jpg,data/raw/kvasir_capsule/osfstorage/labelled_images/Angiectasia/64440803f87b4843_19308.jpg,True,a2895f72ff80bc12ac96c2229e6f35de5569bb24e4a0962cd0de1604903189e8,336,336,\N
/content/drive/MyDrive/MMVQA_Clinical/data/raw/kvasir_capsule/osfstorage/labelled_images/Angiectasia/64440803f87b4843_19312.jpg,data/raw/kvasir_capsule/osfstorage/labelled_images/Angiectasia/64440803f87b4843_19312.jpg,True,aeb491a77486991a7530a0524e55cefd11a321859518754bab6d7f96a1e16944,336,336,\N
/content/drive/MyDrive/MMVQA_Clinical/data/raw/kvasir_capsule/osfstorage/labelled_images/Angiectasia/64440803f87b4843_19322.jpg,data/raw/kvasir_capsule/osfstorage/labelled_images/Angiectasia/64440803f87b4843_19322.jpg,True,371b5c22159ad437fa285f3b6b8c02f1d92f9040244846b1712a24047578f861,336,336,\N
/content/drive/MyDrive/MMVQA_Clinical/data/raw/kvasir_capsule/osfstorage/labelled_images/Angiectasia/64440803f87b4843_19352.jpg,data/raw/kvasir_capsule/osfstorage/labelled_images/Angiectasia/64440803f87b4843_19352.jpg,True,6abc327486b77c7fb090a9eb25278301026c119b91270d999f1610f1bc046f0b,336,336,\N
/content/drive/MyDrive/MMVQA_Clinical/data/raw/kvasir_capsule/osfstorage/labelled_images/Angiectasia/64440803f87b4843_19368.jpg,data/raw/kvasir_capsule/osfstorage/labelled_images/Angiectasia/64440803f87b4843_19368.jpg,True,56a11f59773e8e493ba21c67015df9dfa44dcd76e19d14e1282e0c22ddba0279,336,336,\N
/content/drive/MyDrive/MMVQA_Clinical/data/raw/kvasir_capsule/osfstorage/labelled_images/Angiectasia/64440803f87b4843_19372.jpg,data/raw/kvasir_capsule/osfstorage/labelled_images/Angiectasia/64440803f87b4843_19372.jpg,True,00e6f1164c3ffa8315ac9beeee57ef681154d1df62f2097cbc59ec2b6cea7ac5,336,336,\N
/content/drive/MyDrive/MMVQA_Clinical/data/raw/kvasir_capsule/osfstorage/labelled_images/Angiectasia/64440803f87b4843_19376.jpg,data/raw/kvasir_capsule/osfstorage/labelled_images/Angiectasia/64440803f87b4843_19376.jpg,True,ad11b147a12efe3f4cb7c18ff1b7c3e4b5627f94813ab2ce899f71555cbb8bbf,336,336,\N
/content/drive/MyDrive/MMVQA_Clinical/data/raw/kvasir_capsule/osfstorage/labelled_images/Angiectasia/64440803f87b4843_19398.jpg,data/raw/kvasir_capsule/osfstorage/labelled_images/Angiectasia/64440803f87b4843_19398.jpg,True,b9db5d75770aca820e95a9f3e92a1ec33126c3fc8d172f268cc1c2886c85da07,336,336,\N
/content/drive/MyDrive/MMVQA_Clinical/data/raw/kvasir_capsule/osfstorage/labelled_images/Angiectasia/64440803f87b4843_19406.jpg,data/raw/kvasir_capsule/osfstorage/labelled_images/Angiectasia/64440803f87b4843_19406.jpg,True,3613b637b61f893e2efc5fea6abe6557f7f7d3996fef841bdf0c5aeb7e8091ed,336,336,\N
/content/drive/MyDrive/MMVQA_Clinical/data/raw/kvasir_capsule/osfstorage/labelled_images/Angiectasia/64440803f87b4843_21364.jpg,data/raw/kvasir_capsule/osfstorage/labelled_images/Angiectasia/64440803f87b4843_21364.jpg,True,0f86a776d23604fc0ab079504ef709cf79687ef0543631a004d53df891dc509c,336,336,\N
/content/drive/MyDrive/MMVQA_Clinical/data/raw/kvasir_capsule/osfstorage/labelled_images/Angiectasia/64440803f87b4843_21372.jpg,data/raw/kvasir_capsule/osfstorage/labelled_images/Angiectasia/64440803f87b4843_21372.jpg,True,bc71f34c5008d94bdac5ae87655efda8f620c125df5ac4ccdd290f56bdb354f5,336,336,\N
/content/drive/MyDrive/MMVQA_Clinical/data/raw/kvasir_capsule/osfstorage/labelled_images/Angiectasia/64440803f87b4843_21394.jpg,data/raw/kvasir_capsule/osfstorage/labelled_images/Angiectasia/64440803f87b4843_21394.jpg,True,b22cb938f20d61d7aa02d587550d36489fe9106c851fa4ae36c841c5516fae1e,336,336,\N
/content/drive/MyDrive/MMVQA_Clinical/data/raw/kvasir_capsule/osfstorage/labelled_images/Angiectasia/64440803f87b4843_21416.jpg,data/raw/kvasir_capsule/osfstorage/labelled_images/Angiectasia/64440803f87b4843_21416.jpg,True,6c10422094bab7e643db4593ef60448f6d0d4715d735d2266f612b2dc3c7d86a,336,336,\N
/content/drive/MyDrive/MMVQA_Clinical/data/raw/kvasir_capsule/osfstorage/labelled_images/Angiectasia/64440803f87b4843_22579.jpg,data/raw/kvasir_capsule/osfstorage/labelled_images/Angiectasia/64440803f87b4843_22579.jpg,True,6e11a6e7adbf4c69710207ed324409a75d0940b28a49922e0c8602845cc7f2ac,336,336,\N
/content/drive/MyDrive/MMVQA_Clinical/data/raw/kvasir_capsule/osfstorage/labelled_images/Angiectasia/ad91cf7ca91440aa_4754.jpg,data/raw/kvasir_capsule/osfstorage/labelled_images/Angiectasia/ad91cf7ca91440aa_4754.jpg,True,df43850336b2d5c580e2b4ae2ed1f562c7787d2f80fac76346f9f39c84383649,336,336,\N
/content/drive/MyDrive/MMVQA_Clinical/data/raw/kvasir_capsule/osfstorage/labelled_images/Angiectasia/ad91cf7ca91440aa_5958.jpg,data/raw/kvasir_capsule/osfstorage/labelled_images/Angiectasia/ad91cf7ca91440aa_5958.jpg,True,b9f019f44c7eea83e41ace89052d83ef45002ed83a54c4e4152dff56eed77722,336,336,\N
/content/drive/MyDrive/MMVQA_Clinical/data/raw/kvasir_capsule/osfstorage/labelled_images/Angiectasia/ad91cf7ca91440aa_873.jpg,data/raw/kvasir_capsule/osfstorage/labelled_images/Angiectasia/ad91cf7ca91440aa_873.jpg,True,7a6b7c918539fc15c28024cd442e4fe4ade1c5efa0766748cecbb410ec797bd7,336,336,\N
/content/drive/MyDrive/MMVQA_Clinical/data/raw/kvasir_capsule/osfstorage/labelled_images/Angiectasia/b2134f4a6f864613_18023.jpg,data/raw/kvasir_capsule/osfstorage/labelled_images/Angiectasia/b2134f4a6f864613_18023.jpg,True,19e8ecb8529d9762224d79c8192e6cdf2d84a450fdf6f7f4b4c3f1bc46de9c7a,336,336,\N
/content/drive/MyDrive/MMVQA_Clinical/data/raw/kvasir_capsule/osfstorage/labelled_images/Angiectasia/b2134f4a6f864613_18042.jpg,data/raw/kvasir_capsule/osfstorage/labelled_images/Angiectasia/b2134f4a6f864613_18042.jpg,True,5ec470797be3ebe320e97302ad3ab8a2d491f53a861c08d21d3448082665262b,336,336,\N
/content/drive/MyDrive/MMVQA_Clinical/data/raw/kvasir_capsule/osfstorage/labelled_images/Angiectasia/b2134f4a6f864613_18062.jpg,data/raw/kvasir_capsule/osfstorage/labelled_images/Angiectasia/b2134f4a6f864613_18062.jpg,True,0dcb9a49b33c1eac57405f8f6d3bfa1d00730b1bbeb98198bba3fc0bcf6bb20c,336,336,\N
/content/drive/MyDrive/MMVQA_Clinical/data/raw/kvasir_capsule/osfstorage/labelled_images/Angiectasia/b2134f4a6f864613_21034.jpg,data/raw/kvasir_capsule/osfstorage/labelled_images/Angiectasia/b2134f4a6f864613_21034.jpg,True,544df32212d62730ba7377e6035c2dfbff126dc6267894ce0760889eecbb3113,336,336,\N
/content/drive/MyDrive/MMVQA_Clinical/data/raw/kvasir_capsule/osfstorage/labelled_images/Angiectasia/b2134f4a6f864613_21058.jpg,data/raw/kvasir_capsule/osfstorage/labelled_images/Angiectasia/b2134f4a6f864613_21058.jpg,True,513c29e7684cda854a27df431fa1f26935f085d7164532e048f02deecddc3285,336,336,\N
/content/drive/MyDrive/MMVQA_Clinical/data/raw/kvasir_capsule/osfstorage/labelled_images/Angiectasia/b2134f4a6f864613_21069.jpg,data/raw/kvasir_capsule/osfstorage/labelled_images/Angiectasia/b2134f4a6f864613_21069.jpg,True,a3faa660b368456cdda6b4693393427c10bb2c5f4acd3b57357c301129048988,336,336,\N
/content/drive/MyDrive/MMVQA_Clinical/data/raw/kvasir_capsule/osfstorage/labelled_images/Angiectasia/b2134f4a6f864613_21076.jpg,data/raw/kvasir_capsule/osfstorage/labelled_images/Angiectasia/b2134f4a6f864613_21076.jpg,True,8bba070491e969a1345fdc28e31a3957db09b46ad187df0b2a7c638250c15928,336,336,\N
/content/drive/MyDrive/MMVQA_Clinical/data/raw/kvasir_capsule/osfstorage/labelled_images/Angiectasia/b2134f4a6f864613_21099.jpg,data/raw/kvasir_capsule/osfstorage/labelled_images/Angiectasia/b2134f4a6f864613_21099.jpg,True,98b875347bd87e3435431c354d21bff879fa2886f595fc1e52b13845bae4a623,336,336,\N
/content/drive/MyDrive/MMVQA_Clinical/data/raw/kvasir_capsule/osfstorage/labelled_images/Angiectasia/b2134f4a6f864613_21101.jpg,data/raw/kvasir_capsule/osfstorage/labelled_images/Angiectasia/b2134f4a6f864613_21101.jpg,True,3d156f18e791167145f9e97fbbd07d37223523746f4ddcda4caad448c9f7ee35,336,336,\N
/content/drive/MyDrive/MMVQA_Clinical/data/raw/kvasir_capsule/osfstorage/labelled_images/Angiectasia/d369e4f163df4aba_22362.jpg,data/raw/kvasir_capsule/osfstorage/labelled_images/Angiectasia/d369e4f163df4aba_22362.jpg,True,c513fdb269e511b0aaaf7ec99bc3f1de46534431460c32af1ef72b2cfdaffd12,336,336,\N
/content/drive/MyDrive/MMVQA_Clinical/data/raw/kvasir_capsule/osfstorage/labelled_images/Angiectasia/d369e4f163df4aba_26326.jpg,data/raw/kvasir_capsule/osfstorage/labelled_images/Angiectasia/d369e4f163df4aba_26326.jpg,True,abadbad6940fabad6877afc339ab6b179d049f9c44225ab67e213da5a5039db2,336,336,\N
/content/drive/MyDrive/MMVQA_Clinical/data/raw/kvasir_capsule/osfstorage/labelled_images/Angiectasia/d369e4f163df4aba_26375.jpg,data/raw/kvasir_capsule/osfstorage/labelled_images/Angiectasia/d369e4f163df4aba_26375.jpg,True,88a6ee370ab454afc59a1fdd1f7a69ed8f85052fa8c9eea06835e1ff8505ff6c,336,336,\N
/content/drive/MyDrive/MMVQA_Clinical/data/raw/kvasir_capsule/osfstorage/labelled_images/Angiectasia/d369e4f163df4aba_26419.jpg,data/raw/kvasir_capsule/osfstorage/labelled_images/Angiectasia/d369e4f163df4aba_26419.jpg,True,2681e58f36d8e680fdd599eb043944ae3a3a944c4e710a6882bdfaea949c00cd,336,336,\N
/content/drive/MyDrive/MMVQA_Clinical/data/raw/kvasir_capsule/osfstorage/labelled_images/Angiectasia/eb0203196e284797_10020.jpg,data/raw/kvasir_capsule/osfstorage/labelled_images/Angiectasia/eb0203196e284797_10020.jpg,True,c36ad9bc2266c58f68a8b65f56960db2e33fbabc667f59a4d5a953a99380e3ca,336,336,\N
/content/drive/MyDrive/MMVQA_Clinical/data/raw/kvasir_capsule/osfstorage/labelled_images/Angiectasia/eb0203196e284797_1676.jpg,data/raw/kvasir_capsule/osfstorage/labelled_images/Angiectasia/eb0203196e284797_1676.jpg,True,b782b8be982b99d834584ea2f0b66b63458af0d53920ade157f7a7e9fbb6c867,336,336,\N
/content/drive/MyDrive/MMVQA_Clinical/data/raw/kvasir_capsule/osfstorage/labelled_images/Angiectasia/eb0203196e284797_2033.jpg,data/raw/kvasir_capsule/osfstorage/labelled_images/Angiectasia/eb0203196e284797_2033.jpg,True,4f27918aac69d97d4c574e79a4fc67f4bd8c5b238164012d04bfc1b6115b5f43,336,336,\N
/content/drive/MyDrive/MMVQA_Clinical/data/raw/kvasir_capsule/osfstorage/labelled_images/Angiectasia/eb0203196e284797_22873.jpg,data/raw/kvasir_capsule/osfstorage/labelled_images/Angiectasia/eb0203196e284797_22873.jpg,True,5645ac5531a8f1d2b0aab2674e33d79b9acccd30681699d5bea3554126ede1ad,336,336,\N
/content/drive/MyDrive/MMVQA_Clinical/data/raw/kvasir_capsule/osfstorage/labelled_images/Blood - fresh/04a78ef00c5245e0_11221.jpg,data/raw/kvasir_capsule/osfstorage/labelled_images/Blood - fresh/04a78ef00c5245e0_11221.jpg,True,3292abe854831f639f0bb4040908137803d66f7d80619ca9bbc5171fc6908edc,336,336,\N
/content/drive/MyDrive/MMVQA_Clinical/data/raw/kvasir_capsule/osfstorage/labelled_images/Blood - fresh/04a78ef00c5245e0_11233.jpg,data/raw/kvasir_capsule/osfstorage/labelled_images/Blood - fresh/04a78ef00c5245e0_11233.jpg,True,59eb519c0b33ac6f9fdf2c3529c8e710dd8c12a1c84845eced8e6425841f6f0c,336,336,\N
/content/drive/MyDrive/MMVQA_Clinical/data/raw/kvasir_capsule/osfstorage/labelled_images/Blood - fresh/d369e4f163df4aba_12014.jpg,data/raw/kvasir_capsule/osfstorage/labelled_images/Blood - fresh/d369e4f163df4aba_12014.jpg,True,9fa424afce021999f3305fd1ce9bd0d722d22cf546554c7a7c5ff73b7c69b006,336,336,\N
/content/drive/MyDrive/MMVQA_Clinical/data/raw/kvasir_capsule/osfstorage/labelled_images/Blood - fresh/d369e4f163df4aba_12021.jpg,data/raw/kvasir_capsule/osfstorage/labelled_images/Blood - fresh/d369e4f163df4aba_12021.jpg,True,45b01c9e43beaa307ec31929a99f15721ed26205afd48b9f374117efd4a0ea63,336,336,\N
/content/drive/MyDrive/MMVQA_Clinical/data/raw/kvasir_capsule/osfstorage/labelled_images/Blood - fresh/d369e4f163df4aba_12035.jpg,data/raw/kvasir_capsule/osfstorage/labelled_images/Blood - fresh/d369e4f163df4aba_12035.jpg,True,5cdc6bae9ac93d042383909bf78abc8756dfffbc321d32dfb18fba44f3135c07,336,336,\N
/content/drive/MyDrive/MMVQA_Clinical/data/raw/kvasir_capsule/osfstorage/labelled_images/Blood - fresh/d369e4f163df4aba_12044.jpg,data/raw/kvasir_capsule/osfstorage/labelled_images/Blood - fresh/d369e4f163df4aba_12044.jpg,True,320c5537e378b2cffeaed2a1e14ed78f24327836f85d158f5b01b4a7ffdb2ccf,336,336,\N
/content/drive/MyDrive/MMVQA_Clinical/data/raw/kvasir_capsule/osfstorage/labelled_images/Blood - fresh/d369e4f163df4aba_12051.jpg,data/raw/kvasir_capsule/osfstorage/labelled_images/Blood - fresh/d369e4f163df4aba_12051.jpg,True,36e76511e981d4d83a362144406d1b3e2aa57a88c5a5c37ab275a0329253c77c,336,336,\N
/content/drive/MyDrive/MMVQA_Clinical/data/raw/kvasir_capsule/osfstorage/labelled_images/Blood - fresh/d369e4f163df4aba_12065.jpg,data/raw/kvasir_capsule/osfstorage/labelled_images/Blood - fresh/d369e4f163df4aba_12065.jpg,True,0f9db6477cf56bcac10fcb2d80b8e01e4e7c6e02a0fae3baffbda92a3de60b55,336,336,\N
/content/drive/MyDrive/MMVQA_Clinical/data/raw/kvasir_capsule/osfstorage/labelled_images/Blood - fresh/d369e4f163df4aba_12074.jpg,data/raw/kvasir_capsule/osfstorage/labelled_images/Blood - fresh/d369e4f163df4aba_12074.jpg,True,bfbb7da2e8128ad8ffc38c11a8edf3109ddd9abef5de4877407b06804ac1f770,336,336,\N
/content/drive/MyDrive/MMVQA_Clinical/data/raw/kvasir_capsule/osfstorage/labelled_images/Blood - fresh/d369e4f163df4aba_12081.jpg,data/raw/kvasir_capsule/osfstorage/labelled_images/Blood - fresh/d369e4f163df4aba_12081.jpg,True,4875fb20bc099385368cfe66b41ea46c38abcfc88afd3df6910dd554a5d68c77,336,336,\N
/content/drive/MyDrive/MMVQA_Clinical/data/raw/kvasir_capsule/osfstorage/labelled_images/Blood - fresh/d369e4f163df4aba_12095.jpg,data/raw/kvasir_capsule/osfstorage/labelled_images/Blood - fresh/d369e4f163df4aba_12095.jpg,True,dc0d361c8d60b08ed2549b6eb74782ff46558d8095bed02b80c3758867bbda55,336,336,\N
/content/drive/MyDrive/MMVQA_Clinical/data/raw/kvasir_capsule/osfstorage/labelled_images/Blood - fresh/d369e4f163df4aba_13296.jpg,data/raw/kvasir_capsule/osfstorage/labelled_images/Blood - fresh/d369e4f163df4aba_13296.jpg,True,a0855fd41dae8d8e51501d0e6cd03cc487ca27811bbc523c2b137a8393a604a1,336,336,\N
/content/drive/MyDrive/MMVQA_Clinical/data/raw/kvasir_capsule/osfstorage/labelled_images/Blood - fresh/d369e4f163df4aba_13297.jpg,data/raw/kvasir_capsule/osfstorage/labelled_images/Blood - fresh/d369e4f163df4aba_13297.jpg,True,3920b9d73b817e11af436e2de373a09f6e39fb138f25cd3e612a73d2554e9456,336,336,\N
/content/drive/MyDrive/MMVQA_Clinical/data/raw/kvasir_capsule/osfstorage/labelled_images/Blood - fresh/d369e4f163df4aba_13313.jpg,data/raw/kvasir_capsule/osfstorage/labelled_images/Blood - fresh/d369e4f163df4aba_13313.jpg,True,55ab395386dc5ae9d2cdb1298f236be7b7866e7c5d82a73a5c2c97c9cf552fdd,336,336,\N
/content/drive/MyDrive/MMVQA_Clinical/data/raw/kvasir_capsule/osfstorage/labelled_images/Blood - fresh/d369e4f163df4aba_13326.jpg,data/raw/kvasir_capsule/osfstorage/labelled_images/Blood - fresh/d369e4f163df4aba_13326.jpg,True,9243c2360ab3ddc513f9e09fcb406b4c6f3eca75a67ec63bc19a2d495f56dcd7,336,336,\N
/content/drive/MyDrive/MMVQA_Clinical/data/raw/kvasir_capsule/osfstorage/labelled_images/Blood - fresh/d369e4f163df4aba_13327.jpg,data/raw/kvasir_capsule/osfstorage/labelled_images/Blood - fresh/d369e4f163df4aba_13327.jpg,True,6dc1b3028531b7e329956de0adc581b7f6196da31d4374bfa9a2caee2fb47b7d,336,336,\N
/content/drive/MyDrive/MMVQA_Clinical/data/raw/kvasir_capsule/osfstorage/labelled_images/Blood - fresh/d369e4f163df4aba_13356.jpg,data/raw/kvasir_capsule/osfstorage/labelled_images/Blood - fresh/d369e4f163df4aba_13356.jpg,True,921dea99d47e4e728c44668c169160b3d78350f7ff5640083a1285439f8b51a6,336,336,\N
/content/drive/MyDrive/MMVQA_Clinical/data/raw/kvasir_capsule/osfstorage/labelled_images/Blood - fresh/d369e4f163df4aba_13357.jpg,data/raw/kvasir_capsule/osfstorage/labelled_images/Blood - fresh/d369e4f163df4aba_13357.jpg,True,cf5fafa4076ab65c1776efd0e123f41371e58216c82421feab8b71507cdb5c72,336,336,\N
/content/drive/MyDrive/MMVQA_Clinical/data/raw/kvasir_capsule/osfstorage/labelled_images/Blood - fresh/d369e4f163df4aba_13373.jpg,data/raw/kvasir_capsule/osfstorage/labelled_images/Blood - fresh/d369e4f163df4aba_13373.jpg,True,920bdf63f0d0f9268f141281bfcef0bc8b5df7f86bd1410aeb48d20340a04af5,336,336,\N
/content/drive/MyDrive/MMVQA_Clinical/data/raw/kvasir_capsule/osfstorage/labelled_images/Blood - fresh/d369e4f163df4aba_13386.jpg,data/raw/kvasir_capsule/osfstorage/labelled_images/Blood - fresh/d369e4f163df4aba_13386.jpg,True,065766bf49ab0096ede0effb5092fb30071f063cd2a83bb8c2feac6a612a977b,336,336,\N
/content/drive/MyDrive/MMVQA_Clinical/data/raw/kvasir_capsule/osfstorage/labelled_images/Blood - fresh/d369e4f163df4aba_13415.jpg,data/raw/kvasir_capsule/osfstorage/labelled_images/Blood - fresh/d369e4f163df4aba_13415.jpg,True,4e090add2979fe00f6632e044bedaaa3a5727572012a6cbc1d0ce758467027c5,336,336,\N
/content/drive/MyDrive/MMVQA_Clinical/data/raw/kvasir_capsule/osfstorage/labelled_images/Blood - fresh/d369e4f163df4aba_13433.jpg,data/raw/kvasir_capsule/osfstorage/labelled_images/Blood - fresh/d369e4f163df4aba_13433.jpg,True,d82a461047a21092fe82d282f688e46a630edb4e5876b61ea1c25a886fc9683b,336,336,\N
/content/drive/MyDrive/MMVQA_Clinical/data/raw/kvasir_capsule/osfstorage/labelled_images/Blood - fresh/d369e4f163df4aba_13445.jpg,data/raw/kvasir_capsule/osfstorage/labelled_images/Blood - fresh/d369e4f163df4aba_13445.jpg,True,9666283209ea3e5260f6978b77679f2a61da46419bef0e885cf525ad4bbbddb3,336,336,\N
/content/drive/MyDrive/MMVQA_Clinical/data/raw/kvasir_capsule/osfstorage/labelled_images/Blood - fresh/d369e4f163df4aba_13475.jpg,data/raw/kvasir_capsule/osfstorage/labelled_images/Blood - fresh/d369e4f163df4aba_13475.jpg,True,4390d21cdff894cc92265bd6b1f95a0773152d99315cd2b92f4c42feb2990b67,336,336,\N
/content/drive/MyDrive/MMVQA_Clinical/data/raw/kvasir_capsule/osfstorage/labelled_images/Blood - fresh/d369e4f163df4aba_13505.jpg,data/raw/kvasir_capsule/osfstorage/labelled_images/Blood - fresh/d369e4f163df4aba_13505.jpg,True,b94b98ea2395be6038191c8fb864d9ddccf655470ac56d04759bd27b67704624,336,336,\N
/content/drive/MyDrive/MMVQA_Clinical/data/raw/kvasir_capsule/osfstorage/labelled_images/Blood - fresh/d369e4f163df4aba_13535.jpg,data/raw/kvasir_capsule/osfstorage/labelled_images/Blood - fresh/d369e4f163df4aba_13535.jpg,True,e407a22ddb9602d9d0550b53818067ece329803b9647105df07c3c6d925a7ef6,336,336,\N
/content/drive/MyDrive/MMVQA_Clinical/data/raw/kvasir_capsule/osfstorage/labelled_images/Blood - fresh/d369e4f163df4aba_14199.jpg,data/raw/kvasir_capsule/osfstorage/labelled_images/Blood - fresh/d369e4f163df4aba_14199.jpg,True,76cca07956f5c7d3a250c8b09f73d211685a9b6b9e931f9395ae120c90d2b64b,336,336,\N
/content/drive/MyDrive/MMVQA_Clinical/data/raw/kvasir_capsule/osfstorage/labelled_images/Blood - fresh/d369e4f163df4aba_14200.jpg,data/raw/kvasir_capsule/osfstorage/labelled_images/Blood - fresh/d369e4f163df4aba_14200.jpg,True,b656f975c78a5232d417b0c9865258c1e70b16c2af66b2f6a1c1c28711392b9b,336,336,\N
/content/drive/MyDrive/MMVQA_Clinical/data/raw/kvasir_capsule/osfstorage/labelled_images/Blood - fresh/d369e4f163df4aba_14209.jpg,data/raw/kvasir_capsule/osfstorage/labelled_images/Blood - fresh/d369e4f163df4aba_14209.jpg,True,9ae30ad471cb353aecfdf455c41fb9c8b1329f8827d4195b732feaaffd1e01a5,336,336,\N
/content/drive/MyDrive/MMVQA_Clinical/data/raw/kvasir_capsule/osfstorage/labelled_images/Blood - fresh/d369e4f163df4aba_14229.jpg,data/raw/kvasir_capsule/osfstorage/labelled_images/Blood - fresh/d369e4f163df4aba_14229.jpg,True,c0a41a0323c6e0edcfffd07b57e10e979b271b39734a64c8a99c877c97e35303,336,336,\N
/content/drive/MyDrive/MMVQA_Clinical/data/raw/kvasir_capsule/osfstorage/labelled_images/Blood - fresh/d369e4f163df4aba_14239.jpg,data/raw/kvasir_capsule/osfstorage/labelled_images/Blood - fresh/d369e4f163df4aba_14239.jpg,True,b4f3febcaf2515cfe612072045a27c7a2239dcd91a933afca01fa6e0b7ea73ee,336,336,\N
/content/drive/MyDrive/MMVQA_Clinical/data/raw/kvasir_capsule/osfstorage/labelled_images/Blood - fresh/d369e4f163df4aba_14244.jpg,data/raw/kvasir_capsule/osfstorage/labelled_images/Blood - fresh/d369e4f163df4aba_14244.jpg,True,c5b56f7754114234b338d4d1702fccbfe145a64208bd98b53175de594de73c9f,336,336,\N
/content/drive/MyDrive/MMVQA_Clinical/data/raw/kvasir_capsule/osfstorage/labelled_images/Blood - fresh/d369e4f163df4aba_14269.jpg,data/raw/kvasir_capsule/osfstorage/labelled_images/Blood - fresh/d369e4f163df4aba_14269.jpg,True,9b7c224574926e14b669988fbf1514751bf6b6161fb8842aa3dc7de4850b5cfa,336,336,\N
/content/drive/MyDrive/MMVQA_Clinical/data/raw/kvasir_capsule/osfstorage/labelled_images/Blood - fresh/d369e4f163df4aba_15577.jpg,data/raw/kvasir_capsule/osfstorage/labelled_images/Blood - fresh/d369e4f163df4aba_15577.jpg,True,2210ce1be27696a6ac13cda7c58dfbf0be38db01b055a08ae6923f0f21445a5a,336,336,\N
/content/drive/MyDrive/MMVQA_Clinical/data/raw/kvasir_capsule/osfstorage/labelled_images/Blood - fresh/d369e4f163df4aba_2111.jpg,data/raw/kvasir_capsule/osfstorage/labelled_images/Blood - fresh/d369e4f163df4aba_2111.jpg,True,fd2eb222891b4e8d3df15c47ae8511867de0a9b16df01c43923d91a67934c92a,336,336,\N
/content/drive/MyDrive/MMVQA_Clinical/data/raw/kvasir_capsule/osfstorage/labelled_images/Blood - fresh/d369e4f163df4aba_2128.jpg,data/raw/kvasir_capsule/osfstorage/labelled_images/Blood - fresh/d369e4f163df4aba_2128.jpg,True,f0092dbf3b0384c75d96889569bdf78715696696c05768d13860477a16f52402,336,336,\N
/content/drive/MyDrive/MMVQA_Clinical/data/raw/kvasir_capsule/osfstorage/labelled_images/Blood - fresh/d369e4f163df4aba_85979.jpg,data/raw/kvasir_capsule/osfstorage/labelled_images/Blood - fresh/d369e4f163df4aba_85979.jpg,True,bd56027f0572a81862679149fa4c79406f3896e000da98f25ae07ed79f3e25e9,336,336,\N
/content/drive/MyDrive/MMVQA_Clinical/data/raw/kvasir_capsule/osfstorage/labelled_images/Blood - fresh/d369e4f163df4aba_86013.jpg,data/raw/kvasir_capsule/osfstorage/labelled_images/Blood - fresh/d369e4f163df4aba_86013.jpg,True,69111ae3aa2bebfcd2533c672607ced60e97c8261885a875d1f036e7aa6ef467,336,336,\N
/content/drive/MyDrive/MMVQA_Clinical/data/raw/kvasir_capsule/osfstorage/labelled_images/Blood - fresh/d369e4f163df4aba_86024.jpg,data/raw/kvasir_capsule/osfstorage/labelled_images/Blood - fresh/d369e4f163df4aba_86024.jpg,True,728aebd1a531fa5e61b263f35bcc282520598ea11e2a3045f208e796a2f2ad26,336,336,\N
/content/drive/MyDrive/MMVQA_Clinical/data/raw/kvasir_capsule/osfstorage/labelled_images/Blood - fresh/d369e4f163df4aba_86025.jpg,data/raw/kvasir_capsule/osfstorage/labelled_images/Blood - fresh/d369e4f163df4aba_86025.jpg,True,7209507d3c18dfbafeeade18eb226eb64990d79c8e7ab4b100b1fd1be060b3d5,336,336,\N
/content/drive/MyDrive/MMVQA_Clinical/data/raw/kvasir_capsule/osfstorage/labelled_images/Blood - fresh/d369e4f163df4aba_86054.jpg,data/raw/kvasir_capsule/osfstorage/labelled_images/Blood - fresh/d369e4f163df4aba_86054.jpg,True,aa1cb845be38e868a126a189cfcdc3836c1291ee91539f8fd1324a149ae3bd48,336,336,\N
/content/drive/MyDrive/MMVQA_Clinical/data/raw/kvasir_capsule/osfstorage/labelled_images/Blood - fresh/d369e4f163df4aba_86065.jpg,data/raw/kvasir_capsule/osfstorage/labelled_images/Blood - fresh/d369e4f163df4aba_86065.jpg,True,e0369d416d300d86c4b531e5a3c45fb63237c0488d2459c2ae3d66d74c4bc409,336,336,\N
/content/drive/MyDrive/MMVQA_Clinical/data/raw/kvasir_capsule/osfstorage/labelled_images/Blood - fresh/d369e4f163df4aba_86103.jpg,data/raw/kvasir_capsule/osfstorage/labelled_images/Blood - fresh/d369e4f163df4aba_86103.jpg,True,70ba324baad2a2b4021161172348aa9cba6b6fc968e8225d1fa5c30b19360d34,336,336,\N
/content/drive/MyDrive/MMVQA_Clinical/data/raw/kvasir_capsule/osfstorage/labelled_images/Blood - fresh/d369e4f163df4aba_86114.jpg,data/raw/kvasir_capsule/osfstorage/labelled_images/Blood - fresh/d369e4f163df4aba_86114.jpg,True,83709343e92f96bfde3b05b32baa83a8255215b5c71acce15b4feb511bd5ad85,336,336,\N
/content/drive/MyDrive/MMVQA_Clinical/data/raw/kvasir_capsule/osfstorage/labelled_images/Blood - fresh/d369e4f163df4aba_86115.jpg,data/raw/kvasir_capsule/osfstorage/labelled_images/Blood - fresh/d369e4f163df4aba_86115.jpg,True,c2fa6184ceabab251bb5ad8c860407f86013db21e129b7035f2d25cc40c7da2a,336,336,\N
/content/drive/MyDrive/MMVQA_Clinical/data/raw/kvasir_capsule/osfstorage/labelled_images/Blood - fresh/d369e4f163df4aba_86130.jpg,data/raw/kvasir_capsule/osfstorage/labelled_images/Blood - fresh/d369e4f163df4aba_86130.jpg,True,c06b7a8090bb70daa89c92d0f06a3c6f71d4ce473d2446af5bcd1f0d678ea864,336,336,\N
/content/drive/MyDrive/MMVQA_Clinical/data/raw/kvasir_capsule/osfstorage/labelled_images/Blood - hematin/8ebf0e483cac48d6_1214.jpg,data/raw/kvasir_capsule/osfstorage/labelled_images/Blood - hematin/8ebf0e483cac48d6_1214.jpg,True,70ed7d51151069bc65f8ec3f6d94ab1d116ade77d066ccd95635c27f7ba7f6e9,336,336,\N
/content/drive/MyDrive/MMVQA_Clinical/data/raw/kvasir_capsule/osfstorage/labelled_images/Erosion/0531325b64674948_239.jpg,data/raw/kvasir_capsule/osfstorage/labelled_images/Erosion/0531325b64674948_239.jpg,True,9ba993d5b29f639c052c44ded9fbac7ee5855a1ae5310169d9283b4e78635145,336,336,\N
/content/drive/MyDrive/MMVQA_Clinical/data/raw/kvasir_capsule/osfstorage/labelled_images/Erosion/0728084c8da942d9_27120.jpg,data/raw/kvasir_capsule/osfstorage/labelled_images/Erosion/0728084c8da942d9_27120.jpg,True,f5fe05c734740450305ce23142c5abd570737a0c817d16c2ec37a81ad91e41d7,336,336,\N
/content/drive/MyDrive/MMVQA_Clinical/data/raw/kvasir_capsule/osfstorage/labelled_images/Erosion/0728084c8da942d9_27177.jpg,data/raw/kvasir_capsule/osfstorage/labelled_images/Erosion/0728084c8da942d9_27177.jpg,True,94daab993f0a0e3e7693bd811123d3b06ea8063f287c2cc0929248ed1622412f,336,336,\N
/content/drive/MyDrive/MMVQA_Clinical/data/raw/kvasir_capsule/osfstorage/labelled_images/Erosion/0728084c8da942d9_28686.jpg,data/raw/kvasir_capsule/osfstorage/labelled_images/Erosion/0728084c8da942d9_28686.jpg,True,5de819d1f4464cf34053fc96e4cf4fc5387062e723d4c4d2d03c44e87d5d2ea9,336,336,\N
/content/drive/MyDrive/MMVQA_Clinical/data/raw/kvasir_capsule/osfstorage/labelled_images/Erosion/0728084c8da942d9_28693.jpg,data/raw/kvasir_capsule/osfstorage/labelled_images/Erosion/0728084c8da942d9_28693.jpg,True,a8aebb52d741175e44aa8a9b4bcffb1fd0f70b8f918b533812c03bb6bd627a7c,336,336,\N
/content/drive/MyDrive/MMVQA_Clinical/data/raw/kvasir_capsule/osfstorage/labelled_images/Erosion/0728084c8da942d9_28739.jpg,data/raw/kvasir_capsule/osfstorage/labelled_images/Erosion/0728084c8da942d9_28739.jpg,True,cd93354157377063e67b85718ae80786ee898886d184d546d1b6e6e98a6e4114,336,336,\N
/content/drive/MyDrive/MMVQA_Clinical/data/raw/kvasir_capsule/osfstorage/labelled_images/Erosion/0728084c8da942d9_28746.jpg,data/raw/kvasir_capsule/osfstorage/labelled_images/Erosion/0728084c8da942d9_28746.jpg,True,fff755c61a4fc1f00c755ace9ff22bcb55de9b335334e021894b13649c7c0a4f,336,336,\N
/content/drive/MyDrive/MMVQA_Clinical/data/raw/kvasir_capsule/osfstorage/labelled_images/Erosion/0728084c8da942d9_28753.jpg,data/raw/kvasir_capsule/osfstorage/labelled_images/Erosion/0728084c8da942d9_28753.jpg,True,20154fe0568319879b2589cf2342b5400188934ebc9c76f3190b60653b0351a5,336,336,\N
/content/drive/MyDrive/MMVQA_Clinical/data/raw/kvasir_capsule/osfstorage/labelled_images/Erosion/0728084c8da942d9_28758.jpg,data/raw/kvasir_capsule/osfstorage/labelled_images/Erosion/0728084c8da942d9_28758.jpg,True,9a1a44457253e34f5277b1a12012d4dc741eed3b19421b5b76aa7e77bb1fa3ed,336,336,\N
/content/drive/MyDrive/MMVQA_Clinical/data/raw/kvasir_capsule/osfstorage/labelled_images/Erosion/0728084c8da942d9_28761.jpg,data/raw/kvasir_capsule/osfstorage/labelled_images/Erosion/0728084c8da942d9_28761.jpg,True,2f9699ee5d038f85992aaee805691c5e0a2adde62318cbf0d72eafe69b22c94b,336,336,\N
/content/drive/MyDrive/MMVQA_Clinical/data/raw/kvasir_capsule/osfstorage/labelled_images/Erosion/0728084c8da942d9_28788.jpg,data/raw/kvasir_capsule/osfstorage/labelled_images/Erosion/0728084c8da942d9_28788.jpg,True,b977f568d283645d5400d5c338cb3f86c70d58cc7cda57a3e824e23c264bc254,336,336,\N
/content/drive/MyDrive/MMVQA_Clinical/data/raw/kvasir_capsule/osfstorage/labelled_images/Erosion/0728084c8da942d9_28799.jpg,data/raw/kvasir_capsule/osfstorage/labelled_images/Erosion/0728084c8da942d9_28799.jpg,True,ddc8aa1e2d53ab1efefa9bd4183f17041777d028a9edd26b179427b45bf337bb,336,336,\N
/content/drive/MyDrive/MMVQA_Clinical/data/raw/kvasir_capsule/osfstorage/labelled_images/Erosion/0728084c8da942d9_28924.jpg,data/raw/kvasir_capsule/osfstorage/labelled_images/Erosion/0728084c8da942d9_28924.jpg,True,f8f884c0c57c797d800e441c93c92d61fd2702f9871d123b786ce1bf0a53404a,336,336,\N
/content/drive/MyDrive/MMVQA_Clinical/data/raw/kvasir_capsule/osfstorage/labelled_images/Erosion/0728084c8da942d9_29991.jpg,data/raw/kvasir_capsule/osfstorage/labelled_images/Erosion/0728084c8da942d9_29991.jpg,True,b1c864c656ba2b440bc922b2d9c6a4f7fada8075621e084b7f84fb7e3ddf343c,336,336,\N
/content/drive/MyDrive/MMVQA_Clinical/data/raw/kvasir_capsule/osfstorage/labelled_images/Erosion/5e59c7fdb16c4228_32326.jpg,data/raw/kvasir_capsule/osfstorage/labelled_images/Erosion/5e59c7fdb16c4228_32326.jpg,True,78270ca97785c9b9bc06fae71dec6918243642120b32a086a2e6ac9275c8fe19,336,336,\N
/content/drive/MyDrive/MMVQA_Clinical/data/raw/kvasir_capsule/osfstorage/labelled_images/Erosion/5e59c7fdb16c4228_32336.jpg,data/raw/kvasir_capsule/osfstorage/labelled_images/Erosion/5e59c7fdb16c4228_32336.jpg,True,171592ce67cb27a882a84e10f19cb20a1c13fb9126021a449ed114b5523650d0,336,336,\N
/content/drive/MyDrive/MMVQA_Clinical/data/raw/kvasir_capsule/osfstorage/labelled_images/Erosion/5e59c7fdb16c4228_36152.jpg,data/raw/kvasir_capsule/osfstorage/labelled_images/Erosion/5e59c7fdb16c4228_36152.jpg,True,859f85eb8cdebfabfaecb4ee9ea3655f3b58724e70d3c0071e832da524dfa20a,336,336,\N
/content/drive/MyDrive/MMVQA_Clinical/data/raw/kvasir_capsule/osfstorage/labelled_images/Erosion/5e59c7fdb16c4228_37514.jpg,data/raw/kvasir_capsule/osfstorage/labelled_images/Erosion/5e59c7fdb16c4228_37514.jpg,True,97d5f5bcc368a8cfecfc60e4e0bbdfc6accd1269f2037b7461cdc28628e3744e,336,336,\N
/content/drive/MyDrive/MMVQA_Clinical/data/raw/kvasir_capsule/osfstorage/labelled_images/Erosion/5e59c7fdb16c4228_37752.jpg,data/raw/kvasir_capsule/osfstorage/labelled_images/Erosion/5e59c7fdb16c4228_37752.jpg,True,b203fdc35522dc31495dfa91acd16fd47ee1aef83ffde4fd3dcc13445e3c377e,336,336,\N
/content/drive/MyDrive/MMVQA_Clinical/data/raw/kvasir_capsule/osfstorage/labelled_images/Erosion/5e59c7fdb16c4228_37766.jpg,data/raw/kvasir_capsule/osfstorage/labelled_images/Erosion/5e59c7fdb16c4228_37766.jpg,True,0e0309af002120772f1ceecd78248f83625eae49e4248f59f06f8378148b8938,336,336,\N
/content/drive/MyDrive/MMVQA_Clinical/data/raw/kvasir_capsule/osfstorage/labelled_images/Erosion/5e59c7fdb16c4228_38264.jpg,data/raw/kvasir_capsule/osfstorage/labelled_images/Erosion/5e59c7fdb16c4228_38264.jpg,True,c02b4690bb1736ccbd748f686c642718895ca85c2a180e0da72372b2e3aee830,336,336,\N
/content/drive/MyDrive/MMVQA_Clinical/data/raw/kvasir_capsule/osfstorage/labelled_images/Erosion/5e59c7fdb16c4228_38474.jpg,data/raw/kvasir_capsule/osfstorage/labelled_images/Erosion/5e59c7fdb16c4228_38474.jpg,True,3864117ae70f8faeb6e33e9cfbf78047eb9b45bd4a3117dd5ebf00d907cfe625,336,336,\N
/content/drive/MyDrive/MMVQA_Clinical/data/raw/kvasir_capsule/osfstorage/labelled_images/Erosion/8ebf0e483cac48d6_11686.jpg,data/raw/kvasir_capsule/osfstorage/labelled_images/Erosion/8ebf0e483cac48d6_11686.jpg,True,dbb7128861859e066c05c6a389431d3ba9dbfa18700316c28bf84d6182b63b84,336,336,\N
/content/drive/MyDrive/MMVQA_Clinical/data/raw/kvasir_capsule/osfstorage/labelled_images/Erosion/8ebf0e483cac48d6_13448.jpg,data/raw/kvasir_capsule/osfstorage/labelled_images/Erosion/8ebf0e483cac48d6_13448.jpg,True,2891f39c82e1563c4247b6b5a9a0b52b87d3d85f42e3506d91fba7218d6f8dfb,336,336,\N
/content/drive/MyDrive/MMVQA_Clinical/data/raw/kvasir_capsule/osfstorage/labelled_images/Erosion/8ebf0e483cac48d6_21587.jpg,data/raw/kvasir_capsule/osfstorage/labelled_images/Erosion/8ebf0e483cac48d6_21587.jpg,True,bbab64ccdbe9c93d17a4c23011ca07e6acd0f2f2fee5163582cbe85cf1990904,336,336,\N
/content/drive/MyDrive/MMVQA_Clinical/data/raw/kvasir_capsule/osfstorage/labelled_images/Erosion/8ebf0e483cac48d6_29207.jpg,data/raw/kvasir_capsule/osfstorage/labelled_images/Erosion/8ebf0e483cac48d6_29207.jpg,True,78b0a4b4f1fe92b4c12d11f3f15ea2271dda5ccc07480ace5786d3cc5ddad13d,336,336,\N
/content/drive/MyDrive/MMVQA_Clinical/data/raw/kvasir_capsule/osfstorage/labelled_images/Erosion/8ebf0e483cac48d6_29537.jpg,data/raw/kvasir_capsule/osfstorage/labelled_images/Erosion/8ebf0e483cac48d6_29537.jpg,True,a51221b71aa76334932bd8c32bf211444196e0a377fc783a2c6c106700d00abf,336,336,\N
/content/drive/MyDrive/MMVQA_Clinical/data/raw/kvasir_capsule/osfstorage/labelled_images/Erosion/8ebf0e483cac48d6_29555.jpg,data/raw/kvasir_capsule/osfstorage/labelled_images/Erosion/8ebf0e483cac48d6_29555.jpg,True,406c1f4bf4e1b66efb674ff9345675a176824a0e3ddd3bf4dcc3c9b6a0599237,336,336,\N
/content/drive/MyDrive/MMVQA_Clinical/data/raw/kvasir_capsule/osfstorage/labelled_images/Erosion/8ebf0e483cac48d6_29688.jpg,data/raw/kvasir_capsule/osfstorage/labelled_images/Erosion/8ebf0e483cac48d6_29688.jpg,True,51314e5a041541e27cedbe3b992386a190e5797f566935c16fe7694d67067855,336,336,\N
/content/drive/MyDrive/MMVQA_Clinical/data/raw/kvasir_capsule/osfstorage/labelled_images/Erosion/bca26705313a4644_16011.jpg,data/raw/kvasir_capsule/osfstorage/labelled_images/Erosion/bca26705313a4644_16011.jpg,True,09b58b17721e7038aa65753d038b6c1e4a786a05f417ffa81c9901957de88208,336,336,\N
/content/drive/MyDrive/MMVQA_Clinical/data/raw/kvasir_capsule/osfstorage/labelled_images/Erosion/bca26705313a4644_16051.jpg,data/raw/kvasir_capsule/osfstorage/labelled_images/Erosion/bca26705313a4644_16051.jpg,True,609f2f9fd2c1d14bbf9ca720a451c6c960cfaab3b46b3bdc848e5f0a8a09f2e1,336,336,\N
/content/drive/MyDrive/MMVQA_Clinical/data/raw/kvasir_capsule/osfstorage/labelled_images/Erosion/bca26705313a4644_16061.jpg,data/raw/kvasir_capsule/osfstorage/labelled_images/Erosion/bca26705313a4644_16061.jpg,True,f730ed4ac21f01da019b538c14ba56032871cab74cbd4712d5108a4dafb30dc5,336,336,\N
/content/drive/MyDrive/MMVQA_Clinical/data/raw/kvasir_capsule/osfstorage/labelled_images/Erosion/bca26705313a4644_16074.jpg,data/raw/kvasir_capsule/osfstorage/labelled_images/Erosion/bca26705313a4644_16074.jpg,True,77059d7fa6610f8cbc583d7ed8612c1e1ce694450d071385094ef1f76c242318,336,336,\N
/content/drive/MyDrive/MMVQA_Clinical/data/raw/kvasir_capsule/osfstorage/labelled_images/Erosion/bca26705313a4644_16139.jpg,data/raw/kvasir_capsule/osfstorage/labelled_images/Erosion/bca26705313a4644_16139.jpg,True,471dfa0246827402404cb05e0fefb0c6a1a5bb1fecfb8c70727fe3e225861bb2,336,336,\N
/content/drive/MyDrive/MMVQA_Clinical/data/raw/kvasir_capsule/osfstorage/labelled_images/Erosion/bca26705313a4644_16140.jpg,data/raw/kvasir_capsule/osfstorage/labelled_images/Erosion/bca26705313a4644_16140.jpg,True,54fd749fa590dd02b0c0759d3421356a488119c8b9811a4ea4a449b1ba9de29a,336,336,\N
/content/drive/MyDrive/MMVQA_Clinical/data/raw/kvasir_capsule/osfstorage/labelled_images/Erosion/bca26705313a4644_16147.jpg,data/raw/kvasir_capsule/osfstorage/labelled_images/Erosion/bca26705313a4644_16147.jpg,True,7380bad7116803e9e623e4b57683019f3a561e3a59470ecb86340ae09bea44a4,336,336,\N
/content/drive/MyDrive/MMVQA_Clinical/data/raw/kvasir_capsule/osfstorage/labelled_images/Erosion/bca26705313a4644_16153.jpg,data/raw/kvasir_capsule/osfstorage/labelled_images/Erosion/bca26705313a4644_16153.jpg,True,f3c79fe296b35bc06d9724997958cdb18e07f49a170432ca8c9fdc5929609f6d,336,336,\N
/content/drive/MyDrive/MMVQA_Clinical/data/raw/kvasir_capsule/osfstorage/labelled_images/Erosion/bca26705313a4644_16169.jpg,data/raw/kvasir_capsule/osfstorage/labelled_images/Erosion/bca26705313a4644_16169.jpg,True,f31b36519d4f1cfff832ff6ed427ad91643cf6e3da5ec19af2cfaf0248ab983b,336,336,\N
/content/drive/MyDrive/MMVQA_Clinical/data/raw/kvasir_capsule/osfstorage/labelled_images/Erosion/bca26705313a4644_16170.jpg,data/raw/kvasir_capsule/osfstorage/labelled_images/Erosion/bca26705313a4644_16170.jpg,True,3453d894b4d6197f6ffa3c25afbdc18db7ab610ac4469790d9ba737a07b60f18,336,336,\N
/content/drive/MyDrive/MMVQA_Clinical/data/raw/kvasir_capsule/osfstorage/labelled_images/Erosion/bca26705313a4644_16392.jpg,data/raw/kvasir_capsule/osfstorage/labelled_images/Erosion/bca26705313a4644_16392.jpg,True,aba9d3d5f629d09bb9b159e5f64976dd16bf13dbc9eb9ea1e9bdc43c2740c773,336,336,\N
/content/drive/MyDrive/MMVQA_Clinical/data/raw/kvasir_capsule/osfstorage/labelled_images/Erosion/bca26705313a4644_16396.jpg,data/raw/kvasir_capsule/osfstorage/labelled_images/Erosion/bca26705313a4644_16396.jpg,True,17d619956872eea9238f8914c488c732461d18b211d63d1ab74534a49c244896,336,336,\N
/content/drive/MyDrive/MMVQA_Clinical/data/raw/kvasir_capsule/osfstorage/labelled_images/Erosion/bca26705313a4644_16400.jpg,data/raw/kvasir_capsule/osfstorage/labelled_images/Erosion/bca26705313a4644_16400.jpg,True,eefd482e6f956a7d3d90d1ea938e7e50f6ec43bbeefbc5605171ed7c1ca8f6c7,336,336,\N
/content/drive/MyDrive/MMVQA_Clinical/data/raw/kvasir_capsule/osfstorage/labelled_images/Erosion/bca26705313a4644_16406.jpg,data/raw/kvasir_capsule/osfstorage/labelled_images/Erosion/bca26705313a4644_16406.jpg,True,a7a3330cdc9eefc0ccfc159f1ea3b3b96842887f2ac78ab2635740400976d91f,336,336,\N
/content/drive/MyDrive/MMVQA_Clinical/data/raw/kvasir_capsule/osfstorage/labelled_images/Erosion/bca26705313a4644_18066.jpg,data/raw/kvasir_capsule/osfstorage/labelled_images/Erosion/bca26705313a4644_18066.jpg,True,c5659c9217b5841d6d9ce44d53c5f2f52c37d41f511d01fad64f925c77803ea5,336,336,\N
/content/drive/MyDrive/MMVQA_Clinical/data/raw/kvasir_capsule/osfstorage/labelled_images/Erosion/bca26705313a4644_18111.jpg,data/raw/kvasir_capsule/osfstorage/labelled_images/Erosion/bca26705313a4644_18111.jpg,True,c99eda3e5344909ebadfd6c7194ae16c1ebea4f730bd6c4ae436ecdafd0fe064,336,336,\N
/content/drive/MyDrive/MMVQA_Clinical/data/raw/kvasir_capsule/osfstorage/labelled_images/Erosion/bca26705313a4644_18130.jpg,data/raw/kvasir_capsule/osfstorage/labelled_images/Erosion/bca26705313a4644_18130.jpg,True,e254f2722ec52a8003eef7be4b283f2316e46fe726b48eca82eb93e79e910e99,336,336,\N
/content/drive/MyDrive/MMVQA_Clinical/data/raw/kvasir_capsule/osfstorage/labelled_images/Erosion/bca26705313a4644_18132.jpg,data/raw/kvasir_capsule/osfstorage/labelled_images/Erosion/bca26705313a4644_18132.jpg,True,bcbb343a49c26fb5d9aead2c578cb39632548018a3f3714f29771c4e8cf301d2,336,336,\N
/content/drive/MyDrive/MMVQA_Clinical/data/raw/kvasir_capsule/osfstorage/labelled_images/Erosion/bca26705313a4644_18165.jpg,data/raw/kvasir_capsule/osfstorage/labelled_images/Erosion/bca26705313a4644_18165.jpg,True,a7ab7a1c09a1c37c6d59fd008c7b3a348da0e520ed09dabd783243d258ffb457,336,336,\N
/content/drive/MyDrive/MMVQA_Clinical/data/raw/kvasir_capsule/osfstorage/labelled_images/Erosion/bca26705313a4644_18180.jpg,data/raw/kvasir_capsule/osfstorage/labelled_images/Erosion/bca26705313a4644_18180.jpg,True,7049913222d9047c3ce506c55048dffd7441fe21ed7d688d4013f6a8c8f32330,336,336,\N
/content/drive/MyDrive/MMVQA_Clinical/data/raw/kvasir_capsule/osfstorage/labelled_images/Erosion/bca26705313a4644_18190.jpg,data/raw/kvasir_capsule/osfstorage/labelled_images/Erosion/bca26705313a4644_18190.jpg,True,854e4fb4a1b84bfdaa80b4f4939ddca85d60294206ee303adfc304e367f30ab3,336,336,\N
/content/drive/MyDrive/MMVQA_Clinical/data/raw/kvasir_capsule/osfstorage/labelled_images/Erosion/bca26705313a4644_20403.jpg,data/raw/kvasir_capsule/osfstorage/labelled_images/Erosion/bca26705313a4644_20403.jpg,True,5d92ca1d7f72468ec427c5b80d89c5eaa5c43370c4a38cd4d66718096b4a817f,336,336,\N
/content/drive/MyDrive/MMVQA_Clinical/data/raw/kvasir_capsule/osfstorage/labelled_images/Erosion/d626f4f4a5ac4785_13423.jpg,data/raw/kvasir_capsule/osfstorage/labelled_images/Erosion/d626f4f4a5ac4785_13423.jpg,True,674fca9ca635c0da080aa4e9178247d1ed5d712397b90b36e6e28e1e8e67c5df,336,336,\N
/content/drive/MyDrive/MMVQA_Clinical/data/raw/kvasir_capsule/osfstorage/labelled_images/Erosion/d626f4f4a5ac4785_50041.jpg,data/raw/kvasir_capsule/osfstorage/labelled_images/Erosion/d626f4f4a5ac4785_50041.jpg,True,4c5238e171d503502d7743a1e8b5a40339551e183ff33abc7fb986d7e11dfa83,336,336,\N
/content/drive/MyDrive/MMVQA_Clinical/data/raw/kvasir_capsule/osfstorage/labelled_images/Erosion/d626f4f4a5ac4785_50055.jpg,data/raw/kvasir_capsule/osfstorage/labelled_images/Erosion/d626f4f4a5ac4785_50055.jpg,True,32aa514bf06809453fb8b78263a401c36b388c5cee5a5240dd112d0d8b2bded3,336,336,\N
/content/drive/MyDrive/MMVQA_Clinical/data/raw/kvasir_capsule/osfstorage/labelled_images/Erosion/d626f4f4a5ac4785_50056.jpg,data/raw/kvasir_capsule/osfstorage/labelled_images/Erosion/d626f4f4a5ac4785_50056.jpg,True,c54dfc3ee6f542e88ee7268ac0217f975d255f5c7b620598aa8f84ee1f282701,336,336,\N
/content/drive/MyDrive/MMVQA_Clinical/data/raw/kvasir_capsule/osfstorage/labelled_images/Erosion/d626f4f4a5ac4785_50058.jpg,data/raw/kvasir_capsule/osfstorage/labelled_images/Erosion/d626f4f4a5ac4785_50058.jpg,True,3870ba4eb1cc5ee8de5f3893b77326abc7ccd1b744a673d5936070b39244d34d,336,336,\N
/content/drive/MyDrive/MMVQA_Clinical/data/raw/kvasir_capsule/osfstorage/labelled_images/Erosion/d626f4f4a5ac4785_50085.jpg,data/raw/kvasir_capsule/osfstorage/labelled_images/Erosion/d626f4f4a5ac4785_50085.jpg,True,84420003895120fe8c204c26c949aae85957bfb49424f0e85eb7a8ff22a7aa9a,336,336,\N
/content/drive/MyDrive/MMVQA_Clinical/data/raw/kvasir_capsule/osfstorage/labelled_images/Erosion/d626f4f4a5ac4785_50086.jpg,data/raw/kvasir_capsule/osfstorage/labelled_images/Erosion/d626f4f4a5ac4785_50086.jpg,True,9c6e52d980ee7aad5853d52ad5e0a738d0d2ba1c6ca963b520ce05bdd036b966,336,336,\N
/content/drive/MyDrive/MMVQA_Clinical/data/raw/kvasir_capsule/osfstorage/labelled_images/Erosion/d626f4f4a5ac4785_50090.jpg,data/raw/kvasir_capsule/osfstorage/labelled_images/Erosion/d626f4f4a5ac4785_50090.jpg,True,dab52c751fcfc23c8011f946769928fca0060373292c769ce31f63ffed1ca177,336,336,\N
/content/drive/MyDrive/MMVQA_Clinical/data/raw/kvasir_capsule/osfstorage/labelled_images/Erosion/d626f4f4a5ac4785_50092.jpg,data/raw/kvasir_capsule/osfstorage/labelled_images/Erosion/d626f4f4a5ac4785_50092.jpg,True,eb19bdb993e2469e03b4ddc9f709958e04a973e070c40fe6f3a3b7fb77b6d335,336,336,\N
/content/drive/MyDrive/MMVQA_Clinical/data/raw/kvasir_capsule/osfstorage/labelled_images/Erosion/d626f4f4a5ac4785_50178.jpg,data/raw/kvasir_capsule/osfstorage/labelled_images/Erosion/d626f4f4a5ac4785_50178.jpg,True,b578ca3c730e91b7dee15fb0f8912e851aa1e7414e778c36df93066ee32f0b8b,336,336,\N
/content/drive/MyDrive/MMVQA_Clinical/data/raw/kvasir_capsule/osfstorage/labelled_images/Erosion/d626f4f4a5ac4785_50181.jpg,data/raw/kvasir_capsule/osfstorage/labelled_images/Erosion/d626f4f4a5ac4785_50181.jpg,True,53ede9ebcd75ba1508a6b4269216ad06c22f7fd4d7cce16b71fcba469f34c297,336,336,\N
/content/drive/MyDrive/MMVQA_Clinical/data/raw/kvasir_capsule/osfstorage/labelled_images/Erosion/d626f4f4a5ac4785_50196.jpg,data/raw/kvasir_capsule/osfstorage/labelled_images/Erosion/d626f4f4a5ac4785_50196.jpg,True,e46881f23b0c1f6f77fa4bfd94c6f90730fe35d297c3049e66993c2272f1de6e,336,336,\N
/content/drive/MyDrive/MMVQA_Clinical/data/raw/kvasir_capsule/osfstorage/labelled_images/Erosion/d626f4f4a5ac4785_50202.jpg,data/raw/kvasir_capsule/osfstorage/labelled_images/Erosion/d626f4f4a5ac4785_50202.jpg,True,5977f6d8d7708a45dd9415fffba316576a3a0a6d94513a34844884b1e9aa7cab,336,336,\N
/content/drive/MyDrive/MMVQA_Clinical/data/raw/kvasir_capsule/osfstorage/labelled_images/Erosion/d626f4f4a5ac4785_50228.jpg,data/raw/kvasir_capsule/osfstorage/labelled_images/Erosion/d626f4f4a5ac4785_50228.jpg,True,f5799126f73cc55bb259d56bf359622cc6e7a519e5a135280dd5395f74dc51a3,336,336,\N
/content/drive/MyDrive/MMVQA_Clinical/data/raw/kvasir_capsule/osfstorage/labelled_images/Erosion/dac1e27f7e4d4ef5_1756.jpg,data/raw/kvasir_capsule/osfstorage/labelled_images/Erosion/dac1e27f7e4d4ef5_1756.jpg,True,3c712d1003793e51734b953c6ec3d0e96e1e27c3130c47bcccf172a5e98ccba9,336,336,\N
/content/drive/MyDrive/MMVQA_Clinical/data/raw/kvasir_capsule/osfstorage/labelled_images/Erosion/dac1e27f7e4d4ef5_2400.jpg,data/raw/kvasir_capsule/osfstorage/labelled_images/Erosion/dac1e27f7e4d4ef5_2400.jpg,True,0920b21daa2b4944933c6ec1a3af9bfafcec39316016b2eab9173973b5d5f81f,336,336,\N
/content/drive/MyDrive/MMVQA_Clinical/data/raw/kvasir_capsule/osfstorage/labelled_images/Erosion/dac1e27f7e4d4ef5_2929.jpg,data/raw/kvasir_capsule/osfstorage/labelled_images/Erosion/dac1e27f7e4d4ef5_2929.jpg,True,b1af85edae38143049640cbe0153d7be5b1aacb1a68c959be9d9f09d1249f729,336,336,\N
/content/drive/MyDrive/MMVQA_Clinical/data/raw/kvasir_capsule/osfstorage/labelled_images/Erosion/dac1e27f7e4d4ef5_3382.jpg,data/raw/kvasir_capsule/osfstorage/labelled_images/Erosion/dac1e27f7e4d4ef5_3382.jpg,True,a3a5c118c3c29de992cc3a74eb668a4de91e74cbaa4b7de24f582f2de56f0b58,336,336,\N
/content/drive/MyDrive/MMVQA_Clinical/data/raw/kvasir_capsule/osfstorage/labelled_images/Erosion/dac1e27f7e4d4ef5_3386.jpg,data/raw/kvasir_capsule/osfstorage/labelled_images/Erosion/dac1e27f7e4d4ef5_3386.jpg,True,98be1d7dbb35f556c866c60d5bc9899021ff48479ea8a3bb545c665ad27a5c52,336,336,\N
/content/drive/MyDrive/MMVQA_Clinical/data/raw/kvasir_capsule/osfstorage/labelled_images/Erosion/dac1e27f7e4d4ef5_3392.jpg,data/raw/kvasir_capsule/osfstorage/labelled_images/Erosion/dac1e27f7e4d4ef5_3392.jpg,True,eacac86eb1942a9de1c694cf2444f9186131ecc585390431e61981a73b00a1b6,336,336,\N
/content/drive/MyDrive/MMVQA_Clinical/data/raw/kvasir_capsule/osfstorage/labelled_images/Erosion/dac1e27f7e4d4ef5_3402.jpg,data/raw/kvasir_capsule/osfstorage/labelled_images/Erosion/dac1e27f7e4d4ef5_3402.jpg,True,7c752db9697aa907161d994241cc0c21b96006a7187e6951e5f996cfee44023f,336,336,\N
/content/drive/MyDrive/MMVQA_Clinical/data/raw/kvasir_capsule/osfstorage/labelled_images/Erosion/eb0203196e284797_1126.jpg,data/raw/kvasir_capsule/osfstorage/labelled_images/Erosion/eb0203196e284797_1126.jpg,True,ed90642b85c4b518655669a9acf311366f11f33bf11e4884e38929791e5e8cd8,336,336,\N
/content/drive/MyDrive/MMVQA_Clinical/data/raw/kvasir_capsule/osfstorage/labelled_images/Erosion/eb0203196e284797_1131.jpg,data/raw/kvasir_capsule/osfstorage/labelled_images/Erosion/eb0203196e284797_1131.jpg,True,111b0ced5b4d69ad196098abd7f27227a6a1dcbd866982713c35b556bc0a1fcf,336,336,\N
/content/drive/MyDrive/MMVQA_Clinical/data/raw/kvasir_capsule/osfstorage/labelled_images/Erosion/eb0203196e284797_1136.jpg,data/raw/kvasir_capsule/osfstorage/labelled_images/Erosion/eb0203196e284797_1136.jpg,True,9eba703dd83db615ef160ae21f0a0a3db205d17902f5937b60c5f1aac1172f6a,336,336,\N
/content/drive/MyDrive/MMVQA_Clinical/data/raw/kvasir_capsule/osfstorage/labelled_images/Erosion/eb0203196e284797_2340.jpg,data/raw/kvasir_capsule/osfstorage/labelled_images/Erosion/eb0203196e284797_2340.jpg,True,8392d37c460b865bb7ded54218379d70397c7524bdde29150d9123b7ee4e3cb1,336,336,\N
/content/drive/MyDrive/MMVQA_Clinical/data/raw/kvasir_capsule/osfstorage/labelled_images/Erosion/eb0203196e284797_2380.jpg,data/raw/kvasir_capsule/osfstorage/labelled_images/Erosion/eb0203196e284797_2380.jpg,True,1818ff359f0d172b9a4ac5654e1be596dd8f329d2a8736ebbc401d3426c13bbb,336,336,\N
/content/drive/MyDrive/MMVQA_Clinical/data/raw/kvasir_capsule/osfstorage/labelled_images/Erosion/eb0203196e284797_6174.jpg,data/raw/kvasir_capsule/osfstorage/labelled_images/Erosion/eb0203196e284797_6174.jpg,True,ea245e9076ef2dc94538fa91cb192067c900f34a1aaff96f3e5a538582e6bb2f,336,336,\N
/content/drive/MyDrive/MMVQA_Clinical/data/raw/kvasir_capsule/osfstorage/labelled_images/Erosion/eb0203196e284797_6184.jpg,data/raw/kvasir_capsule/osfstorage/labelled_images/Erosion/eb0203196e284797_6184.jpg,True,17ee1f2c9edd574db05016e483efc31a241d2869bae83f60a7d4673c6117dc0b,336,336,\N
/content/drive/MyDrive/MMVQA_Clinical/data/raw/kvasir_capsule/osfstorage/labelled_images/Erosion/eb0203196e284797_6204.jpg,data/raw/kvasir_capsule/osfstorage/labelled_images/Erosion/eb0203196e284797_6204.jpg,True,ea0c3afb884e0561dbd6554eeac8bd2129d650f8f25c87239b55c9ebfe9c03e4,336,336,\N
/content/drive/MyDrive/MMVQA_Clinical/data/raw/kvasir_capsule/osfstorage/labelled_images/Erosion/eb0203196e284797_6244.jpg,data/raw/kvasir_capsule/osfstorage/labelled_images/Erosion/eb0203196e284797_6244.jpg,True,e4e47cee8615f433e27089f96ae82ecc1aaac6c07de45b11875df037adfb85bb,336,336,\N
/content/drive/MyDrive/MMVQA_Clinical/data/raw/kvasir_capsule/osfstorage/labelled_images/Erosion/eb0203196e284797_6257.jpg,data/raw/kvasir_capsule/osfstorage/labelled_images/Erosion/eb0203196e284797_6257.jpg,True,2b285869f12a6d88d3ac0cb9f118188cbcf6a0dcd3239294592002e506ca9161,336,336,\N
/content/drive/MyDrive/MMVQA_Clinical/data/raw/kvasir_capsule/osfstorage/labelled_images/Erosion/fb86bc87d3874cd7_357.jpg,data/raw/kvasir_capsule/osfstorage/labelled_images/Erosion/fb86bc87d3874cd7_357.jpg,True,af3a8caddda30756377c3d0425757867261d4e0dac04ab897b0b93891975aa5a,336,336,\N
/content/drive/MyDrive/MMVQA_Clinical/data/raw/kvasir_capsule/osfstorage/labelled_images/Erosion/fb86bc87d3874cd7_362.jpg,data/raw/kvasir_capsule/osfstorage/labelled_images/Erosion/fb86bc87d3874cd7_362.jpg,True,b3abca893f4095355968e5cbc02fe22515184e294e551a49b8541a7b1337f111,336,336,\N
/content/drive/MyDrive/MMVQA_Clinical/data/raw/kvasir_capsule/osfstorage/labelled_images/Erosion/fb86bc87d3874cd7_454.jpg,data/raw/kvasir_capsule/osfstorage/labelled_images/Erosion/fb86bc87d3874cd7_454.jpg,True,5d37ec8d5f1e476e5ccd1338ba76cdea3648fe8ca0c3a231c2b90a8a26c11df0,336,336,\N
/content/drive/MyDrive/MMVQA_Clinical/data/raw/kvasir_capsule/osfstorage/labelled_images/Erosion/fb86bc87d3874cd7_676.jpg,data/raw/kvasir_capsule/osfstorage/labelled_images/Erosion/fb86bc87d3874cd7_676.jpg,True,864352c7e96d071200f09442e24112b951f278b7462d8335ac622cff78749155,336,336,\N
/content/drive/MyDrive/MMVQA_Clinical/data/raw/kvasir_capsule/osfstorage/labelled_images/Erosion/fb86bc87d3874cd7_683.jpg,data/raw/kvasir_capsule/osfstorage/labelled_images/Erosion/fb86bc87d3874cd7_683.jpg,True,790687169f73a89f85a367e5302238323f5ecd75d0d56f3727acfa2972cbb421,336,336,\N
/content/drive/MyDrive/MMVQA_Clinical/data/raw/kvasir_capsule/osfstorage/labelled_images/Erosion/fb86bc87d3874cd7_687.jpg,data/raw/kvasir_capsule/osfstorage/labelled_images/Erosion/fb86bc87d3874cd7_687.jpg,True,511fdabf27c2f3c79dc2f41df9e198503ab71c03214b7448844c8db88bd2b645,336,336,\N
/content/drive/MyDrive/MMVQA_Clinical/data/raw/kvasir_capsule/osfstorage/labelled_images/Erosion/fb86bc87d3874cd7_728.jpg,data/raw/kvasir_capsule/osfstorage/labelled_images/Erosion/fb86bc87d3874cd7_728.jpg,True,f5c2a183a2be90c385ee3ebcf75eb494f1340f1b88528952c1601e95f8a7f58a,336,336,\N
/content/drive/MyDrive/MMVQA_Clinical/data/raw/kvasir_capsule/osfstorage/labelled_images/Erythema/48579eec79784294_28680.jpg,data/raw/kvasir_capsule/osfstorage/labelled_images/Erythema/48579eec79784294_28680.jpg,True,85a5552729a23ea2c8b3f85ed8110b66202ea03c6516c4c82a65ca62d0ba9919,336,336,\N
/content/drive/MyDrive/MMVQA_Clinical/data/raw/kvasir_capsule/osfstorage/labelled_images/Erythema/48579eec79784294_29039.jpg,data/raw/kvasir_capsule/osfstorage/labelled_images/Erythema/48579eec79784294_29039.jpg,True,66b026a759001fc2e975a43c7d723a953ebbf2341d01a5724602193c670d1ad8,336,336,\N
/content/drive/MyDrive/MMVQA_Clinical/data/raw/kvasir_capsule/osfstorage/labelled_images/Erythema/5e59c7fdb16c4228_26147.jpg,data/raw/kvasir_capsule/osfstorage/labelled_images/Erythema/5e59c7fdb16c4228_26147.jpg,True,bcdf6484a84f3f49c3f5a5245b0d021ae0d73310a80404e557696bdd4560b019,336,336,\N
/content/drive/MyDrive/MMVQA_Clinical/data/raw/kvasir_capsule/osfstorage/labelled_images/Erythema/5e59c7fdb16c4228_26599.jpg,data/raw/kvasir_capsule/osfstorage/labelled_images/Erythema/5e59c7fdb16c4228_26599.jpg,True,ec24abf123c7d5009ec72ffb8e8cd84993c88597b8b244961095d7af14cdfd9b,336,336,\N
/content/drive/MyDrive/MMVQA_Clinical/data/raw/kvasir_capsule/osfstorage/labelled_images/Erythema/5e59c7fdb16c4228_27365.jpg,data/raw/kvasir_capsule/osfstorage/labelled_images/Erythema/5e59c7fdb16c4228_27365.jpg,True,1557698c51412533b0b732f6aeacec1588b2ee97a87bfeb7483535915ffe7714,336,336,\N
/content/drive/MyDrive/MMVQA_Clinical/data/raw/kvasir_capsule/osfstorage/labelled_images/Erythema/5e59c7fdb16c4228_34430.jpg,data/raw/kvasir_capsule/osfstorage/labelled_images/Erythema/5e59c7fdb16c4228_34430.jpg,True,243d23ad5c2c42e3bee11b9f9c76ef1c983865ee9d2a797116fc1c2d50c5605f,336,336,\N
/content/drive/MyDrive/MMVQA_Clinical/data/raw/kvasir_capsule/osfstorage/labelled_images/Erythema/5e59c7fdb16c4228_35123.jpg,data/raw/kvasir_capsule/osfstorage/labelled_images/Erythema/5e59c7fdb16c4228_35123.jpg,True,4e1b830fcc00ed937f8b99fd2839c1b7dfd11d0bbefc99bf4f177d1ad316275b,336,336,\N
/content/drive/MyDrive/MMVQA_Clinical/data/raw/kvasir_capsule/osfstorage/labelled_images/Erythema/5e59c7fdb16c4228_35141.jpg,data/raw/kvasir_capsule/osfstorage/labelled_images/Erythema/5e59c7fdb16c4228_35141.jpg,True,2f6a768db3881dc0fca7696f42b3ab75763bc91ffac089bf5be6db27091af03a,336,336,\N
/content/drive/MyDrive/MMVQA_Clinical/data/raw/kvasir_capsule/osfstorage/labelled_images/Erythema/5e59c7fdb16c4228_35613.jpg,data/raw/kvasir_capsule/osfstorage/labelled_images/Erythema/5e59c7fdb16c4228_35613.jpg,True,4c294b6692d8ac84d074f5a2827ada10871d86c7aebb51abe3c52871e4e0ad62,336,336,\N
/content/drive/MyDrive/MMVQA_Clinical/data/raw/kvasir_capsule/osfstorage/labelled_images/Erythema/5e59c7fdb16c4228_36843.jpg,data/raw/kvasir_capsule/osfstorage/labelled_images/Erythema/5e59c7fdb16c4228_36843.jpg,True,35cbc51c5a18b954fa85510187e2d4d6eb5d857e90f54ef2992a697523fc9459,336,336,\N
/content/drive/MyDrive/MMVQA_Clinical/data/raw/kvasir_capsule/osfstorage/labelled_images/Erythema/5e59c7fdb16c4228_37945.jpg,data/raw/kvasir_capsule/osfstorage/labelled_images/Erythema/5e59c7fdb16c4228_37945.jpg,True,30baa52e383709daa5e4e457d57fb5d18564547a1f2bbccbcb9780543acc2f3a,336,336,\N
/content/drive/MyDrive/MMVQA_Clinical/data/raw/kvasir_capsule/osfstorage/labelled_images/Erythema/64440803f87b4843_28155.jpg,data/raw/kvasir_capsule/osfstorage/labelled_images/Erythema/64440803f87b4843_28155.jpg,True,1787b36c2c388ffa583349047aebd10638b3f21b804872846fd71e4f01939f3b,336,336,\N
/content/drive/MyDrive/MMVQA_Clinical/data/raw/kvasir_capsule/osfstorage/labelled_images/Erythema/64440803f87b4843_28245.jpg,data/raw/kvasir_capsule/osfstorage/labelled_images/Erythema/64440803f87b4843_28245.jpg,True,6d1da21203d6cf598b131b3ffcdc09c60c7fc23a8c86e9c9a503c26410dc610b,336,336,\N
/content/drive/MyDrive/MMVQA_Clinical/data/raw/kvasir_capsule/osfstorage/labelled_images/Foreign body/3ada4222967f421d_10590.jpg,data/raw/kvasir_capsule/osfstorage/labelled_images/Foreign body/3ada4222967f421d_10590.jpg,True,5c27088d51105e815eef70e34603f2433a441914056fe21335fa80bcba6a8a26,336,336,\N
/content/drive/MyDrive/MMVQA_Clinical/data/raw/kvasir_capsule/osfstorage/labelled_images/Foreign body/3ada4222967f421d_10701.jpg,data/raw/kvasir_capsule/osfstorage/labelled_images/Foreign body/3ada4222967f421d_10701.jpg,True,aff37700e42341b68752a6a811e29469f41d8bcd1bb35127c41d38ad523967f6,336,336,\N
/content/drive/MyDrive/MMVQA_Clinical/data/raw/kvasir_capsule/osfstorage/labelled_images/Foreign body/3ada4222967f421d_10731.jpg,data/raw/kvasir_capsule/osfstorage/labelled_images/Foreign body/3ada4222967f421d_10731.jpg,True,3b24b8e9723c316e3036b5a19866cd7fa82c964a6706c658484d000541e3e3d5,336,336,\N
/content/drive/MyDrive/MMVQA_Clinical/data/raw/kvasir_capsule/osfstorage/labelled_images/Foreign body/3ada4222967f421d_10761.jpg,data/raw/kvasir_capsule/osfstorage/labelled_images/Foreign body/3ada4222967f421d_10761.jpg,True,25020ddc981c49e58ba2735ce8fafdc28f480f00b0f34d2ceefd9a2a07d780a5,336,336,\N
/content/drive/MyDrive/MMVQA_Clinical/data/raw/kvasir_capsule/osfstorage/labelled_images/Foreign body/3ada4222967f421d_10784.jpg,data/raw/kvasir_capsule/osfstorage/labelled_images/Foreign body/3ada4222967f421d_10784.jpg,True,22ec35a33a24eaf0c9683a76c2d54c84777ab17e7543380867c6a4c7cef83b72,336,336,\N
/content/drive/MyDrive/MMVQA_Clinical/data/raw/kvasir_capsule/osfstorage/labelled_images/Foreign body/3ada4222967f421d_10791.jpg,data/raw/kvasir_capsule/osfstorage/labelled_images/Foreign body/3ada4222967f421d_10791.jpg,True,181fb0954059969b29cce3595d59a4cb13c9153525341b6ed64364b4500954b9,336,336,\N
/content/drive/MyDrive/MMVQA_Clinical/data/raw/kvasir_capsule/osfstorage/labelled_images/Foreign body/3ada4222967f421d_10798.jpg,data/raw/kvasir_capsule/osfstorage/labelled_images/Foreign body/3ada4222967f421d_10798.jpg,True,03c0cd20f7b0aa3b1266008c8e4978a9f89bbebbe4a0680c0ffba265eafc37d4,336,336,\N
/content/drive/MyDrive/MMVQA_Clinical/data/raw/kvasir_capsule/osfstorage/labelled_images/Foreign body/3ada4222967f421d_10814.jpg,data/raw/kvasir_capsule/osfstorage/labelled_images/Foreign body/3ada4222967f421d_10814.jpg,True,17d59c7d43f2e6dec681d2da5ac6d9771aa368da017f2edfc5e667afa1d78ddd,336,336,\N
/content/drive/MyDrive/MMVQA_Clinical/data/raw/kvasir_capsule/osfstorage/labelled_images/Foreign body/3ada4222967f421d_10821.jpg,data/raw/kvasir_capsule/osfstorage/labelled_images/Foreign body/3ada4222967f421d_10821.jpg,True,2971a9f0a9cc4fc829376abab8ceab6ac4b74d0d9b9dd327d38288710afb8be6,336,336,\N
/content/drive/MyDrive/MMVQA_Clinical/data/raw/kvasir_capsule/osfstorage/labelled_images/Foreign body/3ada4222967f421d_10828.jpg,data/raw/kvasir_capsule/osfstorage/labelled_images/Foreign body/3ada4222967f421d_10828.jpg,True,8ef2ca17a163c152466474290fb2719b561e0a8ab0f42a3cae22cbd727c8b866,336,336,\N
/content/drive/MyDrive/MMVQA_Clinical/data/raw/kvasir_capsule/osfstorage/labelled_images/Foreign body/3ada4222967f421d_10844.jpg,data/raw/kvasir_capsule/osfstorage/labelled_images/Foreign body/3ada4222967f421d_10844.jpg,True,4a9e397e56a64e54808a5de25b8ba22a29e788f6fd8f455b9df8ee5a76d2ff74,336,336,\N
/content/drive/MyDrive/MMVQA_Clinical/data/raw/kvasir_capsule/osfstorage/labelled_images/Foreign body/3ada4222967f421d_10858.jpg,data/raw/kvasir_capsule/osfstorage/labelled_images/Foreign body/3ada4222967f421d_10858.jpg,True,1bcb36082b2bdc0b2c28eac960677db27d50455e88a462b6d779e0b5a771a5e6,336,336,\N
/content/drive/MyDrive/MMVQA_Clinical/data/raw/kvasir_capsule/osfstorage/labelled_images/Foreign body/3ada4222967f421d_11453.jpg,data/raw/kvasir_capsule/osfstorage/labelled_images/Foreign body/3ada4222967f421d_11453.jpg,True,4047ecea83f8a7f22676535bace67632e9ab26c4381824ffcc0fe1d08f692024,336,336,\N
/content/drive/MyDrive/MMVQA_Clinical/data/raw/kvasir_capsule/osfstorage/labelled_images/Foreign body/3ada4222967f421d_11472.jpg,data/raw/kvasir_capsule/osfstorage/labelled_images/Foreign body/3ada4222967f421d_11472.jpg,True,2879d0bba76ac00b688725c1acc5c6596dbb0997b60c83ef01c3081e8d8fe9db,336,336,\N
/content/drive/MyDrive/MMVQA_Clinical/data/raw/kvasir_capsule/osfstorage/labelled_images/Foreign body/3ada4222967f421d_11542.jpg,data/raw/kvasir_capsule/osfstorage/labelled_images/Foreign body/3ada4222967f421d_11542.jpg,True,0e3b4b7e2580304390d9f59ee3f0cddc5c67016b5af8ed0e5a23611faaf240d4,336,336,\N
/content/drive/MyDrive/MMVQA_Clinical/data/raw/kvasir_capsule/osfstorage/labelled_images/Foreign body/3ada4222967f421d_11581.jpg,data/raw/kvasir_capsule/osfstorage/labelled_images/Foreign body/3ada4222967f421d_11581.jpg,True,d63f74a1f25dd5b0166fb54c455de4de98aef8c7ba9d481c9a0b7623ffbf8bbe,336,336,\N
/content/drive/MyDrive/MMVQA_Clinical/data/raw/kvasir_capsule/osfstorage/labelled_images/Foreign body/3ada4222967f421d_11598.jpg,data/raw/kvasir_capsule/osfstorage/labelled_images/Foreign body/3ada4222967f421d_11598.jpg,True,c28ed12a03f7106978772c3271d903a748422adfb69e911c28abc34bc94f2580,336,336,\N
/content/drive/MyDrive/MMVQA_Clinical/data/raw/kvasir_capsule/osfstorage/labelled_images/Foreign body/3ada4222967f421d_11602.jpg,data/raw/kvasir_capsule/osfstorage/labelled_images/Foreign body/3ada4222967f421d_11602.jpg,True,39859f8ab52f25d4410da7cb3ffb3c982508c7d1b695cb59d3efe55d21be00d1,336,336,\N
/content/drive/MyDrive/MMVQA_Clinical/data/raw/kvasir_capsule/osfstorage/labelled_images/Foreign body/3ada4222967f421d_12311.jpg,data/raw/kvasir_capsule/osfstorage/labelled_images/Foreign body/3ada4222967f421d_12311.jpg,True,79a8ade75b8d7bfc865673b95e2bc8dfbb1bb4c52f037a53d2fd7049ed0e332c,336,336,\N
/content/drive/MyDrive/MMVQA_Clinical/data/raw/kvasir_capsule/osfstorage/labelled_images/Foreign body/3ada4222967f421d_1301.jpg,data/raw/kvasir_capsule/osfstorage/labelled_images/Foreign body/3ada4222967f421d_1301.jpg,True,b05ce9d1fa9bc34c46749e98e5ed230424ed0c2a8208db7977d2907e660fa776,336,336,\N
/content/drive/MyDrive/MMVQA_Clinical/data/raw/kvasir_capsule/osfstorage/labelled_images/Foreign body/3ada4222967f421d_1307.jpg,data/raw/kvasir_capsule/osfstorage/labelled_images/Foreign body/3ada4222967f421d_1307.jpg,True,b70772e61f66de1725f2718945b59ada8f1a0c12ecc1a6306e617027df161edd,336,336,\N
/content/drive/MyDrive/MMVQA_Clinical/data/raw/kvasir_capsule/osfstorage/labelled_images/Foreign body/3ada4222967f421d_1387.jpg,data/raw/kvasir_capsule/osfstorage/labelled_images/Foreign body/3ada4222967f421d_1387.jpg,True,8e2df74592230463a03787904070d0efcf3586037410232faa25c8c73a751cc2,336,336,\N
/content/drive/MyDrive/MMVQA_Clinical/data/raw/kvasir_capsule/osfstorage/labelled_images/Foreign body/3ada4222967f421d_1524.jpg,data/raw/kvasir_capsule/osfstorage/labelled_images/Foreign body/3ada4222967f421d_1524.jpg,True,f949899524157d482595b19b1214f4a4749366c2ac99439bd1dc6accaca075a4,336,336,\N
/content/drive/MyDrive/MMVQA_Clinical/data/raw/kvasir_capsule/osfstorage/labelled_images/Foreign body/3ada4222967f421d_1564.jpg,data/raw/kvasir_capsule/osfstorage/labelled_images/Foreign body/3ada4222967f421d_1564.jpg,True,843cd19757d2f4914c99b8bd31a8273bae92eb8a7d3a6abbd6ace88d9a5ee160,336,336,\N
/content/drive/MyDrive/MMVQA_Clinical/data/raw/kvasir_capsule/osfstorage/labelled_images/Foreign body/3ada4222967f421d_1573.jpg,data/raw/kvasir_capsule/osfstorage/labelled_images/Foreign body/3ada4222967f421d_1573.jpg,True,24dfc8e837046f8802121cc35bd565bb9eeac0fc2a7628ae7a7cac10b995cbec,336,336,\N
/content/drive/MyDrive/MMVQA_Clinical/data/raw/kvasir_capsule/osfstorage/labelled_images/Foreign body/3ada4222967f421d_1818.jpg,data/raw/kvasir_capsule/osfstorage/labelled_images/Foreign body/3ada4222967f421d_1818.jpg,True,dfe0593673a81eba884c7ff912af272e3d344b9eaaf42294c585417ef1142c99,336,336,\N
/content/drive/MyDrive/MMVQA_Clinical/data/raw/kvasir_capsule/osfstorage/labelled_images/Foreign body/3ada4222967f421d_1905.jpg,data/raw/kvasir_capsule/osfstorage/labelled_images/Foreign body/3ada4222967f421d_1905.jpg,True,ae1fbc8ca94aed5283eb67c51dc6e5dcc246b23f64fc6cb08ac3d1be6e43e33e,336,336,\N
/content/drive/MyDrive/MMVQA_Clinical/data/raw/kvasir_capsule/osfstorage/labelled_images/Foreign body/3ada4222967f421d_2143.jpg,data/raw/kvasir_capsule/osfstorage/labelled_images/Foreign body/3ada4222967f421d_2143.jpg,True,36c9be976a430bcf7a2d44b77849d4940417d6b9860df021e03bf7adcc9118e2,336,336,\N
/content/drive/MyDrive/MMVQA_Clinical/data/raw/kvasir_capsule/osfstorage/labelled_images/Foreign body/3ada4222967f421d_2145.jpg,data/raw/kvasir_capsule/osfstorage/labelled_images/Foreign body/3ada4222967f421d_2145.jpg,True,de1cc7edaf26de068b64d3dcb9161b7dae98700cf92acc3a70ee6f1ad959a558,336,336,\N
/content/drive/MyDrive/MMVQA_Clinical/data/raw/kvasir_capsule/osfstorage/labelled_images/Foreign body/3ada4222967f421d_2155.jpg,data/raw/kvasir_capsule/osfstorage/labelled_images/Foreign body/3ada4222967f421d_2155.jpg,True,e9ff4ae507cb622b98ce38cbb6aa703203f59de9566d225a33fd7a8044166e7e,336,336,\N
/content/drive/MyDrive/MMVQA_Clinical/data/raw/kvasir_capsule/osfstorage/labelled_images/Foreign body/3ada4222967f421d_2168.jpg,data/raw/kvasir_capsule/osfstorage/labelled_images/Foreign body/3ada4222967f421d_2168.jpg,True,2c80aa4582da5633f7584d0c3b4d5a74c474fe8e29146fea6aff43010cf03c9c,336,336,\N
/content/drive/MyDrive/MMVQA_Clinical/data/raw/kvasir_capsule/osfstorage/labelled_images/Foreign body/3ada4222967f421d_2170.jpg,data/raw/kvasir_capsule/osfstorage/labelled_images/Foreign body/3ada4222967f421d_2170.jpg,True,e8f6d4679b1d81011446ed69988ebf826f1483e367d04cece3c256a15bfd0bb5,336,336,\N
/content/drive/MyDrive/MMVQA_Clinical/data/raw/kvasir_capsule/osfstorage/labelled_images/Foreign body/3ada4222967f421d_2173.jpg,data/raw/kvasir_capsule/osfstorage/labelled_images/Foreign body/3ada4222967f421d_2173.jpg,True,b983deff2cb6c9453ff906eb0d43b518e21e1cbc326f02d44d332a288ec45aac,336,336,\N
/content/drive/MyDrive/MMVQA_Clinical/data/raw/kvasir_capsule/osfstorage/labelled_images/Foreign body/3ada4222967f421d_2175.jpg,data/raw/kvasir_capsule/osfstorage/labelled_images/Foreign body/3ada4222967f421d_2175.jpg,True,4e11e1100c743017879db3725426823d79e131630fa7bf69b5387f154273adf9,336,336,\N
/content/drive/MyDrive/MMVQA_Clinical/data/raw/kvasir_capsule/osfstorage/labelled_images/Foreign body/3ada4222967f421d_2179.jpg,data/raw/kvasir_capsule/osfstorage/labelled_images/Foreign body/3ada4222967f421d_2179.jpg,True,e5b9fc341c634ba0216cd583153f59f78808404bcdb89decc67f5bdb1f79a613,336,336,\N
/content/drive/MyDrive/MMVQA_Clinical/data/raw/kvasir_capsule/osfstorage/labelled_images/Foreign body/3ada4222967f421d_2187.jpg,data/raw/kvasir_capsule/osfstorage/labelled_images/Foreign body/3ada4222967f421d_2187.jpg,True,caf46bc1eb70d1b86163d540083ed949d50c0d2bd3f2e64741b0344d26fe140f,336,336,\N
/content/drive/MyDrive/MMVQA_Clinical/data/raw/kvasir_capsule/osfstorage/labelled_images/Foreign body/3ada4222967f421d_2198.jpg,data/raw/kvasir_capsule/osfstorage/labelled_images/Foreign body/3ada4222967f421d_2198.jpg,True,11242d680a77a7956cad9a6d495c55e3ad09f52c73f5603938fb642728cf489f,336,336,\N
/content/drive/MyDrive/MMVQA_Clinical/data/raw/kvasir_capsule/osfstorage/labelled_images/Foreign body/3ada4222967f421d_2203.jpg,data/raw/kvasir_capsule/osfstorage/labelled_images/Foreign body/3ada4222967f421d_2203.jpg,True,5702cf64234f92ff4acc5e77a92b5860deb99fb0808e42937459e3445b6b668b,336,336,\N
/content/drive/MyDrive/MMVQA_Clinical/data/raw/kvasir_capsule/osfstorage/labelled_images/Foreign body/3ada4222967f421d_2209.jpg,data/raw/kvasir_capsule/osfstorage/labelled_images/Foreign body/3ada4222967f421d_2209.jpg,True,0495a561a3589e489dc720ccee77b0a5b5be51e3511a2e38cc1795af49fc2f8f,336,336,\N
/content/drive/MyDrive/MMVQA_Clinical/data/raw/kvasir_capsule/osfstorage/labelled_images/Foreign body/3ada4222967f421d_2326.jpg,data/raw/kvasir_capsule/osfstorage/labelled_images/Foreign body/3ada4222967f421d_2326.jpg,True,7e94b4c8222ca3ca890522e746117a9c065441914ca453b070ba6843f387541a,336,336,\N
/content/drive/MyDrive/MMVQA_Clinical/data/raw/kvasir_capsule/osfstorage/labelled_images/Foreign body/3ada4222967f421d_2365.jpg,data/raw/kvasir_capsule/osfstorage/labelled_images/Foreign body/3ada4222967f421d_2365.jpg,True,c253c42ccd7f8272cf4bef8c774bbae8862468a16c041975a61828873edc5aa9,336,336,\N
/content/drive/MyDrive/MMVQA_Clinical/data/raw/kvasir_capsule/osfstorage/labelled_images/Foreign body/3ada4222967f421d_2369.jpg,data/raw/kvasir_capsule/osfstorage/labelled_images/Foreign body/3ada4222967f421d_2369.jpg,True,e850b658571069dfe5e0ff145dd9ab229f13a0a87951f52f1fc88ceb8e872ceb,336,336,\N
/content/drive/MyDrive/MMVQA_Clinical/data/raw/kvasir_capsule/osfstorage/labelled_images/Foreign body/3ada4222967f421d_2395.jpg,data/raw/kvasir_capsule/osfstorage/labelled_images/Foreign body/3ada4222967f421d_2395.jpg,True,735c275e85f0928295f0face80984e00f03fae41377474a4ea62db93b45f2a6f,336,336,\N
/content/drive/MyDrive/MMVQA_Clinical/data/raw/kvasir_capsule/osfstorage/labelled_images/Foreign body/3ada4222967f421d_2417.jpg,data/raw/kvasir_capsule/osfstorage/labelled_images/Foreign body/3ada4222967f421d_2417.jpg,True,fee5e91416e97dca754f6391f0781d4aae565633d0049366d82e38a12d26473c,336,336,\N
/content/drive/MyDrive/MMVQA_Clinical/data/raw/kvasir_capsule/osfstorage/labelled_images/Foreign body/3ada4222967f421d_2418.jpg,data/raw/kvasir_capsule/osfstorage/labelled_images/Foreign body/3ada4222967f421d_2418.jpg,True,f6a01364e2d16b4a4c62dfa147ef2455aa4d95c7001171b72b80b134705eb45e,336,336,\N
/content/drive/MyDrive/MMVQA_Clinical/data/raw/kvasir_capsule/osfstorage/labelled_images/Foreign body/3ada4222967f421d_2425.jpg,data/raw/kvasir_capsule/osfstorage/labelled_images/Foreign body/3ada4222967f421d_2425.jpg,True,b91fda0bdf9d2dce7bbb808786eca2bc8b6e6dfb1d2b54f3c81da87f13889ac4,336,336,\N
/content/drive/MyDrive/MMVQA_Clinical/data/raw/kvasir_capsule/osfstorage/labelled_images/Foreign body/3ada4222967f421d_2429.jpg,data/raw/kvasir_capsule/osfstorage/labelled_images/Foreign body/3ada4222967f421d_2429.jpg,True,2185d220859b3e24ce0a34b49c64f507908d7f4e7d7397e29b5f37265671cdf5,336,336,\N
/content/drive/MyDrive/MMVQA_Clinical/data/raw/kvasir_capsule/osfstorage/labelled_images/Foreign body/3ada4222967f421d_2446.jpg,data/raw/kvasir_capsule/osfstorage/labelled_images/Foreign body/3ada4222967f421d_2446.jpg,True,fd7436b40d10fa44648cbc8b3a02d176e38cae30208864fe23c5f172b88bf560,336,336,\N
/content/drive/MyDrive/MMVQA_Clinical/data/raw/kvasir_capsule/osfstorage/labelled_images/Foreign body/3ada4222967f421d_2447.jpg,data/raw/kvasir_capsule/osfstorage/labelled_images/Foreign body/3ada4222967f421d_2447.jpg,True,c0dd9102a228205b3d7001d27c51efdc504898c2a21d322d710a351bac736b34,336,336,\N
/content/drive/MyDrive/MMVQA_Clinical/data/raw/kvasir_capsule/osfstorage/labelled_images/Foreign body/3ada4222967f421d_2448.jpg,data/raw/kvasir_capsule/osfstorage/labelled_images/Foreign body/3ada4222967f421d_2448.jpg,True,7cf18a69a753aeb5d3a33df175e0f295f5a780f9f53f4f2c15bb441022862712,336,336,\N
/content/drive/MyDrive/MMVQA_Clinical/data/raw/kvasir_capsule/osfstorage/labelled_images/Foreign body/3ada4222967f421d_2476.jpg,data/raw/kvasir_capsule/osfstorage/labelled_images/Foreign body/3ada4222967f421d_2476.jpg,True,812e83cd01f147513e61b4e4c5ea18ba1e62ed4a9adddbf27ec7e79d8d2e92b5,336,336,\N
/content/drive/MyDrive/MMVQA_Clinical/data/raw/kvasir_capsule/osfstorage/labelled_images/Foreign body/3ada4222967f421d_2477.jpg,data/raw/kvasir_capsule/osfstorage/labelled_images/Foreign body/3ada4222967f421d_2477.jpg,True,d6743698009fbb8a67620426081b804f010bcd9473871bb08d8681a3ea37c5aa,336,336,\N
/content/drive/MyDrive/MMVQA_Clinical/data/raw/kvasir_capsule/osfstorage/labelled_images/Foreign body/3ada4222967f421d_2478.jpg,data/raw/kvasir_capsule/osfstorage/labelled_images/Foreign body/3ada4222967f421d_2478.jpg,True,aa893b087be7f42812e58aa61dca7e047df074eea299866ad63aca5c9426da01,336,336,\N
/content/drive/MyDrive/MMVQA_Clinical/data/raw/kvasir_capsule/osfstorage/labelled_images/Foreign body/3ada4222967f421d_2495.jpg,data/raw/kvasir_capsule/osfstorage/labelled_images/Foreign body/3ada4222967f421d_2495.jpg,True,1090eb1ac8b102dd1a0bfd9b27146e7fb43fda67d846166a67cb38bbeb8bebd8,336,336,\N
/content/drive/MyDrive/MMVQA_Clinical/data/raw/kvasir_capsule/osfstorage/labelled_images/Foreign body/3ada4222967f421d_2506.jpg,data/raw/kvasir_capsule/osfstorage/labelled_images/Foreign body/3ada4222967f421d_2506.jpg,True,d3a3c7da7ea3c3dba4c059a36fc12853e2f57e8b9a6a227fda43c4ee232e6ba0,336,336,\N
/content/drive/MyDrive/MMVQA_Clinical/data/raw/kvasir_capsule/osfstorage/labelled_images/Foreign body/3ada4222967f421d_2507.jpg,data/raw/kvasir_capsule/osfstorage/labelled_images/Foreign body/3ada4222967f421d_2507.jpg,True,994e584edea1a6c61f0d8cb06c4a5e7c1a46922656bfcf53e1cf82f1d2f828ea,336,336,\N
/content/drive/MyDrive/MMVQA_Clinical/data/raw/kvasir_capsule/osfstorage/labelled_images/Foreign body/3ada4222967f421d_2509.jpg,data/raw/kvasir_capsule/osfstorage/labelled_images/Foreign body/3ada4222967f421d_2509.jpg,True,91835d5fea57b89ca38d6df429e9f87e8662065b25aee33d788c04a775a193ff,336,336,\N
/content/drive/MyDrive/MMVQA_Clinical/data/raw/kvasir_capsule/osfstorage/labelled_images/Foreign body/3ada4222967f421d_2517.jpg,data/raw/kvasir_capsule/osfstorage/labelled_images/Foreign body/3ada4222967f421d_2517.jpg,True,0bb702ddbb52cd954740430afc239da98434eaf8ca5630ad5ef2cd43977ca1a3,336,336,\N
/content/drive/MyDrive/MMVQA_Clinical/data/raw/kvasir_capsule/osfstorage/labelled_images/Foreign body/3ada4222967f421d_2525.jpg,data/raw/kvasir_capsule/osfstorage/labelled_images/Foreign body/3ada4222967f421d_2525.jpg,True,1a16e4b642da1099d0fd155863e9105938ed1291c54f50673cf2478c3e795572,336,336,\N
/content/drive/MyDrive/MMVQA_Clinical/data/raw/kvasir_capsule/osfstorage/labelled_images/Foreign body/3ada4222967f421d_2536.jpg,data/raw/kvasir_capsule/osfstorage/labelled_images/Foreign body/3ada4222967f421d_2536.jpg,True,f8d9df35473f2f9e1808d8813def6452581aaccd46add7b419981fb22e3c0eda,336,336,\N
/content/drive/MyDrive/MMVQA_Clinical/data/raw/kvasir_capsule/osfstorage/labelled_images/Foreign body/3ada4222967f421d_2539.jpg,data/raw/kvasir_capsule/osfstorage/labelled_images/Foreign body/3ada4222967f421d_2539.jpg,True,69c15a7a0cf3d2d6366e8827b769e8a0cad894f4246582b8d4e15fc482e92b85,336,336,\N
/content/drive/MyDrive/MMVQA_Clinical/data/raw/kvasir_capsule/osfstorage/labelled_images/Foreign body/3ada4222967f421d_2541.jpg,data/raw/kvasir_capsule/osfstorage/labelled_images/Foreign body/3ada4222967f421d_2541.jpg,True,137580127df2c89d88bf832e27bc03d42bd4fc589c4e4c70741542e2d1a33aba,336,336,\N
/content/drive/MyDrive/MMVQA_Clinical/data/raw/kvasir_capsule/osfstorage/labelled_images/Foreign body/3ada4222967f421d_2547.jpg,data/raw/kvasir_capsule/osfstorage/labelled_images/Foreign body/3ada4222967f421d_2547.jpg,True,8c8a05ba77b6f65bf1745972011af04a0e591674fceffd889b287e68ca1ad6e8,336,336,\N
/content/drive/MyDrive/MMVQA_Clinical/data/raw/kvasir_capsule/osfstorage/labelled_images/Foreign body/3ada4222967f421d_2555.jpg,data/raw/kvasir_capsule/osfstorage/labelled_images/Foreign body/3ada4222967f421d_2555.jpg,True,e05c9dd68a1428d83d3cfbd380261741e639a188f41c2009254e800e9e404a08,336,336,\N
/content/drive/MyDrive/MMVQA_Clinical/data/raw/kvasir_capsule/osfstorage/labelled_images/Foreign body/3ada4222967f421d_2566.jpg,data/raw/kvasir_capsule/osfstorage/labelled_images/Foreign body/3ada4222967f421d_2566.jpg,True,edc35c10dba7d79bdbe199d7b85413097b603407057b631b76c1efd73a7a6175,336,336,\N
/content/drive/MyDrive/MMVQA_Clinical/data/raw/kvasir_capsule/osfstorage/labelled_images/Foreign body/3ada4222967f421d_2569.jpg,data/raw/kvasir_capsule/osfstorage/labelled_images/Foreign body/3ada4222967f421d_2569.jpg,True,fd9869516cf8e82d37a5da5010d8f4189112a859fe27bb6e1927512b05588721,336,336,\N
/content/drive/MyDrive/MMVQA_Clinical/data/raw/kvasir_capsule/osfstorage/labelled_images/Foreign body/3ada4222967f421d_2571.jpg,data/raw/kvasir_capsule/osfstorage/labelled_images/Foreign body/3ada4222967f421d_2571.jpg,True,ced39208843ef23ef539d9af937a516a2fe16e493be45a533e4cf9b6f19621f0,336,336,\N
/content/drive/MyDrive/MMVQA_Clinical/data/raw/kvasir_capsule/osfstorage/labelled_images/Foreign body/3ada4222967f421d_2573.jpg,data/raw/kvasir_capsule/osfstorage/labelled_images/Foreign body/3ada4222967f421d_2573.jpg,True,11d35cfa884d4409bfb465801649f83d2f428bc513480e4f4033aa5e1f0b1bf4,336,336,\N
/content/drive/MyDrive/MMVQA_Clinical/data/raw/kvasir_capsule/osfstorage/labelled_images/Foreign body/3ada4222967f421d_2577.jpg,data/raw/kvasir_capsule/osfstorage/labelled_images/Foreign body/3ada4222967f421d_2577.jpg,True,21705132298e7c7d544594b4275fca4199641567d5d58a142107acf707252bed,336,336,\N
/content/drive/MyDrive/MMVQA_Clinical/data/raw/kvasir_capsule/osfstorage/labelled_images/Foreign body/3ada4222967f421d_2599.jpg,data/raw/kvasir_capsule/osfstorage/labelled_images/Foreign body/3ada4222967f421d_2599.jpg,True,6fdf9ac43ec6fcdb2b056a689ed59d4422fb8f935092671b0aecc2dca9c6fbc8,336,336,\N
/content/drive/MyDrive/MMVQA_Clinical/data/raw/kvasir_capsule/osfstorage/labelled_images/Foreign body/3ada4222967f421d_2601.jpg,data/raw/kvasir_capsule/osfstorage/labelled_images/Foreign body/3ada4222967f421d_2601.jpg,True,b3e4d77c9addd12b3365de975077380f8d12fb5390988528a76deac660ba82fc,336,336,\N
/content/drive/MyDrive/MMVQA_Clinical/data/raw/kvasir_capsule/osfstorage/labelled_images/Foreign body/3ada4222967f421d_2603.jpg,data/raw/kvasir_capsule/osfstorage/labelled_images/Foreign body/3ada4222967f421d_2603.jpg,True,c4b6e9d7b9f2a560882eb03936bf3c99bc0fcd2d106271bf4d5c4caf16ea9c5c,336,336,\N
/content/drive/MyDrive/MMVQA_Clinical/data/raw/kvasir_capsule/osfstorage/labelled_images/Foreign body/3ada4222967f421d_2607.jpg,data/raw/kvasir_capsule/osfstorage/labelled_images/Foreign body/3ada4222967f421d_2607.jpg,True,109088b4ea2b5f0c331b506dbe2db6c5aabbdf07221e46b28a572a13bb4fa0ea,336,336,\N
/content/drive/MyDrive/MMVQA_Clinical/data/raw/kvasir_capsule/osfstorage/labelled_images/Foreign body/3ada4222967f421d_2631.jpg,data/raw/kvasir_capsule/osfstorage/labelled_images/Foreign body/3ada4222967f421d_2631.jpg,True,a3c8b3952ce01a639c33cd5e41eb8c144aed335f0cc8975a849f493cf0fa2bac,336,336,\N
/content/drive/MyDrive/MMVQA_Clinical/data/raw/kvasir_capsule/osfstorage/labelled_images/Foreign body/3ada4222967f421d_2633.jpg,data/raw/kvasir_capsule/osfstorage/labelled_images/Foreign body/3ada4222967f421d_2633.jpg,True,41f35e7fe9d89e875d9606a46e4373f5c876d79ad1e10a8d244a5886fca0f4e6,336,336,\N
/content/drive/MyDrive/MMVQA_Clinical/data/raw/kvasir_capsule/osfstorage/labelled_images/Foreign body/3ada4222967f421d_2732.jpg,data/raw/kvasir_capsule/osfstorage/labelled_images/Foreign body/3ada4222967f421d_2732.jpg,True,0dc209b7f3132b982127eee2b038719149f7a907c3d1c88057a85058aa85414a,336,336,\N
/content/drive/MyDrive/MMVQA_Clinical/data/raw/kvasir_capsule/osfstorage/labelled_images/Foreign body/3ada4222967f421d_2747.jpg,data/raw/kvasir_capsule/osfstorage/labelled_images/Foreign body/3ada4222967f421d_2747.jpg,True,84a6b457381cbd9f4f53549cc31551524c960ec092c74974968a244e218c08b0,336,336,\N
/content/drive/MyDrive/MMVQA_Clinical/data/raw/kvasir_capsule/osfstorage/labelled_images/Foreign body/3ada4222967f421d_29.jpg,data/raw/kvasir_capsule/osfstorage/labelled_images/Foreign body/3ada4222967f421d_29.jpg,True,ddaba46c4cb8ef87cc5c77ee69fc69eb198b000b22bc26a71d9d20b3eef0d990,336,336,\N
/content/drive/MyDrive/MMVQA_Clinical/data/raw/kvasir_capsule/osfstorage/labelled_images/Foreign body/3ada4222967f421d_2930.jpg,data/raw/kvasir_capsule/osfstorage/labelled_images/Foreign body/3ada4222967f421d_2930.jpg,True,49784384b57851c9b78b6c1582285ad2e870b55715694cfa59652b46fa8686c4,336,336,\N
/content/drive/MyDrive/MMVQA_Clinical/data/raw/kvasir_capsule/osfstorage/labelled_images/Foreign body/3ada4222967f421d_3077.jpg,data/raw/kvasir_capsule/osfstorage/labelled_images/Foreign body/3ada4222967f421d_3077.jpg,True,fb640c645334ab3be1506e259fcac559210812eabe75cbb2f2f4e4749c3748b7,336,336,\N
/content/drive/MyDrive/MMVQA_Clinical/data/raw/kvasir_capsule/osfstorage/labelled_images/Foreign body/3ada4222967f421d_3195.jpg,data/raw/kvasir_capsule/osfstorage/labelled_images/Foreign body/3ada4222967f421d_3195.jpg,True,18dee7d734447fd226dd82c8bd2c13d5f0c3a36780d5edbb7dc2647a63d631d9,336,336,\N
/content/drive/MyDrive/MMVQA_Clinical/data/raw/kvasir_capsule/osfstorage/labelled_images/Foreign body/3ada4222967f421d_3228.jpg,data/raw/kvasir_capsule/osfstorage/labelled_images/Foreign body/3ada4222967f421d_3228.jpg,True,f16d149dfad66ca8d49971123c026ab8dbb7bbb67783502dbb02712a8a7826b3,336,336,\N
/content/drive/MyDrive/MMVQA_Clinical/data/raw/kvasir_capsule/osfstorage/labelled_images/Foreign body/3ada4222967f421d_3436.jpg,data/raw/kvasir_capsule/osfstorage/labelled_images/Foreign body/3ada4222967f421d_3436.jpg,True,6b363fa02c034cc4c69d491d873fc106832dddb34f7a0e8f6f754eeedaab5c08,336,336,\N
/content/drive/MyDrive/MMVQA_Clinical/data/raw/kvasir_capsule/osfstorage/labelled_images/Foreign body/3ada4222967f421d_3682.jpg,data/raw/kvasir_capsule/osfstorage/labelled_images/Foreign body/3ada4222967f421d_3682.jpg,True,9160b2e34cf0ae3a2c5cc35e2dc7b93f2c92d07e8884474a7bfe1f4b7ff48d2b,336,336,\N
/content/drive/MyDrive/MMVQA_Clinical/data/raw/kvasir_capsule/osfstorage/labelled_images/Foreign body/3ada4222967f421d_3683.jpg,data/raw/kvasir_capsule/osfstorage/labelled_images/Foreign body/3ada4222967f421d_3683.jpg,True,54efe948d9078db51967d479d30d79616f8f5ba1f52830b4afaa697bbb911d23,336,336,\N
/content/drive/MyDrive/MMVQA_Clinical/data/raw/kvasir_capsule/osfstorage/labelled_images/Foreign body/3ada4222967f421d_3686.jpg,data/raw/kvasir_capsule/osfstorage/labelled_images/Foreign body/3ada4222967f421d_3686.jpg,True,8a9651df494876138778d26ec33901d08421ff0f0a8606695811add381996b36,336,336,\N
/content/drive/MyDrive/MMVQA_Clinical/data/raw/kvasir_capsule/osfstorage/labelled_images/Foreign body/3ada4222967f421d_3729.jpg,data/raw/kvasir_capsule/osfstorage/labelled_images/Foreign body/3ada4222967f421d_3729.jpg,True,de82e3687ab689f770dc18498f4dd0076c0f1626cfacd11b02fca43dd7b15053,336,336,\N
/content/drive/MyDrive/MMVQA_Clinical/data/raw/kvasir_capsule/osfstorage/labelled_images/Foreign body/3ada4222967f421d_3733.jpg,data/raw/kvasir_capsule/osfstorage/labelled_images/Foreign body/3ada4222967f421d_3733.jpg,True,8efbd6a1d2bafcd41e4ec1b835352e21134c776496e356f4888c9d44da3e0aac,336,336,\N
/content/drive/MyDrive/MMVQA_Clinical/data/raw/kvasir_capsule/osfstorage/labelled_images/Foreign body/3ada4222967f421d_3742.jpg,data/raw/kvasir_capsule/osfstorage/labelled_images/Foreign body/3ada4222967f421d_3742.jpg,True,bd4a85944cc45a43fe16b5a5f4a49aa101a7094273d2c6ca77d529b01a7c4dac,336,336,\N
/content/drive/MyDrive/MMVQA_Clinical/data/raw/kvasir_capsule/osfstorage/labelled_images/Foreign body/3ada4222967f421d_3746.jpg,data/raw/kvasir_capsule/osfstorage/labelled_images/Foreign body/3ada4222967f421d_3746.jpg,True,fd6ec2f4817c2ea1853ff8cf7fd16cd518450384046f88591d2f5b4ff875f31d,336,336,\N
/content/drive/MyDrive/MMVQA_Clinical/data/raw/kvasir_capsule/osfstorage/labelled_images/Foreign body/3ada4222967f421d_3747.jpg,data/raw/kvasir_capsule/osfstorage/labelled_images/Foreign body/3ada4222967f421d_3747.jpg,True,06ce0a05a2a95e9e185b0e235ff181991e0b8e770573d3de0fe3251214302e94,336,336,\N
/content/drive/MyDrive/MMVQA_Clinical/data/raw/kvasir_capsule/osfstorage/labelled_images/Foreign body/3ada4222967f421d_843.jpg,data/raw/kvasir_capsule/osfstorage/labelled_images/Foreign body/3ada4222967f421d_843.jpg,True,05aa4cbefa03490b395af0b9c521b4600379e3a48a628ce9132e2ed3efd1fa4e,336,336,\N
/content/drive/MyDrive/MMVQA_Clinical/data/raw/kvasir_capsule/osfstorage/labelled_images/Foreign body/48579eec79784294_1598.jpg,data/raw/kvasir_capsule/osfstorage/labelled_images/Foreign body/48579eec79784294_1598.jpg,True,8ec8635d578ecb30c74b422b9bb9eb207bd545c0c46d05beaba37ea1fbe56680,336,336,\N
/content/drive/MyDrive/MMVQA_Clinical/data/raw/kvasir_capsule/osfstorage/labelled_images/Foreign body/48579eec79784294_1608.jpg,data/raw/kvasir_capsule/osfstorage/labelled_images/Foreign body/48579eec79784294_1608.jpg,True,f71989bc201cbd96de9a5c47c2b409a98e67dda0ad3a84b217d103e73300d396,336,336,\N
/content/drive/MyDrive/MMVQA_Clinical/data/raw/kvasir_capsule/osfstorage/labelled_images/Foreign body/7a47e8eacea04e64_8378.jpg,data/raw/kvasir_capsule/osfstorage/labelled_images/Foreign body/7a47e8eacea04e64_8378.jpg,True,2b97a81461b7fae69bda3bccc2907159e9c62d919924f8ee884cd26ea7a14482,336,336,\N
/content/drive/MyDrive/MMVQA_Clinical/data/raw/kvasir_capsule/osfstorage/labelled_images/Foreign body/8885668afb844852_15795.jpg,data/raw/kvasir_capsule/osfstorage/labelled_images/Foreign body/8885668afb844852_15795.jpg,True,8a5f717e70d196f8a05ccd467654ff2c821927a504dc03fb3cec2093de7d6125,336,336,\N
/content/drive/MyDrive/MMVQA_Clinical/data/raw/kvasir_capsule/osfstorage/labelled_images/Foreign body/8885668afb844852_15855.jpg,data/raw/kvasir_capsule/osfstorage/labelled_images/Foreign body/8885668afb844852_15855.jpg,True,0a190f7f82643212ccb05290ab42e5e2628961e128cfceccf348a9b2ebc839d2,336,336,\N
/content/drive/MyDrive/MMVQA_Clinical/data/raw/kvasir_capsule/osfstorage/labelled_images/Foreign body/8885668afb844852_15877.jpg,data/raw/kvasir_capsule/osfstorage/labelled_images/Foreign body/8885668afb844852_15877.jpg,True,a958ba715baaf0cdaf7d67b4bd61d1696d09c1a548998a450696bf45364ec7d6,336,336,\N
/content/drive/MyDrive/MMVQA_Clinical/data/raw/kvasir_capsule/osfstorage/labelled_images/Foreign body/8885668afb844852_8103.jpg,data/raw/kvasir_capsule/osfstorage/labelled_images/Foreign body/8885668afb844852_8103.jpg,True,5ee1f2f50b81a1910ebcedd3d961a98a11de10439169b5715173e80f6ce9597f,336,336,\N
/content/drive/MyDrive/MMVQA_Clinical/data/raw/kvasir_capsule/osfstorage/labelled_images/Foreign body/8885668afb844852_8108.jpg,data/raw/kvasir_capsule/osfstorage/labelled_images/Foreign body/8885668afb844852_8108.jpg,True,5e07c1e3fdb254e2954bf845df1980c8ae1fca6893d65492d15e1e660e7e952e,336,336,\N
/content/drive/MyDrive/MMVQA_Clinical/data/raw/kvasir_capsule/osfstorage/labelled_images/Foreign body/8885668afb844852_8112.jpg,data/raw/kvasir_capsule/osfstorage/labelled_images/Foreign body/8885668afb844852_8112.jpg,True,ccfa70c75f7237b763e9884338ac50a2794ea3478188a6f75f82afa2d34128ff,336,336,\N
/content/drive/MyDrive/MMVQA_Clinical/data/raw/kvasir_capsule/osfstorage/labelled_images/Foreign body/8885668afb844852_8118.jpg,data/raw/kvasir_capsule/osfstorage/labelled_images/Foreign body/8885668afb844852_8118.jpg,True,6a0f378e9436e56b9e1afd3005f309808093de21a84a5a445a31f54751e90d25,336,336,\N
/content/drive/MyDrive/MMVQA_Clinical/data/raw/kvasir_capsule/osfstorage/labelled_images/Foreign body/8885668afb844852_8128.jpg,data/raw/kvasir_capsule/osfstorage/labelled_images/Foreign body/8885668afb844852_8128.jpg,True,dd9426f8fcde252c19e69102dde7095a8067274aad731b29a23f3cb2cd7f105d,336,336,\N
/content/drive/MyDrive/MMVQA_Clinical/data/raw/kvasir_capsule/osfstorage/labelled_images/Foreign body/8885668afb844852_8133.jpg,data/raw/kvasir_capsule/osfstorage/labelled_images/Foreign body/8885668afb844852_8133.jpg,True,cce484a37b2353cb386414cfde83a4e5836dae9ed03ef29659abb56342374fe9,336,336,\N
/content/drive/MyDrive/MMVQA_Clinical/data/raw/kvasir_capsule/osfstorage/labelled_images/Foreign body/8885668afb844852_8138.jpg,data/raw/kvasir_capsule/osfstorage/labelled_images/Foreign body/8885668afb844852_8138.jpg,True,3e9d1c109d15a952953455757a932ab6eba9192c127e9a8bdc127828c3bb20f7,336,336,\N
/content/drive/MyDrive/MMVQA_Clinical/data/raw/kvasir_capsule/osfstorage/labelled_images/Foreign body/8885668afb844852_8142.jpg,data/raw/kvasir_capsule/osfstorage/labelled_images/Foreign body/8885668afb844852_8142.jpg,True,d42b2d40ee230ccfdf0be2f6e4c5076bacbb16d02b48d4fa88ace534fbd0b2a7,336,336,\N
/content/drive/MyDrive/MMVQA_Clinical/data/raw/kvasir_capsule/osfstorage/labelled_images/Foreign body/8885668afb844852_8148.jpg,data/raw/kvasir_capsule/osfstorage/labelled_images/Foreign body/8885668afb844852_8148.jpg,True,7290436c0627887ed99351b78ad038e0f4cef332c8aac958f1c615129f4eac09,336,336,\N
/content/drive/MyDrive/MMVQA_Clinical/data/raw/kvasir_capsule/osfstorage/labelled_images/Foreign body/8885668afb844852_8154.jpg,data/raw/kvasir_capsule/osfstorage/labelled_images/Foreign body/8885668afb844852_8154.jpg,True,cc26dcf9faa10095664a78b0f238b8d5e3788227287f206ce2459f9694d6d73e,336,336,\N
/content/drive/MyDrive/MMVQA_Clinical/data/raw/kvasir_capsule/osfstorage/labelled_images/Foreign body/8885668afb844852_8163.jpg,data/raw/kvasir_capsule/osfstorage/labelled_images/Foreign body/8885668afb844852_8163.jpg,True,e8befe9f1b161c37a3440e982abbd0f06a92a7950a05894904c613033d084c4c,336,336,\N
/content/drive/MyDrive/MMVQA_Clinical/data/raw/kvasir_capsule/osfstorage/labelled_images/Foreign body/8885668afb844852_8172.jpg,data/raw/kvasir_capsule/osfstorage/labelled_images/Foreign body/8885668afb844852_8172.jpg,True,3b2e2eee47b4ecee0ce067fc1ac897de9a10a9ac207d9e1860d60ab56e07695a,336,336,\N
/content/drive/MyDrive/MMVQA_Clinical/data/raw/kvasir_capsule/osfstorage/labelled_images/Foreign body/8885668afb844852_8178.jpg,data/raw/kvasir_capsule/osfstorage/labelled_images/Foreign body/8885668afb844852_8178.jpg,True,a19042e49af428fc4705144d493cdbce7c826d57dfd0c8990647ed0776d2654a,336,336,\N
/content/drive/MyDrive/MMVQA_Clinical/data/raw/kvasir_capsule/osfstorage/labelled_images/Foreign body/8885668afb844852_8188.jpg,data/raw/kvasir_capsule/osfstorage/labelled_images/Foreign body/8885668afb844852_8188.jpg,True,c6f2c6efa187d83e564b834a63bab6d4f28792bdb8c52fbaf0314ab093f7229c,336,336,\N
/content/drive/MyDrive/MMVQA_Clinical/data/raw/kvasir_capsule/osfstorage/labelled_images/Foreign body/8885668afb844852_8202.jpg,data/raw/kvasir_capsule/osfstorage/labelled_images/Foreign body/8885668afb844852_8202.jpg,True,8a36e1e0c49da4514ef6a4aac3839301026ac837f207678e2700d49c28912d10,336,336,\N
/content/drive/MyDrive/MMVQA_Clinical/data/raw/kvasir_capsule/osfstorage/labelled_images/Foreign body/8885668afb844852_8208.jpg,data/raw/kvasir_capsule/osfstorage/labelled_images/Foreign body/8885668afb844852_8208.jpg,True,e5b1584a351b90912a6e5080a71cc195d9dfbbf662f80ff2382da88a8b108a86,336,336,\N
/content/drive/MyDrive/MMVQA_Clinical/data/raw/kvasir_capsule/osfstorage/labelled_images/Foreign body/8885668afb844852_8214.jpg,data/raw/kvasir_capsule/osfstorage/labelled_images/Foreign body/8885668afb844852_8214.jpg,True,a8e32b581e403ad55ea0b442656204db6ad9c9da06cc1dcc6a31efaaa6ac3fc2,336,336,\N
/content/drive/MyDrive/MMVQA_Clinical/data/raw/kvasir_capsule/osfstorage/labelled_images/Foreign body/8885668afb844852_8218.jpg,data/raw/kvasir_capsule/osfstorage/labelled_images/Foreign body/8885668afb844852_8218.jpg,True,ebb5962c1ee486daf128ab418ef2520576e0a88b27ba5443acee1ccc08bd0faa,336,336,\N
/content/drive/MyDrive/MMVQA_Clinical/data/raw/kvasir_capsule/osfstorage/labelled_images/Foreign body/8885668afb844852_8223.jpg,data/raw/kvasir_capsule/osfstorage/labelled_images/Foreign body/8885668afb844852_8223.jpg,True,22af5d82d8b877af1f175783a6b5bd540382d3bc1bb132a5c9092711c32711d7,336,336,\N
/content/drive/MyDrive/MMVQA_Clinical/data/raw/kvasir_capsule/osfstorage/labelled_images/Ileocecal valve/04a78ef00c5245e0_48608.jpg,data/raw/kvasir_capsule/osfstorage/labelled_images/Ileocecal valve/04a78ef00c5245e0_48608.jpg,True,4564f9901ba63699b3c8db0068afb9a819f9e14b6c30005522ec1a31e09e255b,336,336,\N
/content/drive/MyDrive/MMVQA_Clinical/data/raw/kvasir_capsule/osfstorage/labelled_images/Ileocecal valve/04a78ef00c5245e0_48638.jpg,data/raw/kvasir_capsule/osfstorage/labelled_images/Ileocecal valve/04a78ef00c5245e0_48638.jpg,True,6ddcf09228bef6b0ed0960afe43dc58411beb2a6e44dcff8d4c364b7c0843676,336,336,\N
/content/drive/MyDrive/MMVQA_Clinical/data/raw/kvasir_capsule/osfstorage/labelled_images/Ileocecal valve/04a78ef00c5245e0_48668.jpg,data/raw/kvasir_capsule/osfstorage/labelled_images/Ileocecal valve/04a78ef00c5245e0_48668.jpg,True,731843b3263d4ac9a4f510913ece953141a221f08d21434e5a80e6019d967441,336,336,\N
/content/drive/MyDrive/MMVQA_Clinical/data/raw/kvasir_capsule/osfstorage/labelled_images/Ileocecal valve/04a78ef00c5245e0_48698.jpg,data/raw/kvasir_capsule/osfstorage/labelled_images/Ileocecal valve/04a78ef00c5245e0_48698.jpg,True,fd1253964906b27e8c64163b32f1e9262ed038e3c52c664921f5d87347b2dc06,336,336,\N
/content/drive/MyDrive/MMVQA_Clinical/data/raw/kvasir_capsule/osfstorage/labelled_images/Ileocecal valve/04a78ef00c5245e0_48728.jpg,data/raw/kvasir_capsule/osfstorage/labelled_images/Ileocecal valve/04a78ef00c5245e0_48728.jpg,True,bd00ad7382b59f30fce0d8e70bc734bbd1ba348d1bcfc839031b1fc04490c2c3,336,336,\N
/content/drive/MyDrive/MMVQA_Clinical/data/raw/kvasir_capsule/osfstorage/labelled_images/Ileocecal valve/0728084c8da942d9_30202.jpg,data/raw/kvasir_capsule/osfstorage/labelled_images/Ileocecal valve/0728084c8da942d9_30202.jpg,True,bede31671499f621cc9d14023ff49b4c06e1a40ad6dbfb93a1df5fb9a09e5504,336,336,\N
/content/drive/MyDrive/MMVQA_Clinical/data/raw/kvasir_capsule/osfstorage/labelled_images/Ileocecal valve/07c1fa15a20a4398_38615.jpg,data/raw/kvasir_capsule/osfstorage/labelled_images/Ileocecal valve/07c1fa15a20a4398_38615.jpg,True,bce3ae8dd7e0ce301581bcba33c7f509ed5c05a1630026365c158843cf7ceca8,336,336,\N
/content/drive/MyDrive/MMVQA_Clinical/data/raw/kvasir_capsule/osfstorage/labelled_images/Ileocecal valve/131368cc17e44240_31008.jpg,data/raw/kvasir_capsule/osfstorage/labelled_images/Ileocecal valve/131368cc17e44240_31008.jpg,True,39f3d4fd0123ca390c84a5739d466dbe610085bf1cd47664494558a48b05d31a,336,336,\N
/content/drive/MyDrive/MMVQA_Clinical/data/raw/kvasir_capsule/osfstorage/labelled_images/Ileocecal valve/131368cc17e44240_31038.jpg,data/raw/kvasir_capsule/osfstorage/labelled_images/Ileocecal valve/131368cc17e44240_31038.jpg,True,79b1ddadcea057e5caf7f0e860d4a91cb7d216c0f7c0ca25f38574a9c3985bdf,336,336,\N
/content/drive/MyDrive/MMVQA_Clinical/data/raw/kvasir_capsule/osfstorage/labelled_images/Ileocecal valve/131368cc17e44240_31068.jpg,data/raw/kvasir_capsule/osfstorage/labelled_images/Ileocecal valve/131368cc17e44240_31068.jpg,True,51b6228f0fcad61f2efe3b1640c8ae0f6c01f551c2d968b782257b7a5b6b57d2,336,336,\N
/content/drive/MyDrive/MMVQA_Clinical/data/raw/kvasir_capsule/osfstorage/labelled_images/Ileocecal valve/131368cc17e44240_31098.jpg,data/raw/kvasir_capsule/osfstorage/labelled_images/Ileocecal valve/131368cc17e44240_31098.jpg,True,4f82965803748dee68e47afb204da9c02e4c7f75979e9c4ce7129e1bcff03fea,336,336,\N
/content/drive/MyDrive/MMVQA_Clinical/data/raw/kvasir_capsule/osfstorage/labelled_images/Ileocecal valve/131368cc17e44240_31128.jpg,data/raw/kvasir_capsule/osfstorage/labelled_images/Ileocecal valve/131368cc17e44240_31128.jpg,True,2ea9bde11c308ecddd69ebc006f557205c2bae77b3e4da62c7687b24fe0698b0,336,336,\N
/content/drive/MyDrive/MMVQA_Clinical/data/raw/kvasir_capsule/osfstorage/labelled_images/Ileocecal valve/39960e5e099a45ca_32912.jpg,data/raw/kvasir_capsule/osfstorage/labelled_images/Ileocecal valve/39960e5e099a45ca_32912.jpg,True,08f66031a9391e4cccbbb8751ef68e02a5ef20d2e67023a1c19cffc4a6ec43c5,336,336,\N
/content/drive/MyDrive/MMVQA_Clinical/data/raw/kvasir_capsule/osfstorage/labelled_images/Ileocecal valve/3ada4222967f421d_40526.jpg,data/raw/kvasir_capsule/osfstorage/labelled_images/Ileocecal valve/3ada4222967f421d_40526.jpg,True,a048548d46802ae90d602f7cd39f908674c666d038dfe9c170fbdb736bb2312b,336,336,\N
/content/drive/MyDrive/MMVQA_Clinical/data/raw/kvasir_capsule/osfstorage/labelled_images/Ileocecal valve/3c8d5f0b90d7475d_45029.jpg,data/raw/kvasir_capsule/osfstorage/labelled_images/Ileocecal valve/3c8d5f0b90d7475d_45029.jpg,True,ba37ce1920b20921f37c08c034a4be3390eeed7b8ace899445e38e8f3b1e9f82,336,336,\N
/content/drive/MyDrive/MMVQA_Clinical/data/raw/kvasir_capsule/osfstorage/labelled_images/Ileocecal valve/4560e83f9afc4685_20352.jpg,data/raw/kvasir_capsule/osfstorage/labelled_images/Ileocecal valve/4560e83f9afc4685_20352.jpg,True,dcd34f6b13fa57d0aa1c64c7cd3e13c704707a764a2984b12ecb951722e00fe2,336,336,\N
/content/drive/MyDrive/MMVQA_Clinical/data/raw/kvasir_capsule/osfstorage/labelled_images/Ileocecal valve/48579eec79784294_29749.jpg,data/raw/kvasir_capsule/osfstorage/labelled_images/Ileocecal valve/48579eec79784294_29749.jpg,True,9294b11dc8b10e7d850c54ea608c83b8d33780d479fc848ca28f23929aee0a83,336,336,\N
/content/drive/MyDrive/MMVQA_Clinical/data/raw/kvasir_capsule/osfstorage/labelled_images/Ileocecal valve/48579eec79784294_29779.jpg,data/raw/kvasir_capsule/osfstorage/labelled_images/Ileocecal valve/48579eec79784294_29779.jpg,True,1b84230f12648c68a9ba4f9238ce8054d8cccfa3491c0f1623c91f2903a80170,336,336,\N
/content/drive/MyDrive/MMVQA_Clinical/data/raw/kvasir_capsule/osfstorage/labelled_images/Ileocecal valve/48579eec79784294_29809.jpg,data/raw/kvasir_capsule/osfstorage/labelled_images/Ileocecal valve/48579eec79784294_29809.jpg,True,5eccebc929052d5f0142917b697efa3a78b0e90a0f9bc4139edefc2fb92f76d5,336,336,\N
/content/drive/MyDrive/MMVQA_Clinical/data/raw/kvasir_capsule/osfstorage/labelled_images/Ileocecal valve/495f16498db34d3c_32885.jpg,data/raw/kvasir_capsule/osfstorage/labelled_images/Ileocecal valve/495f16498db34d3c_32885.jpg,True,6f1dc30d4d4e0aad63a1b75fd7b7efad3c67bb808507c1f6928c478e683a9bbb,336,336,\N
/content/drive/MyDrive/MMVQA_Clinical/data/raw/kvasir_capsule/osfstorage/labelled_images/Ileocecal valve/4aebc5cb2d4847aa_28479.jpg,data/raw/kvasir_capsule/osfstorage/labelled_images/Ileocecal valve/4aebc5cb2d4847aa_28479.jpg,True,0d4cbb4a70d5d16fc77f4b281230157aab266ac4433a875034eeceefd324a252,336,336,\N
/content/drive/MyDrive/MMVQA_Clinical/data/raw/kvasir_capsule/osfstorage/labelled_images/Ileocecal valve/4aebc5cb2d4847aa_28509.jpg,data/raw/kvasir_capsule/osfstorage/labelled_images/Ileocecal valve/4aebc5cb2d4847aa_28509.jpg,True,23581c568df7e10cf3fbff4e9ec70081c14a2def9a484e8d2e27bea230719740,336,336,\N
/content/drive/MyDrive/MMVQA_Clinical/data/raw/kvasir_capsule/osfstorage/labelled_images/Ileocecal valve/4aebc5cb2d4847aa_28539.jpg,data/raw/kvasir_capsule/osfstorage/labelled_images/Ileocecal valve/4aebc5cb2d4847aa_28539.jpg,True,7546be0df9ffa2d296df7d6a818a666ffd2659df0b0f679087dacea6379f9c39,336,336,\N
/content/drive/MyDrive/MMVQA_Clinical/data/raw/kvasir_capsule/osfstorage/labelled_images/Ileocecal valve/5bb1d3cc7dc64cec_34093.jpg,data/raw/kvasir_capsule/osfstorage/labelled_images/Ileocecal valve/5bb1d3cc7dc64cec_34093.jpg,True,4122aeeeed26824359e2f01debf8ccbd39a1246a08ed82bd9f47bc53579cde06,336,336,\N
/content/drive/MyDrive/MMVQA_Clinical/data/raw/kvasir_capsule/osfstorage/labelled_images/Ileocecal valve/5bb1d3cc7dc64cec_34123.jpg,data/raw/kvasir_capsule/osfstorage/labelled_images/Ileocecal valve/5bb1d3cc7dc64cec_34123.jpg,True,14f668c1df23937fbda8901a1c6c9f166183df07118d342ca9d5f70e4d165c63,336,336,\N
/content/drive/MyDrive/MMVQA_Clinical/data/raw/kvasir_capsule/osfstorage/labelled_images/Ileocecal valve/5bb1d3cc7dc64cec_34153.jpg,data/raw/kvasir_capsule/osfstorage/labelled_images/Ileocecal valve/5bb1d3cc7dc64cec_34153.jpg,True,591a44206bdb40dd926c594e50dbec2c708c388f24bf3b7ad985f8b92f7bb055,336,336,\N
/content/drive/MyDrive/MMVQA_Clinical/data/raw/kvasir_capsule/osfstorage/labelled_images/Ileocecal valve/5e59c7fdb16c4228_45106.jpg,data/raw/kvasir_capsule/osfstorage/labelled_images/Ileocecal valve/5e59c7fdb16c4228_45106.jpg,True,c8124ac6ae7cccdb44fd29c06e334c677a74052f8a8aa23b2a2dfa310e009372,336,336,\N
/content/drive/MyDrive/MMVQA_Clinical/data/raw/kvasir_capsule/osfstorage/labelled_images/Ileocecal valve/5e59c7fdb16c4228_45136.jpg,data/raw/kvasir_capsule/osfstorage/labelled_images/Ileocecal valve/5e59c7fdb16c4228_45136.jpg,True,80f33af37d08ef02f549d53ea837ebf81624bd4336ca261846436936d06dc393,336,336,\N
/content/drive/MyDrive/MMVQA_Clinical/data/raw/kvasir_capsule/osfstorage/labelled_images/Ileocecal valve/5e59c7fdb16c4228_45166.jpg,data/raw/kvasir_capsule/osfstorage/labelled_images/Ileocecal valve/5e59c7fdb16c4228_45166.jpg,True,1b46d63b8e833d0437e7ec6d36a0c1bc9bd1479c26045f1cb4f30dc2e3e6e467,336,336,\N
/content/drive/MyDrive/MMVQA_Clinical/data/raw/kvasir_capsule/osfstorage/labelled_images/Ileocecal valve/5e59c7fdb16c4228_45196.jpg,data/raw/kvasir_capsule/osfstorage/labelled_images/Ileocecal valve/5e59c7fdb16c4228_45196.jpg,True,93f3187c63cc909cb02241a7729f5d3d2f31b90e4e83f9a530fa34c507155f1f,336,336,\N
/content/drive/MyDrive/MMVQA_Clinical/data/raw/kvasir_capsule/osfstorage/labelled_images/Ileocecal valve/5e59c7fdb16c4228_45226.jpg,data/raw/kvasir_capsule/osfstorage/labelled_images/Ileocecal valve/5e59c7fdb16c4228_45226.jpg,True,0b09fcb4e6b890f1042048709c40d9c9bf21a67c6d94e23d33fed9802df4b680,336,336,\N
/content/drive/MyDrive/MMVQA_Clinical/data/raw/kvasir_capsule/osfstorage/labelled_images/Ileocecal valve/5e9beaf4e66142c8_49263.jpg,data/raw/kvasir_capsule/osfstorage/labelled_images/Ileocecal valve/5e9beaf4e66142c8_49263.jpg,True,4ff059b674e785306cceccb4285f680334123f2e40cc20d1e6c2977e597b4494,336,336,\N
/content/drive/MyDrive/MMVQA_Clinical/data/raw/kvasir_capsule/osfstorage/labelled_images/Ileocecal valve/5e9beaf4e66142c8_49293.jpg,data/raw/kvasir_capsule/osfstorage/labelled_images/Ileocecal valve/5e9beaf4e66142c8_49293.jpg,True,0c9525fa1404b526de4ddfcdb755024e03f4a19baae8d19c885a4e74929396de,336,336,\N
/content/drive/MyDrive/MMVQA_Clinical/data/raw/kvasir_capsule/osfstorage/labelled_images/Ileocecal valve/5e9beaf4e66142c8_49323.jpg,data/raw/kvasir_capsule/osfstorage/labelled_images/Ileocecal valve/5e9beaf4e66142c8_49323.jpg,True,0f706e6d51c18407cdce48694b111397cff506bef71894787f736b6ada47c8b9,336,336,\N
/content/drive/MyDrive/MMVQA_Clinical/data/raw/kvasir_capsule/osfstorage/labelled_images/Ileocecal valve/64440803f87b4843_32265.jpg,data/raw/kvasir_capsule/osfstorage/labelled_images/Ileocecal valve/64440803f87b4843_32265.jpg,True,4e1d62b41b78123e00bec0f60885c34a5232bbea71ff938d5a1eea8d843bf40c,336,336,\N
/content/drive/MyDrive/MMVQA_Clinical/data/raw/kvasir_capsule/osfstorage/labelled_images/Ileocecal valve/6cb700585c4f4070_26441.jpg,data/raw/kvasir_capsule/osfstorage/labelled_images/Ileocecal valve/6cb700585c4f4070_26441.jpg,True,402295160adfefdc29f29777688d7e257bd2a892afebc504f3a6fc8c24637831,336,336,\N
/content/drive/MyDrive/MMVQA_Clinical/data/raw/kvasir_capsule/osfstorage/labelled_images/Ileocecal valve/6cb700585c4f4070_26471.jpg,data/raw/kvasir_capsule/osfstorage/labelled_images/Ileocecal valve/6cb700585c4f4070_26471.jpg,True,59b15083a6da8706fff821212cde357b03d656f5adbcca8256f2f2550a7f7686,336,336,\N
/content/drive/MyDrive/MMVQA_Clinical/data/raw/kvasir_capsule/osfstorage/labelled_images/Ileocecal valve/6cb700585c4f4070_26501.jpg,data/raw/kvasir_capsule/osfstorage/labelled_images/Ileocecal valve/6cb700585c4f4070_26501.jpg,True,2fed1af13507d923a6443c7567ebf6ace6524f1a97a346d33020d9b0f15da76a,336,336,\N
/content/drive/MyDrive/MMVQA_Clinical/data/raw/kvasir_capsule/osfstorage/labelled_images/Ileocecal valve/6cb700585c4f4070_26531.jpg,data/raw/kvasir_capsule/osfstorage/labelled_images/Ileocecal valve/6cb700585c4f4070_26531.jpg,True,9137bbbc05f4fadec1405eb8cc8bb0503d996bd1627035aa7c5ab3c0cec091ed,336,336,\N
/content/drive/MyDrive/MMVQA_Clinical/data/raw/kvasir_capsule/osfstorage/labelled_images/Ileocecal valve/6cb700585c4f4070_26561.jpg,data/raw/kvasir_capsule/osfstorage/labelled_images/Ileocecal valve/6cb700585c4f4070_26561.jpg,True,1230af2bd402f29dd2e27e4715bd6f7354b60b1fd0f7b107d1a07d6ec1180280,336,336,\N
/content/drive/MyDrive/MMVQA_Clinical/data/raw/kvasir_capsule/osfstorage/labelled_images/Ileocecal valve/7a47e8eacea04e64_63464.jpg,data/raw/kvasir_capsule/osfstorage/labelled_images/Ileocecal valve/7a47e8eacea04e64_63464.jpg,True,f8da94b213a5e1d13bac9fa29dc4f0e4d8c870e8155947c4fd95d1ae6333e050,336,336,\N
/content/drive/MyDrive/MMVQA_Clinical/data/raw/kvasir_capsule/osfstorage/labelled_images/Ileocecal valve/7a47e8eacea04e64_63494.jpg,data/raw/kvasir_capsule/osfstorage/labelled_images/Ileocecal valve/7a47e8eacea04e64_63494.jpg,True,7acb42d4f34826a71d24a45a8aa93324ce9bfab9f00f14642be90c9a2439ce06,336,336,\N
/content/drive/MyDrive/MMVQA_Clinical/data/raw/kvasir_capsule/osfstorage/labelled_images/Ileocecal valve/7a47e8eacea04e64_63524.jpg,data/raw/kvasir_capsule/osfstorage/labelled_images/Ileocecal valve/7a47e8eacea04e64_63524.jpg,True,0211d7bcde758e5c9e62cab00dde37f22448af2e72f73f7b89f1254347c36140,336,336,\N
/content/drive/MyDrive/MMVQA_Clinical/data/raw/kvasir_capsule/osfstorage/labelled_images/Ileocecal valve/7a47e8eacea04e64_63554.jpg,data/raw/kvasir_capsule/osfstorage/labelled_images/Ileocecal valve/7a47e8eacea04e64_63554.jpg,True,ddd92b720b5e5cef614662aa61924cc62a46ea8c99d4c09392a4ee3bf225e8d5,336,336,\N
/content/drive/MyDrive/MMVQA_Clinical/data/raw/kvasir_capsule/osfstorage/labelled_images/Ileocecal valve/7a47e8eacea04e64_63584.jpg,data/raw/kvasir_capsule/osfstorage/labelled_images/Ileocecal valve/7a47e8eacea04e64_63584.jpg,True,1a13edce43fcdbab5f3c77f6d9f65f393a26c5b4ad63d1aa40d7c79786891b86,336,336,\N
/content/drive/MyDrive/MMVQA_Clinical/data/raw/kvasir_capsule/osfstorage/labelled_images/Ileocecal valve/7ad22d50ebaf4596_33602.jpg,data/raw/kvasir_capsule/osfstorage/labelled_images/Ileocecal valve/7ad22d50ebaf4596_33602.jpg,True,42ec6e4118c0b359e463d40b861102e7b2144f69cb55868bf334460b411dbd43,336,336,\N
/content/drive/MyDrive/MMVQA_Clinical/data/raw/kvasir_capsule/osfstorage/labelled_images/Ileocecal valve/8885668afb844852_35546.jpg,data/raw/kvasir_capsule/osfstorage/labelled_images/Ileocecal valve/8885668afb844852_35546.jpg,True,5c357de21552bddf78569274851963fe02f6cb2d861c755139cbad1b9e62098b,336,336,\N
/content/drive/MyDrive/MMVQA_Clinical/data/raw/kvasir_capsule/osfstorage/labelled_images/Ileocecal valve/8885668afb844852_35576.jpg,data/raw/kvasir_capsule/osfstorage/labelled_images/Ileocecal valve/8885668afb844852_35576.jpg,True,e37b0e29d604afbae70a81f0a4e30a916ffb001c67fc6e71100855e7e5466aac,336,336,\N
/content/drive/MyDrive/MMVQA_Clinical/data/raw/kvasir_capsule/osfstorage/labelled_images/Ileocecal valve/8885668afb844852_35606.jpg,data/raw/kvasir_capsule/osfstorage/labelled_images/Ileocecal valve/8885668afb844852_35606.jpg,True,152cc7f155e2c487e6b3e3625dcedbc66930cf1e954391d957e2d9b56f88f280,336,336,\N
/content/drive/MyDrive/MMVQA_Clinical/data/raw/kvasir_capsule/osfstorage/labelled_images/Ileocecal valve/8885668afb844852_35636.jpg,data/raw/kvasir_capsule/osfstorage/labelled_images/Ileocecal valve/8885668afb844852_35636.jpg,True,ec27ca22add4b55637a7092516b17656e0f07757b07be8492f33caadbeda651b,336,336,\N
/content/drive/MyDrive/MMVQA_Clinical/data/raw/kvasir_capsule/osfstorage/labelled_images/Ileocecal valve/8885668afb844852_35666.jpg,data/raw/kvasir_capsule/osfstorage/labelled_images/Ileocecal valve/8885668afb844852_35666.jpg,True,8f52ff9f2366c308eed4d63e6b475549fcd62ecd9155721fb26bb6be7ce0f73e,336,336,\N
/content/drive/MyDrive/MMVQA_Clinical/data/raw/kvasir_capsule/osfstorage/labelled_images/Ileocecal valve/8a00709108cd4e2b_17606.jpg,data/raw/kvasir_capsule/osfstorage/labelled_images/Ileocecal valve/8a00709108cd4e2b_17606.jpg,True,3a8929097228a972d09350dc479a02c0486d36bcefb7e783e203849e6e0dd10d,336,336,\N
/content/drive/MyDrive/MMVQA_Clinical/data/raw/kvasir_capsule/osfstorage/labelled_images/Ileocecal valve/8ebf0e483cac48d6_28622.jpg,data/raw/kvasir_capsule/osfstorage/labelled_images/Ileocecal valve/8ebf0e483cac48d6_28622.jpg,True,359d8b3319b62c9f900831ef1121d086c7cb310bee449d19ef6f4f4e5f4f61a7,336,336,\N
/content/drive/MyDrive/MMVQA_Clinical/data/raw/kvasir_capsule/osfstorage/labelled_images/Ileocecal valve/ad91cf7ca91440aa_32562.jpg,data/raw/kvasir_capsule/osfstorage/labelled_images/Ileocecal valve/ad91cf7ca91440aa_32562.jpg,True,7ca66f90ebc868438627d3dcbb7b7a2d2b2b1894db66d4cf7149d968cd3913a6,336,336,\N
/content/drive/MyDrive/MMVQA_Clinical/data/raw/kvasir_capsule/osfstorage/labelled_images/Ileocecal valve/af9bd7d0e43741e3_30154.jpg,data/raw/kvasir_capsule/osfstorage/labelled_images/Ileocecal valve/af9bd7d0e43741e3_30154.jpg,True,7dd487335422f50ffbb868d4fda141ac493181968cdb9319c634be309cf6fa63,336,336,\N
/content/drive/MyDrive/MMVQA_Clinical/data/raw/kvasir_capsule/osfstorage/labelled_images/Ileocecal valve/af9bd7d0e43741e3_30184.jpg,data/raw/kvasir_capsule/osfstorage/labelled_images/Ileocecal valve/af9bd7d0e43741e3_30184.jpg,True,98e443226b6a06d0cfd7d8483196f07087a7d04b977155fea1678c31c9742883,336,336,\N
/content/drive/MyDrive/MMVQA_Clinical/data/raw/kvasir_capsule/osfstorage/labelled_images/Ileocecal valve/af9bd7d0e43741e3_30214.jpg,data/raw/kvasir_capsule/osfstorage/labelled_images/Ileocecal valve/af9bd7d0e43741e3_30214.jpg,True,0ff7f416a39c9f94cc2bc037df3612d9e3a7eabb97015945ee30e7e07703ca3d,336,336,\N
/content/drive/MyDrive/MMVQA_Clinical/data/raw/kvasir_capsule/osfstorage/labelled_images/Ileocecal valve/af9bd7d0e43741e3_30244.jpg,data/raw/kvasir_capsule/osfstorage/labelled_images/Ileocecal valve/af9bd7d0e43741e3_30244.jpg,True,da8410fb60ced34290e13b84b95e2d32a9b98fbb0a675c5785a85649045176b6,336,336,\N
/content/drive/MyDrive/MMVQA_Clinical/data/raw/kvasir_capsule/osfstorage/labelled_images/Ileocecal valve/af9bd7d0e43741e3_30274.jpg,data/raw/kvasir_capsule/osfstorage/labelled_images/Ileocecal valve/af9bd7d0e43741e3_30274.jpg,True,b057afd5e9072293e44277f590e5683ecd2a5d0fbe536530502afff8b40cd32f,336,336,\N
/content/drive/MyDrive/MMVQA_Clinical/data/raw/kvasir_capsule/osfstorage/labelled_images/Ileocecal valve/bc84479c66fe4da6_63084.jpg,data/raw/kvasir_capsule/osfstorage/labelled_images/Ileocecal valve/bc84479c66fe4da6_63084.jpg,True,4af093371ccc2860270a3c4a0d10129c978ce49a79b8ecc9b7f67c0d657ee486,336,336,\N
/content/drive/MyDrive/MMVQA_Clinical/data/raw/kvasir_capsule/osfstorage/labelled_images/Ileocecal valve/bca26705313a4644_46202.jpg,data/raw/kvasir_capsule/osfstorage/labelled_images/Ileocecal valve/bca26705313a4644_46202.jpg,True,59a96f35cba73b57695a9937cb46d690dcb11c0072f8e18cf24d354e804a868a,336,336,\N
/content/drive/MyDrive/MMVQA_Clinical/data/raw/kvasir_capsule/osfstorage/labelled_images/Ileocecal valve/c7084b3556e34619_69117.jpg,data/raw/kvasir_capsule/osfstorage/labelled_images/Ileocecal valve/c7084b3556e34619_69117.jpg,True,9397674fd14d8b270b955eaef061511100a5a22beea4cf98c1f52af7602c2da3,336,336,\N
/content/drive/MyDrive/MMVQA_Clinical/data/raw/kvasir_capsule/osfstorage/labelled_images/Ileocecal valve/c7084b3556e34619_69147.jpg,data/raw/kvasir_capsule/osfstorage/labelled_images/Ileocecal valve/c7084b3556e34619_69147.jpg,True,ccad5bc9bdce3254923e81203b9f17b0531c46c961d423f89608cf68a3ec395b,336,336,\N
/content/drive/MyDrive/MMVQA_Clinical/data/raw/kvasir_capsule/osfstorage/labelled_images/Ileocecal valve/c7084b3556e34619_69177.jpg,data/raw/kvasir_capsule/osfstorage/labelled_images/Ileocecal valve/c7084b3556e34619_69177.jpg,True,69b3f16e4e2e7d4a76b84ac2f9f2bcc9483939d8637751df23eb46e7acc0450b,336,336,\N
/content/drive/MyDrive/MMVQA_Clinical/data/raw/kvasir_capsule/osfstorage/labelled_images/Ileocecal valve/c7084b3556e34619_69207.jpg,data/raw/kvasir_capsule/osfstorage/labelled_images/Ileocecal valve/c7084b3556e34619_69207.jpg,True,b51016c7c51f98b01cad3b276e43fab678d83965368c0badf9a9c4bfd44461cd,336,336,\N
/content/drive/MyDrive/MMVQA_Clinical/data/raw/kvasir_capsule/osfstorage/labelled_images/Ileocecal valve/c7084b3556e34619_69237.jpg,data/raw/kvasir_capsule/osfstorage/labelled_images/Ileocecal valve/c7084b3556e34619_69237.jpg,True,bf65f8e8f8918685e3ea47fefa2b51ff306c6067fbe61d22d8ae732aea4e9a74,336,336,\N
/content/drive/MyDrive/MMVQA_Clinical/data/raw/kvasir_capsule/osfstorage/labelled_images/Ileocecal valve/d7a271f233ba4a40_29895.jpg,data/raw/kvasir_capsule/osfstorage/labelled_images/Ileocecal valve/d7a271f233ba4a40_29895.jpg,True,aa6e597325ac9b77cfefec15dc885c62d1ca538e227946352ccf0dc7a5e21ba9,336,336,\N
/content/drive/MyDrive/MMVQA_Clinical/data/raw/kvasir_capsule/osfstorage/labelled_images/Ileocecal valve/dac1e27f7e4d4ef5_29180.jpg,data/raw/kvasir_capsule/osfstorage/labelled_images/Ileocecal valve/dac1e27f7e4d4ef5_29180.jpg,True,67ced96f3f7e03c0a4712a24780128b8d3e92da5ee8b49a21943fadc4f236ad0,336,336,\N
/content/drive/MyDrive/MMVQA_Clinical/data/raw/kvasir_capsule/osfstorage/labelled_images/Ileocecal valve/dc221ccc65d34010_84147.jpg,data/raw/kvasir_capsule/osfstorage/labelled_images/Ileocecal valve/dc221ccc65d34010_84147.jpg,True,78c1f67d5f507406567b88716fa93fc96af5072aae970e2426172a3f51c3748e,336,336,\N
/content/drive/MyDrive/MMVQA_Clinical/data/raw/kvasir_capsule/osfstorage/labelled_images/Ileocecal valve/dc221ccc65d34010_84177.jpg,data/raw/kvasir_capsule/osfstorage/labelled_images/Ileocecal valve/dc221ccc65d34010_84177.jpg,True,1df28745de275f2c2c4d589ea2a7d0bbc7fefb506b7609222068eff2945c179c,336,336,\N
/content/drive/MyDrive/MMVQA_Clinical/data/raw/kvasir_capsule/osfstorage/labelled_images/Ileocecal valve/dc221ccc65d34010_84207.jpg,data/raw/kvasir_capsule/osfstorage/labelled_images/Ileocecal valve/dc221ccc65d34010_84207.jpg,True,34e8081340cc51e3d12bd647b369e12c07b22e3f25a2ef77c3a614781eb62fb4,336,336,\N
/content/drive/MyDrive/MMVQA_Clinical/data/raw/kvasir_capsule/osfstorage/labelled_images/Ileocecal valve/dc221ccc65d34010_84237.jpg,data/raw/kvasir_capsule/osfstorage/labelled_images/Ileocecal valve/dc221ccc65d34010_84237.jpg,True,63da6afff9d3b8ea0154a8ccbe9760506887e188c572f51ea9b4c93956b5361d,336,336,\N
/content/drive/MyDrive/MMVQA_Clinical/data/raw/kvasir_capsule/osfstorage/labelled_images/Ileocecal valve/dc221ccc65d34010_84267.jpg,data/raw/kvasir_capsule/osfstorage/labelled_images/Ileocecal valve/dc221ccc65d34010_84267.jpg,True,934797ca56a093b565e7741f8e9f3799394060d4cfee0c08f9bdc1937be14007,336,336,\N
/content/drive/MyDrive/MMVQA_Clinical/data/raw/kvasir_capsule/osfstorage/labelled_images/Ileocecal valve/dca1377dec974312_16099.jpg,data/raw/kvasir_capsule/osfstorage/labelled_images/Ileocecal valve/dca1377dec974312_16099.jpg,True,082bda35f8ef57fd389aa3994fd5339ea34cc3e15f79ea48ae0a4584d54dfc12,336,336,\N
/content/drive/MyDrive/MMVQA_Clinical/data/raw/kvasir_capsule/osfstorage/labelled_images/Ileocecal valve/df6b47bafe5143f5_19231.jpg,data/raw/kvasir_capsule/osfstorage/labelled_images/Ileocecal valve/df6b47bafe5143f5_19231.jpg,True,a2a803ab25fba28e219db8ba893c322b3698af016d1458c497c22432acc59639,336,336,\N
/content/drive/MyDrive/MMVQA_Clinical/data/raw/kvasir_capsule/osfstorage/labelled_images/Ileocecal valve/ed02f27ef36f483e_58590.jpg,data/raw/kvasir_capsule/osfstorage/labelled_images/Ileocecal valve/ed02f27ef36f483e_58590.jpg,True,3f762349b7ce7ca6aaff94edaa51ded5d3c59230fa5926de193319c7b6dd9550,336,336,\N
/content/drive/MyDrive/MMVQA_Clinical/data/raw/kvasir_capsule/osfstorage/labelled_images/Ileocecal valve/fc32def0e7194981_88915.jpg,data/raw/kvasir_capsule/osfstorage/labelled_images/Ileocecal valve/fc32def0e7194981_88915.jpg,True,582b30bfc7641b8380d9728b20ca980ef5ac25ecc8b5788fc328077f3829d5fc,336,336,\N
/content/drive/MyDrive/MMVQA_Clinical/data/raw/kvasir_capsule/osfstorage/labelled_images/Ileocecal valve/fc32def0e7194981_88945.jpg,data/raw/kvasir_capsule/osfstorage/labelled_images/Ileocecal valve/fc32def0e7194981_88945.jpg,True,64aeef5c01a7604221d1b0de819e29989e256ad9aba41c33aaf4e68554548e58,336,336,\N
/content/drive/MyDrive/MMVQA_Clinical/data/raw/kvasir_capsule/osfstorage/labelled_images/Ileocecal valve/fc32def0e7194981_88975.jpg,data/raw/kvasir_capsule/osfstorage/labelled_images/Ileocecal valve/fc32def0e7194981_88975.jpg,True,9f679414f8fd44f9efa7fc02c9427b97ce8f64aa6597a90b65be1d62beeac83a,336,336,\N
/content/drive/MyDrive/MMVQA_Clinical/data/raw/kvasir_capsule/osfstorage/labelled_images/Ileocecal valve/fc32def0e7194981_89005.jpg,data/raw/kvasir_capsule/osfstorage/labelled_images/Ileocecal valve/fc32def0e7194981_89005.jpg,True,48a3768684b52ec9f60e3588c11c3b2d40cb698c7547c03fcf0bc2ce7b11a851,336,336,\N
/content/drive/MyDrive/MMVQA_Clinical/data/raw/kvasir_capsule/osfstorage/labelled_images/Ileocecal valve/fc32def0e7194981_89035.jpg,data/raw/kvasir_capsule/osfstorage/labelled_images/Ileocecal valve/fc32def0e7194981_89035.jpg,True,21ff429bd9d66112ccaf0d7267f76e5869cf682ab6b6194778f8748ab4c3c51a,336,336,\N
/content/drive/MyDrive/MMVQA_Clinical/data/raw/kvasir_capsule/osfstorage/labelled_images/Ileocecal valve/fe5d372e43f94f68_25949.jpg,data/raw/kvasir_capsule/osfstorage/labelled_images/Ileocecal valve/fe5d372e43f94f68_25949.jpg,True,d690768f3aac4686b16d711ab7ebd28e02b71b197c19e65e408a45d9dda3d86e,336,336,\N
/content/drive/MyDrive/MMVQA_Clinical/data/raw/kvasir_capsule/osfstorage/labelled_images/Lymphangiectasia/04a78ef00c5245e0_12352.jpg,data/raw/kvasir_capsule/osfstorage/labelled_images/Lymphangiectasia/04a78ef00c5245e0_12352.jpg,True,93d8eb42c7a2677b735051c346942407489727da06d633c40e31d1b1b175803a,336,336,\N
/content/drive/MyDrive/MMVQA_Clinical/data/raw/kvasir_capsule/osfstorage/labelled_images/Lymphangiectasia/04a78ef00c5245e0_12382.jpg,data/raw/kvasir_capsule/osfstorage/labelled_images/Lymphangiectasia/04a78ef00c5245e0_12382.jpg,True,0b3d2a1bb6b0f95ac418a1d77c12aac05727d6abd3f8d59a49de29058534ec88,336,336,\N
/content/drive/MyDrive/MMVQA_Clinical/data/raw/kvasir_capsule/osfstorage/labelled_images/Lymphangiectasia/04a78ef00c5245e0_12412.jpg,data/raw/kvasir_capsule/osfstorage/labelled_images/Lymphangiectasia/04a78ef00c5245e0_12412.jpg,True,c090a629364a5943747851cb134ce3c8ad826cfe909a38887f549e47f535097a,336,336,\N
/content/drive/MyDrive/MMVQA_Clinical/data/raw/kvasir_capsule/osfstorage/labelled_images/Lymphangiectasia/64440803f87b4843_13745.jpg,data/raw/kvasir_capsule/osfstorage/labelled_images/Lymphangiectasia/64440803f87b4843_13745.jpg,True,9bcdc3b3aa540e52a013ffb3a26067acac6459ccd96a9dc37a489822b97d2949,336,336,\N
/content/drive/MyDrive/MMVQA_Clinical/data/raw/kvasir_capsule/osfstorage/labelled_images/Lymphangiectasia/64440803f87b4843_17822.jpg,data/raw/kvasir_capsule/osfstorage/labelled_images/Lymphangiectasia/64440803f87b4843_17822.jpg,True,2d9fe69a050c7c94d0432621f1ba344adb387667309e8ff42f2ac000a9d46f3c,336,336,\N
/content/drive/MyDrive/MMVQA_Clinical/data/raw/kvasir_capsule/osfstorage/labelled_images/Lymphangiectasia/64440803f87b4843_17852.jpg,data/raw/kvasir_capsule/osfstorage/labelled_images/Lymphangiectasia/64440803f87b4843_17852.jpg,True,3c0eb96b6f6c89d69b781bdd3e377db7dde87d5a5e4bd84853d8a44a599c802c,336,336,\N
/content/drive/MyDrive/MMVQA_Clinical/data/raw/kvasir_capsule/osfstorage/labelled_images/Lymphangiectasia/64440803f87b4843_17882.jpg,data/raw/kvasir_capsule/osfstorage/labelled_images/Lymphangiectasia/64440803f87b4843_17882.jpg,True,d246dc5d27ecdbdfa55584cd503f0c05fc9728ff918e38fe6cf13ab7b2454ee0,336,336,\N
/content/drive/MyDrive/MMVQA_Clinical/data/raw/kvasir_capsule/osfstorage/labelled_images/Lymphangiectasia/64440803f87b4843_17942.jpg,data/raw/kvasir_capsule/osfstorage/labelled_images/Lymphangiectasia/64440803f87b4843_17942.jpg,True,8f40171eae930c9429361e1851f9de8dc4f473c0831258deac2c53e862cc20fb,336,336,\N
/content/drive/MyDrive/MMVQA_Clinical/data/raw/kvasir_capsule/osfstorage/labelled_images/Lymphangiectasia/64440803f87b4843_21520.jpg,data/raw/kvasir_capsule/osfstorage/labelled_images/Lymphangiectasia/64440803f87b4843_21520.jpg,True,31f5b0ff4bfa1f820cefa308a18d0446dc638d706102a286fae26a77c56fabb9,336,336,\N
/content/drive/MyDrive/MMVQA_Clinical/data/raw/kvasir_capsule/osfstorage/labelled_images/Lymphangiectasia/64440803f87b4843_21766.jpg,data/raw/kvasir_capsule/osfstorage/labelled_images/Lymphangiectasia/64440803f87b4843_21766.jpg,True,ee91e0b69325412d3a9c6da0e04c38685ea1e5ff72f8b4b57c9747f70ab184d9,336,336,\N
/content/drive/MyDrive/MMVQA_Clinical/data/raw/kvasir_capsule/osfstorage/labelled_images/Lymphangiectasia/64440803f87b4843_21781.jpg,data/raw/kvasir_capsule/osfstorage/labelled_images/Lymphangiectasia/64440803f87b4843_21781.jpg,True,e593547012495d1f1706134c1422c965afbb94ef1aa69071230285984e9b23bc,336,336,\N
/content/drive/MyDrive/MMVQA_Clinical/data/raw/kvasir_capsule/osfstorage/labelled_images/Lymphangiectasia/64440803f87b4843_21811.jpg,data/raw/kvasir_capsule/osfstorage/labelled_images/Lymphangiectasia/64440803f87b4843_21811.jpg,True,5485a98a9e4b7523cc7f5f39e77eceaee7804f3a21e4f17ad2001af98fc505eb,336,336,\N
/content/drive/MyDrive/MMVQA_Clinical/data/raw/kvasir_capsule/osfstorage/labelled_images/Lymphangiectasia/64440803f87b4843_21819.jpg,data/raw/kvasir_capsule/osfstorage/labelled_images/Lymphangiectasia/64440803f87b4843_21819.jpg,True,d917e6485f548cd77ef8ea739d55190b6fa9299868dd92259c3a902550059d32,336,336,\N
/content/drive/MyDrive/MMVQA_Clinical/data/raw/kvasir_capsule/osfstorage/labelled_images/Lymphangiectasia/64440803f87b4843_21820.jpg,data/raw/kvasir_capsule/osfstorage/labelled_images/Lymphangiectasia/64440803f87b4843_21820.jpg,True,583cd247af55a5d5cab0380c5d2f551ab66073bd16b3628f24238eca80f69193,336,336,\N
/content/drive/MyDrive/MMVQA_Clinical/data/raw/kvasir_capsule/osfstorage/labelled_images/Lymphangiectasia/64440803f87b4843_21825.jpg,data/raw/kvasir_capsule/osfstorage/labelled_images/Lymphangiectasia/64440803f87b4843_21825.jpg,True,d58b6fdf1322431f57d5970d1a9d4fb1726277f440594f67f32c35b3e88f8973,336,336,\N
/content/drive/MyDrive/MMVQA_Clinical/data/raw/kvasir_capsule/osfstorage/labelled_images/Lymphangiectasia/64440803f87b4843_21826.jpg,data/raw/kvasir_capsule/osfstorage/labelled_images/Lymphangiectasia/64440803f87b4843_21826.jpg,True,5fcb35f749417dac3602e6c050ddef55ef59aa8b53202dbc3b6ccbe93b5895c5,336,336,\N
/content/drive/MyDrive/MMVQA_Clinical/data/raw/kvasir_capsule/osfstorage/labelled_images/Lymphangiectasia/64440803f87b4843_21833.jpg,data/raw/kvasir_capsule/osfstorage/labelled_images/Lymphangiectasia/64440803f87b4843_21833.jpg,True,57735146046d89884978c30eca1cf2b5d7c244af256f1a11e156df65200ab594,336,336,\N
/content/drive/MyDrive/MMVQA_Clinical/data/raw/kvasir_capsule/osfstorage/labelled_images/Lymphangiectasia/64440803f87b4843_21879.jpg,data/raw/kvasir_capsule/osfstorage/labelled_images/Lymphangiectasia/64440803f87b4843_21879.jpg,True,7ac81f225e9b38cb7af943951656d2f28b19769ed30dfde0f6f2df2c6afbd9c2,336,336,\N
/content/drive/MyDrive/MMVQA_Clinical/data/raw/kvasir_capsule/osfstorage/labelled_images/Lymphangiectasia/64440803f87b4843_21880.jpg,data/raw/kvasir_capsule/osfstorage/labelled_images/Lymphangiectasia/64440803f87b4843_21880.jpg,True,19c858e4761b3f3b94a50734450c01541baf11acf96f63eeb688b459454e539a,336,336,\N
/content/drive/MyDrive/MMVQA_Clinical/data/raw/kvasir_capsule/osfstorage/labelled_images/Lymphangiectasia/64440803f87b4843_21885.jpg,data/raw/kvasir_capsule/osfstorage/labelled_images/Lymphangiectasia/64440803f87b4843_21885.jpg,True,3fd71a6081f9851a08badffb34504698cc0b31efb8d54061766651cc8613a118,336,336,\N
/content/drive/MyDrive/MMVQA_Clinical/data/raw/kvasir_capsule/osfstorage/labelled_images/Lymphangiectasia/7ad22d50ebaf4596_10434.jpg,data/raw/kvasir_capsule/osfstorage/labelled_images/Lymphangiectasia/7ad22d50ebaf4596_10434.jpg,True,bf614d760432afcd7de47ec90911304f0f94496a5ed792d5c6cc568b2d24d6b0,336,336,\N
/content/drive/MyDrive/MMVQA_Clinical/data/raw/kvasir_capsule/osfstorage/labelled_images/Lymphangiectasia/7ad22d50ebaf4596_10442.jpg,data/raw/kvasir_capsule/osfstorage/labelled_images/Lymphangiectasia/7ad22d50ebaf4596_10442.jpg,True,935e233555cdeb07567f5e0cc3ac8bfe7aff032730b66dbe7cc9c7b527bc6667,336,336,\N
/content/drive/MyDrive/MMVQA_Clinical/data/raw/kvasir_capsule/osfstorage/labelled_images/Lymphangiectasia/7ad22d50ebaf4596_10464.jpg,data/raw/kvasir_capsule/osfstorage/labelled_images/Lymphangiectasia/7ad22d50ebaf4596_10464.jpg,True,0773a4460d17162f5c9795c139bc38054cb036892f92c9e30975b394b3c7c74e,336,336,\N
/content/drive/MyDrive/MMVQA_Clinical/data/raw/kvasir_capsule/osfstorage/labelled_images/Lymphangiectasia/7ad22d50ebaf4596_10472.jpg,data/raw/kvasir_capsule/osfstorage/labelled_images/Lymphangiectasia/7ad22d50ebaf4596_10472.jpg,True,98f13056324aef069ad897c08d88858875363ac584f7cc35124c9b93dfde90e1,336,336,\N
/content/drive/MyDrive/MMVQA_Clinical/data/raw/kvasir_capsule/osfstorage/labelled_images/Lymphangiectasia/7ad22d50ebaf4596_10571.jpg,data/raw/kvasir_capsule/osfstorage/labelled_images/Lymphangiectasia/7ad22d50ebaf4596_10571.jpg,True,0433b61d5ec31670b637c79303e4567a4c064442034772c8954d56aef701c81a,336,336,\N
/content/drive/MyDrive/MMVQA_Clinical/data/raw/kvasir_capsule/osfstorage/labelled_images/Lymphangiectasia/7ad22d50ebaf4596_22816.jpg,data/raw/kvasir_capsule/osfstorage/labelled_images/Lymphangiectasia/7ad22d50ebaf4596_22816.jpg,True,72e8c691eecb113ec8ddd0193454f7f100282209da9aaa6c1070eb942308335b,336,336,\N
/content/drive/MyDrive/MMVQA_Clinical/data/raw/kvasir_capsule/osfstorage/labelled_images/Lymphangiectasia/7ad22d50ebaf4596_22836.jpg,data/raw/kvasir_capsule/osfstorage/labelled_images/Lymphangiectasia/7ad22d50ebaf4596_22836.jpg,True,0d4a37cfecf5a8c7885b44b4c6bf218d4362071228affd7df98d9c0b6c6adcb8,336,336,\N
/content/drive/MyDrive/MMVQA_Clinical/data/raw/kvasir_capsule/osfstorage/labelled_images/Lymphangiectasia/7ad22d50ebaf4596_22846.jpg,data/raw/kvasir_capsule/osfstorage/labelled_images/Lymphangiectasia/7ad22d50ebaf4596_22846.jpg,True,c5c55b726d02266bd0164a44637b26f4118879989abbce06aa42bc12486b7a98,336,336,\N
/content/drive/MyDrive/MMVQA_Clinical/data/raw/kvasir_capsule/osfstorage/labelled_images/Lymphangiectasia/7ad22d50ebaf4596_22850.jpg,data/raw/kvasir_capsule/osfstorage/labelled_images/Lymphangiectasia/7ad22d50ebaf4596_22850.jpg,True,c353bf52c26bff68e1823f4385c736fd38040d264f4d3a12f38ac505341daea6,336,336,\N
/content/drive/MyDrive/MMVQA_Clinical/data/raw/kvasir_capsule/osfstorage/labelled_images/Lymphangiectasia/7ad22d50ebaf4596_27058.jpg,data/raw/kvasir_capsule/osfstorage/labelled_images/Lymphangiectasia/7ad22d50ebaf4596_27058.jpg,True,6219bea6216c1e7647757d93bb6e2ea2548255252a01f7a996485dc91dc36830,336,336,\N
/content/drive/MyDrive/MMVQA_Clinical/data/raw/kvasir_capsule/osfstorage/labelled_images/Lymphangiectasia/7ad22d50ebaf4596_27221.jpg,data/raw/kvasir_capsule/osfstorage/labelled_images/Lymphangiectasia/7ad22d50ebaf4596_27221.jpg,True,9390ee4d092155765d15d760603c86a1836fbb409149457599c0e320cc6b1288,336,336,\N
/content/drive/MyDrive/MMVQA_Clinical/data/raw/kvasir_capsule/osfstorage/labelled_images/Lymphangiectasia/7ad22d50ebaf4596_27237.jpg,data/raw/kvasir_capsule/osfstorage/labelled_images/Lymphangiectasia/7ad22d50ebaf4596_27237.jpg,True,a18b548ca4f0c103d64fbf00bd232368aa7d2c71b451747f0d53175011dc20a8,336,336,\N
/content/drive/MyDrive/MMVQA_Clinical/data/raw/kvasir_capsule/osfstorage/labelled_images/Lymphangiectasia/7ad22d50ebaf4596_27238.jpg,data/raw/kvasir_capsule/osfstorage/labelled_images/Lymphangiectasia/7ad22d50ebaf4596_27238.jpg,True,8332aad06df8b869384395661e5305c7d8eb7497e7d2974ce9e35cb0c9e9a6c3,336,336,\N
/content/drive/MyDrive/MMVQA_Clinical/data/raw/kvasir_capsule/osfstorage/labelled_images/Lymphangiectasia/7ad22d50ebaf4596_27264.jpg,data/raw/kvasir_capsule/osfstorage/labelled_images/Lymphangiectasia/7ad22d50ebaf4596_27264.jpg,True,60b88fb01f2e82d14654b878ac59922f4b189db2db89bd06b20665deef9ce69c,336,336,\N
/content/drive/MyDrive/MMVQA_Clinical/data/raw/kvasir_capsule/osfstorage/labelled_images/Lymphangiectasia/7ad22d50ebaf4596_27267.jpg,data/raw/kvasir_capsule/osfstorage/labelled_images/Lymphangiectasia/7ad22d50ebaf4596_27267.jpg,True,4c583f3748ccfc71cd95dce0c58cc2dfeededd8780bf6e3a15d3d64f95946a82,336,336,\N
/content/drive/MyDrive/MMVQA_Clinical/data/raw/kvasir_capsule/osfstorage/labelled_images/Lymphangiectasia/7ad22d50ebaf4596_27268.jpg,data/raw/kvasir_capsule/osfstorage/labelled_images/Lymphangiectasia/7ad22d50ebaf4596_27268.jpg,True,6eca1337371c7b3959318c17ebe37bfffd9bb8ae4f0376861b50440f832ca770,336,336,\N
/content/drive/MyDrive/MMVQA_Clinical/data/raw/kvasir_capsule/osfstorage/labelled_images/Lymphangiectasia/7ad22d50ebaf4596_27271.jpg,data/raw/kvasir_capsule/osfstorage/labelled_images/Lymphangiectasia/7ad22d50ebaf4596_27271.jpg,True,a7968f2e8bd0fd2b3e2aa62b5810a75a656b9fca6004db961fe1ebe50b919c0e,336,336,\N
/content/drive/MyDrive/MMVQA_Clinical/data/raw/kvasir_capsule/osfstorage/labelled_images/Lymphangiectasia/7ad22d50ebaf4596_27281.jpg,data/raw/kvasir_capsule/osfstorage/labelled_images/Lymphangiectasia/7ad22d50ebaf4596_27281.jpg,True,126778b400ef985a80a9858ff341941c145a3336871246427926e97f716f9b72,336,336,\N
/content/drive/MyDrive/MMVQA_Clinical/data/raw/kvasir_capsule/osfstorage/labelled_images/Lymphangiectasia/7ad22d50ebaf4596_27288.jpg,data/raw/kvasir_capsule/osfstorage/labelled_images/Lymphangiectasia/7ad22d50ebaf4596_27288.jpg,True,eb7277b3fcd05c43ff7d6b2afbe34d087ee5b978fded6f3e848484523a73dbb5,336,336,\N
/content/drive/MyDrive/MMVQA_Clinical/data/raw/kvasir_capsule/osfstorage/labelled_images/Lymphangiectasia/7ad22d50ebaf4596_27294.jpg,data/raw/kvasir_capsule/osfstorage/labelled_images/Lymphangiectasia/7ad22d50ebaf4596_27294.jpg,True,a7d49ce8e15665952f8f5b9b01d88e3af61d1aac35e6abbca762b06f8676ec72,336,336,\N
/content/drive/MyDrive/MMVQA_Clinical/data/raw/kvasir_capsule/osfstorage/labelled_images/Lymphangiectasia/7ad22d50ebaf4596_27297.jpg,data/raw/kvasir_capsule/osfstorage/labelled_images/Lymphangiectasia/7ad22d50ebaf4596_27297.jpg,True,5fef65e69931d4d3bd78f7d8d982daf476ebcecdd67773bb1f0e53eb8f1dcc31,336,336,\N
/content/drive/MyDrive/MMVQA_Clinical/data/raw/kvasir_capsule/osfstorage/labelled_images/Lymphangiectasia/7ad22d50ebaf4596_27434.jpg,data/raw/kvasir_capsule/osfstorage/labelled_images/Lymphangiectasia/7ad22d50ebaf4596_27434.jpg,True,9544b6c90f3402d6727b84f121719556ec9efcdb9fa75a66930367c71ff9faec,336,336,\N
/content/drive/MyDrive/MMVQA_Clinical/data/raw/kvasir_capsule/osfstorage/labelled_images/Lymphangiectasia/7ad22d50ebaf4596_27450.jpg,data/raw/kvasir_capsule/osfstorage/labelled_images/Lymphangiectasia/7ad22d50ebaf4596_27450.jpg,True,1d568d07edc11dab73705a038f7b05766de4772642a57f5fcbd9201677eea360,336,336,\N
/content/drive/MyDrive/MMVQA_Clinical/data/raw/kvasir_capsule/osfstorage/labelled_images/Lymphangiectasia/7ad22d50ebaf4596_27480.jpg,data/raw/kvasir_capsule/osfstorage/labelled_images/Lymphangiectasia/7ad22d50ebaf4596_27480.jpg,True,3fd1b1524675ed99fc244caa00c4950fa8743331f93de997d977958dbb0c4cc2,336,336,\N
/content/drive/MyDrive/MMVQA_Clinical/data/raw/kvasir_capsule/osfstorage/labelled_images/Lymphangiectasia/7ad22d50ebaf4596_27485.jpg,data/raw/kvasir_capsule/osfstorage/labelled_images/Lymphangiectasia/7ad22d50ebaf4596_27485.jpg,True,45416a00ea04d1e03e8c82b310f939df4d6ed9ac4c9178111d469a625cfa9624,336,336,\N
/content/drive/MyDrive/MMVQA_Clinical/data/raw/kvasir_capsule/osfstorage/labelled_images/Lymphangiectasia/7ad22d50ebaf4596_27490.jpg,data/raw/kvasir_capsule/osfstorage/labelled_images/Lymphangiectasia/7ad22d50ebaf4596_27490.jpg,True,117397fc32adc5040338580de47ac7740414c60f9872d62b5495f3ae3acaa198,336,336,\N
/content/drive/MyDrive/MMVQA_Clinical/data/raw/kvasir_capsule/osfstorage/labelled_images/Lymphangiectasia/7ad22d50ebaf4596_27494.jpg,data/raw/kvasir_capsule/osfstorage/labelled_images/Lymphangiectasia/7ad22d50ebaf4596_27494.jpg,True,7bb8c3188e5e65a441afcf9be96d45a57f6ff550614745109a73ce2f264360ad,336,336,\N
/content/drive/MyDrive/MMVQA_Clinical/data/raw/kvasir_capsule/osfstorage/labelled_images/Lymphangiectasia/7ad22d50ebaf4596_27515.jpg,data/raw/kvasir_capsule/osfstorage/labelled_images/Lymphangiectasia/7ad22d50ebaf4596_27515.jpg,True,4e3bb7f47430972a6bc60b402958cda9946337958f7d5a3f13d63cdbf5b9f580,336,336,\N
/content/drive/MyDrive/MMVQA_Clinical/data/raw/kvasir_capsule/osfstorage/labelled_images/Lymphangiectasia/7ad22d50ebaf4596_27524.jpg,data/raw/kvasir_capsule/osfstorage/labelled_images/Lymphangiectasia/7ad22d50ebaf4596_27524.jpg,True,cac59cd907b78a771767a71d840cb371379d8b18868d046b88529a8d0b66675b,336,336,\N
/content/drive/MyDrive/MMVQA_Clinical/data/raw/kvasir_capsule/osfstorage/labelled_images/Lymphangiectasia/7ad22d50ebaf4596_27595.jpg,data/raw/kvasir_capsule/osfstorage/labelled_images/Lymphangiectasia/7ad22d50ebaf4596_27595.jpg,True,2b2764e24e992ec80cadce3863e6a36c55bafb987394982cbefe9998219b4b62,336,336,\N
/content/drive/MyDrive/MMVQA_Clinical/data/raw/kvasir_capsule/osfstorage/labelled_images/Lymphangiectasia/7ad22d50ebaf4596_27611.jpg,data/raw/kvasir_capsule/osfstorage/labelled_images/Lymphangiectasia/7ad22d50ebaf4596_27611.jpg,True,2b632014363e0fad5ec31735d75288631a50da90df46a81c6b9956080b8cc7c3,336,336,\N
/content/drive/MyDrive/MMVQA_Clinical/data/raw/kvasir_capsule/osfstorage/labelled_images/Lymphangiectasia/7ad22d50ebaf4596_27616.jpg,data/raw/kvasir_capsule/osfstorage/labelled_images/Lymphangiectasia/7ad22d50ebaf4596_27616.jpg,True,f236fd0baf3ea51aed7bb1dd5fc1e51ca43161536406832d8ffb533f9fcbe183,336,336,\N
/content/drive/MyDrive/MMVQA_Clinical/data/raw/kvasir_capsule/osfstorage/labelled_images/Lymphangiectasia/7ad22d50ebaf4596_27631.jpg,data/raw/kvasir_capsule/osfstorage/labelled_images/Lymphangiectasia/7ad22d50ebaf4596_27631.jpg,True,ee431555e304c7ad5e162d60fa485e266df3b463c32436712518908af544f0c5,336,336,\N
/content/drive/MyDrive/MMVQA_Clinical/data/raw/kvasir_capsule/osfstorage/labelled_images/Lymphangiectasia/7ad22d50ebaf4596_28947.jpg,data/raw/kvasir_capsule/osfstorage/labelled_images/Lymphangiectasia/7ad22d50ebaf4596_28947.jpg,True,2d9e4ebc564084b61dd4f2f087621673bcb923bfee6d95e184776e9d8b8cdd80,336,336,\N
/content/drive/MyDrive/MMVQA_Clinical/data/raw/kvasir_capsule/osfstorage/labelled_images/Lymphangiectasia/7ad22d50ebaf4596_28960.jpg,data/raw/kvasir_capsule/osfstorage/labelled_images/Lymphangiectasia/7ad22d50ebaf4596_28960.jpg,True,645805068676f776d9b86a1d8930bfec13d23741ee8cab053c047063bdc21cd0,336,336,\N
/content/drive/MyDrive/MMVQA_Clinical/data/raw/kvasir_capsule/osfstorage/labelled_images/Lymphangiectasia/7ad22d50ebaf4596_29111.jpg,data/raw/kvasir_capsule/osfstorage/labelled_images/Lymphangiectasia/7ad22d50ebaf4596_29111.jpg,True,1e1c826d355de4296af2768ca7d0c8454ab3a038235390af2d160f004934e861,336,336,\N
/content/drive/MyDrive/MMVQA_Clinical/data/raw/kvasir_capsule/osfstorage/labelled_images/Lymphangiectasia/7ad22d50ebaf4596_29112.jpg,data/raw/kvasir_capsule/osfstorage/labelled_images/Lymphangiectasia/7ad22d50ebaf4596_29112.jpg,True,c59d2e0c1c3515c01defb04aa18555d81c34392790e161664d003c00062c4c73,336,336,\N
/content/drive/MyDrive/MMVQA_Clinical/data/raw/kvasir_capsule/osfstorage/labelled_images/Lymphangiectasia/7ad22d50ebaf4596_29169.jpg,data/raw/kvasir_capsule/osfstorage/labelled_images/Lymphangiectasia/7ad22d50ebaf4596_29169.jpg,True,b7de27d0fd8377d2ce2037a4d4b588219ba6b22315056517d4b926654b5de92b,336,336,\N
/content/drive/MyDrive/MMVQA_Clinical/data/raw/kvasir_capsule/osfstorage/labelled_images/Lymphangiectasia/7ad22d50ebaf4596_29171.jpg,data/raw/kvasir_capsule/osfstorage/labelled_images/Lymphangiectasia/7ad22d50ebaf4596_29171.jpg,True,ccb9281ff1b80a476c79642c475f686b7a5fd2ef9a77a02e74e0ac184cc2b2a5,336,336,\N
/content/drive/MyDrive/MMVQA_Clinical/data/raw/kvasir_capsule/osfstorage/labelled_images/Lymphangiectasia/7ad22d50ebaf4596_29172.jpg,data/raw/kvasir_capsule/osfstorage/labelled_images/Lymphangiectasia/7ad22d50ebaf4596_29172.jpg,True,7bdbac445f9e8b9a7f1bd7a17c24517c2a9e9c12e7074600a5979e9335244f32,336,336,\N
/content/drive/MyDrive/MMVQA_Clinical/data/raw/kvasir_capsule/osfstorage/labelled_images/Lymphangiectasia/7ad22d50ebaf4596_29188.jpg,data/raw/kvasir_capsule/osfstorage/labelled_images/Lymphangiectasia/7ad22d50ebaf4596_29188.jpg,True,67d3c613e07785e23d37cdb527a399a65e65ed345226e7ac18e7ccea34cb3391,336,336,\N
/content/drive/MyDrive/MMVQA_Clinical/data/raw/kvasir_capsule/osfstorage/labelled_images/Lymphangiectasia/7ad22d50ebaf4596_29199.jpg,data/raw/kvasir_capsule/osfstorage/labelled_images/Lymphangiectasia/7ad22d50ebaf4596_29199.jpg,True,24c0e383e4ad495c7b0c0fc3da8b20e4ce5fc74c77bf3058b544aa9ae1d03fc3,336,336,\N
/content/drive/MyDrive/MMVQA_Clinical/data/raw/kvasir_capsule/osfstorage/labelled_images/Lymphangiectasia/7ad22d50ebaf4596_29212.jpg,data/raw/kvasir_capsule/osfstorage/labelled_images/Lymphangiectasia/7ad22d50ebaf4596_29212.jpg,True,e34b3663b18da22f08c73ca16dc3c7021dd8cfde02d343bf4de7f3a43f1b5d50,336,336,\N
/content/drive/MyDrive/MMVQA_Clinical/data/raw/kvasir_capsule/osfstorage/labelled_images/Lymphangiectasia/7ad22d50ebaf4596_29224.jpg,data/raw/kvasir_capsule/osfstorage/labelled_images/Lymphangiectasia/7ad22d50ebaf4596_29224.jpg,True,b0e052ede8940b6f9dba6ee7a0162ffcfe2254c31df6fcca878687eb79f5f91b,336,336,\N
/content/drive/MyDrive/MMVQA_Clinical/data/raw/kvasir_capsule/osfstorage/labelled_images/Lymphangiectasia/7ad22d50ebaf4596_29225.jpg,data/raw/kvasir_capsule/osfstorage/labelled_images/Lymphangiectasia/7ad22d50ebaf4596_29225.jpg,True,75849e3ac79f281657fe0f0bdeade6c1d9a6ee02b7d55574c9fc19bfff41543f,336,336,\N
/content/drive/MyDrive/MMVQA_Clinical/data/raw/kvasir_capsule/osfstorage/labelled_images/Lymphangiectasia/7ad22d50ebaf4596_29235.jpg,data/raw/kvasir_capsule/osfstorage/labelled_images/Lymphangiectasia/7ad22d50ebaf4596_29235.jpg,True,c9021d9a4be8439d79e815a5a91948d21d3e6436edaa3690ae176accfff43c4b,336,336,\N
/content/drive/MyDrive/MMVQA_Clinical/data/raw/kvasir_capsule/osfstorage/labelled_images/Lymphangiectasia/7ad22d50ebaf4596_29242.jpg,data/raw/kvasir_capsule/osfstorage/labelled_images/Lymphangiectasia/7ad22d50ebaf4596_29242.jpg,True,f27d2e68be33ce0d5dee8f26ab4c48af9b6629270c1c6a1eb5f126b3736984f1,336,336,\N
/content/drive/MyDrive/MMVQA_Clinical/data/raw/kvasir_capsule/osfstorage/labelled_images/Lymphangiectasia/7ad22d50ebaf4596_29248.jpg,data/raw/kvasir_capsule/osfstorage/labelled_images/Lymphangiectasia/7ad22d50ebaf4596_29248.jpg,True,104d888e549654b73fd231ccf71a7e2979dbfc0eb12284ac9394e58932e8bfa4,336,336,\N
/content/drive/MyDrive/MMVQA_Clinical/data/raw/kvasir_capsule/osfstorage/labelled_images/Lymphangiectasia/7ad22d50ebaf4596_29254.jpg,data/raw/kvasir_capsule/osfstorage/labelled_images/Lymphangiectasia/7ad22d50ebaf4596_29254.jpg,True,563cc321f7c90f9456c8fd85d45a2bb071d8860620a77f3170c3583574bebd6b,336,336,\N
/content/drive/MyDrive/MMVQA_Clinical/data/raw/kvasir_capsule/osfstorage/labelled_images/Lymphangiectasia/7ad22d50ebaf4596_29255.jpg,data/raw/kvasir_capsule/osfstorage/labelled_images/Lymphangiectasia/7ad22d50ebaf4596_29255.jpg,True,8678dc760bcc6defc67065590026db5349921d8c2da901c16a26b3360afc8e18,336,336,\N
/content/drive/MyDrive/MMVQA_Clinical/data/raw/kvasir_capsule/osfstorage/labelled_images/Lymphangiectasia/7ad22d50ebaf4596_29259.jpg,data/raw/kvasir_capsule/osfstorage/labelled_images/Lymphangiectasia/7ad22d50ebaf4596_29259.jpg,True,41e054ad6aee37c15fcfaa49661cc933ec88a5018f8476f0474c05501112524c,336,336,\N
/content/drive/MyDrive/MMVQA_Clinical/data/raw/kvasir_capsule/osfstorage/labelled_images/Lymphangiectasia/7ad22d50ebaf4596_31131.jpg,data/raw/kvasir_capsule/osfstorage/labelled_images/Lymphangiectasia/7ad22d50ebaf4596_31131.jpg,True,819f8591487468237d98b4a678a1d43c3a9de343cf0de5e366242129ed979d45,336,336,\N
/content/drive/MyDrive/MMVQA_Clinical/data/raw/kvasir_capsule/osfstorage/labelled_images/Lymphangiectasia/7ad22d50ebaf4596_31132.jpg,data/raw/kvasir_capsule/osfstorage/labelled_images/Lymphangiectasia/7ad22d50ebaf4596_31132.jpg,True,b75852f762e324ba3f324f936a34e72a59a90e0407e2fb37c1059dde30af92df,336,336,\N
/content/drive/MyDrive/MMVQA_Clinical/data/raw/kvasir_capsule/osfstorage/labelled_images/Lymphangiectasia/7ad22d50ebaf4596_31134.jpg,data/raw/kvasir_capsule/osfstorage/labelled_images/Lymphangiectasia/7ad22d50ebaf4596_31134.jpg,True,43c3519cee5d0977465b0b443d3e2087586d1beaa59be74135306b73e5c77fbc,336,336,\N
/content/drive/MyDrive/MMVQA_Clinical/data/raw/kvasir_capsule/osfstorage/labelled_images/Lymphangiectasia/7ad22d50ebaf4596_31146.jpg,data/raw/kvasir_capsule/osfstorage/labelled_images/Lymphangiectasia/7ad22d50ebaf4596_31146.jpg,True,d577cd7702528c4d144175dd592b0c92b1e3267a524d0fe23fd78699467eb325,336,336,\N
/content/drive/MyDrive/MMVQA_Clinical/data/raw/kvasir_capsule/osfstorage/labelled_images/Lymphangiectasia/7ad22d50ebaf4596_31161.jpg,data/raw/kvasir_capsule/osfstorage/labelled_images/Lymphangiectasia/7ad22d50ebaf4596_31161.jpg,True,fa7320e299373b97ba9795a683abeb5ca8593bca1a14ee06ad4bcdfbe5c4c2ff,336,336,\N
/content/drive/MyDrive/MMVQA_Clinical/data/raw/kvasir_capsule/osfstorage/labelled_images/Lymphangiectasia/7ad22d50ebaf4596_31162.jpg,data/raw/kvasir_capsule/osfstorage/labelled_images/Lymphangiectasia/7ad22d50ebaf4596_31162.jpg,True,a6aaf23c407e424945b5cd8e145a7a9f0ac034ab0b473199e63b646732ffa128,336,336,\N
/content/drive/MyDrive/MMVQA_Clinical/data/raw/kvasir_capsule/osfstorage/labelled_images/Lymphangiectasia/7ad22d50ebaf4596_31176.jpg,data/raw/kvasir_capsule/osfstorage/labelled_images/Lymphangiectasia/7ad22d50ebaf4596_31176.jpg,True,9e2fc64ff2ef6f8f5b9e38b654fad21ce75a829cc66340742a16325cbb90b7f7,336,336,\N
/content/drive/MyDrive/MMVQA_Clinical/data/raw/kvasir_capsule/osfstorage/labelled_images/Lymphangiectasia/7ad22d50ebaf4596_31191.jpg,data/raw/kvasir_capsule/osfstorage/labelled_images/Lymphangiectasia/7ad22d50ebaf4596_31191.jpg,True,fa202f5ee667558596cc1258be519c1d7d6c16e4cd9aad1ec8bef928e7b23958,336,336,\N
/content/drive/MyDrive/MMVQA_Clinical/data/raw/kvasir_capsule/osfstorage/labelled_images/Lymphangiectasia/7ad22d50ebaf4596_31192.jpg,data/raw/kvasir_capsule/osfstorage/labelled_images/Lymphangiectasia/7ad22d50ebaf4596_31192.jpg,True,6cabdd9b8d8e00fa06ae2c309cb143fd095769fac01f90cc575f2011428226df,336,336,\N
/content/drive/MyDrive/MMVQA_Clinical/data/raw/kvasir_capsule/osfstorage/labelled_images/Lymphangiectasia/7ad22d50ebaf4596_31194.jpg,data/raw/kvasir_capsule/osfstorage/labelled_images/Lymphangiectasia/7ad22d50ebaf4596_31194.jpg,True,662221f93df610135cf057a3255c2638175a9dbeb8eb0fb1e8ce792805a973a6,336,336,\N
/content/drive/MyDrive/MMVQA_Clinical/data/raw/kvasir_capsule/osfstorage/labelled_images/Lymphangiectasia/7ad22d50ebaf4596_31195.jpg,data/raw/kvasir_capsule/osfstorage/labelled_images/Lymphangiectasia/7ad22d50ebaf4596_31195.jpg,True,43b3c533c9a494063c86437a9f07626eb75be29e52f8824c5c444dc76b5d6660,336,336,\N
/content/drive/MyDrive/MMVQA_Clinical/data/raw/kvasir_capsule/osfstorage/labelled_images/Lymphangiectasia/7ad22d50ebaf4596_31206.jpg,data/raw/kvasir_capsule/osfstorage/labelled_images/Lymphangiectasia/7ad22d50ebaf4596_31206.jpg,True,2db44204b2b3d979d23551c85d4910f668ac1931387089505c50b159e1210589,336,336,\N
/content/drive/MyDrive/MMVQA_Clinical/data/raw/kvasir_capsule/osfstorage/labelled_images/Lymphangiectasia/7ad22d50ebaf4596_31207.jpg,data/raw/kvasir_capsule/osfstorage/labelled_images/Lymphangiectasia/7ad22d50ebaf4596_31207.jpg,True,6b8aa35e7ca5660bcf4bbf2b9457b767e0039a0baab2af437d7a40eec586e256,336,336,\N
/content/drive/MyDrive/MMVQA_Clinical/data/raw/kvasir_capsule/osfstorage/labelled_images/Lymphangiectasia/7ad22d50ebaf4596_31219.jpg,data/raw/kvasir_capsule/osfstorage/labelled_images/Lymphangiectasia/7ad22d50ebaf4596_31219.jpg,True,2e94ebe6e91dda59475238a88f9a681f8c1371e00471e7d60a4577ef44a21d7c,336,336,\N
/content/drive/MyDrive/MMVQA_Clinical/data/raw/kvasir_capsule/osfstorage/labelled_images/Lymphangiectasia/7ad22d50ebaf4596_31254.jpg,data/raw/kvasir_capsule/osfstorage/labelled_images/Lymphangiectasia/7ad22d50ebaf4596_31254.jpg,True,a7fd3c23cc594ed30603039ac93c8ff552fc487b571e57ff668e43c0c0178960,336,336,\N
/content/drive/MyDrive/MMVQA_Clinical/data/raw/kvasir_capsule/osfstorage/labelled_images/Lymphangiectasia/7ad22d50ebaf4596_31255.jpg,data/raw/kvasir_capsule/osfstorage/labelled_images/Lymphangiectasia/7ad22d50ebaf4596_31255.jpg,True,8175f108d4294337042384a63470c3bc746a0106ee35672c1168482c9708f536,336,336,\N
/content/drive/MyDrive/MMVQA_Clinical/data/raw/kvasir_capsule/osfstorage/labelled_images/Lymphangiectasia/7ad22d50ebaf4596_31267.jpg,data/raw/kvasir_capsule/osfstorage/labelled_images/Lymphangiectasia/7ad22d50ebaf4596_31267.jpg,True,404f80dd4d57d274ae2d7b469a3b421e06e6a6df5e7376ba8d5ad5878808af37,336,336,\N
/content/drive/MyDrive/MMVQA_Clinical/data/raw/kvasir_capsule/osfstorage/labelled_images/Lymphangiectasia/7ad22d50ebaf4596_31279.jpg,data/raw/kvasir_capsule/osfstorage/labelled_images/Lymphangiectasia/7ad22d50ebaf4596_31279.jpg,True,a56d2b075fbdc412fa42252961c11e764c3a07bfb0956b54c7347f604044334d,336,336,\N
/content/drive/MyDrive/MMVQA_Clinical/data/raw/kvasir_capsule/osfstorage/labelled_images/Lymphangiectasia/7ad22d50ebaf4596_31291.jpg,data/raw/kvasir_capsule/osfstorage/labelled_images/Lymphangiectasia/7ad22d50ebaf4596_31291.jpg,True,ea2aa752dddf28175d641cf3a0f8e2291931f6b4ecf4d88657b236542469bae0,336,336,\N
/content/drive/MyDrive/MMVQA_Clinical/data/raw/kvasir_capsule/osfstorage/labelled_images/Normal clean mucosa/04a78ef00c5245e0_12901.jpg,data/raw/kvasir_capsule/osfstorage/labelled_images/Normal clean mucosa/04a78ef00c5245e0_12901.jpg,True,86288894c7e99d35a1db580c460b6d928817386000dcb6522e2c06a36b513d66,336,336,\N
/content/drive/MyDrive/MMVQA_Clinical/data/raw/kvasir_capsule/osfstorage/labelled_images/Normal clean mucosa/04a78ef00c5245e0_12931.jpg,data/raw/kvasir_capsule/osfstorage/labelled_images/Normal clean mucosa/04a78ef00c5245e0_12931.jpg,True,fd1d420133000df4676b01a9234b2749c245a71e5d9134a46271d0131f005501,336,336,\N
/content/drive/MyDrive/MMVQA_Clinical/data/raw/kvasir_capsule/osfstorage/labelled_images/Normal clean mucosa/04a78ef00c5245e0_12961.jpg,data/raw/kvasir_capsule/osfstorage/labelled_images/Normal clean mucosa/04a78ef00c5245e0_12961.jpg,True,a71598673a90059130564a0b946495e92495469466c0d8d1a010659d4abfda59,336,336,\N
/content/drive/MyDrive/MMVQA_Clinical/data/raw/kvasir_capsule/osfstorage/labelled_images/Normal clean mucosa/04a78ef00c5245e0_12991.jpg,data/raw/kvasir_capsule/osfstorage/labelled_images/Normal clean mucosa/04a78ef00c5245e0_12991.jpg,True,de0e4b5009b4f2f0eb7d223e0a8c631a2f36c19eea7302d838079f6da93c08db,336,336,\N
/content/drive/MyDrive/MMVQA_Clinical/data/raw/kvasir_capsule/osfstorage/labelled_images/Normal clean mucosa/04a78ef00c5245e0_13021.jpg,data/raw/kvasir_capsule/osfstorage/labelled_images/Normal clean mucosa/04a78ef00c5245e0_13021.jpg,True,00aa12020a04b2870bda481c69c361309d3c1bcf8753abdf1704d61e9bb656d9,336,336,\N
/content/drive/MyDrive/MMVQA_Clinical/data/raw/kvasir_capsule/osfstorage/labelled_images/Normal clean mucosa/04a78ef00c5245e0_14124.jpg,data/raw/kvasir_capsule/osfstorage/labelled_images/Normal clean mucosa/04a78ef00c5245e0_14124.jpg,True,03de0ce978316ce43e1fa5cf843736db6b33e4b6f84e2bd5c0284b032b6025b1,336,336,\N
/content/drive/MyDrive/MMVQA_Clinical/data/raw/kvasir_capsule/osfstorage/labelled_images/Normal clean mucosa/04a78ef00c5245e0_14154.jpg,data/raw/kvasir_capsule/osfstorage/labelled_images/Normal clean mucosa/04a78ef00c5245e0_14154.jpg,True,bfc4e5bf8f5c633d1fb0e9a0514dc69027d4c50042251389037e62d6f48fa10e,336,336,\N
/content/drive/MyDrive/MMVQA_Clinical/data/raw/kvasir_capsule/osfstorage/labelled_images/Normal clean mucosa/04a78ef00c5245e0_14184.jpg,data/raw/kvasir_capsule/osfstorage/labelled_images/Normal clean mucosa/04a78ef00c5245e0_14184.jpg,True,097a560ec63706de402213e9ae5470bb321299e3df050886f36158536d59c922,336,336,\N
/content/drive/MyDrive/MMVQA_Clinical/data/raw/kvasir_capsule/osfstorage/labelled_images/Normal clean mucosa/04a78ef00c5245e0_15602.jpg,data/raw/kvasir_capsule/osfstorage/labelled_images/Normal clean mucosa/04a78ef00c5245e0_15602.jpg,True,d8e51c4b43602315f45d8f22f9b9b8bc2f9a04dc29d052fe49fd137a6fb9629f,336,336,\N
/content/drive/MyDrive/MMVQA_Clinical/data/raw/kvasir_capsule/osfstorage/labelled_images/Normal clean mucosa/04a78ef00c5245e0_17120.jpg,data/raw/kvasir_capsule/osfstorage/labelled_images/Normal clean mucosa/04a78ef00c5245e0_17120.jpg,True,a02598ec79a4f5c9d8336fafb2149c47d7c35cb3fd681c440ec88bc8b9499578,336,336,\N
/content/drive/MyDrive/MMVQA_Clinical/data/raw/kvasir_capsule/osfstorage/labelled_images/Normal clean mucosa/04a78ef00c5245e0_21010.jpg,data/raw/kvasir_capsule/osfstorage/labelled_images/Normal clean mucosa/04a78ef00c5245e0_21010.jpg,True,f31d5a2a22776cb13acff5fbd7664c15b3f1311f488f04f03562b3460aa22c62,336,336,\N
/content/drive/MyDrive/MMVQA_Clinical/data/raw/kvasir_capsule/osfstorage/labelled_images/Normal clean mucosa/04a78ef00c5245e0_21040.jpg,data/raw/kvasir_capsule/osfstorage/labelled_images/Normal clean mucosa/04a78ef00c5245e0_21040.jpg,True,3bd41a2842e9e9f5f0b9f3850bec7b2c3abc7654f274a84a81d14d45542fdce7,336,336,\N
/content/drive/MyDrive/MMVQA_Clinical/data/raw/kvasir_capsule/osfstorage/labelled_images/Normal clean mucosa/04a78ef00c5245e0_21070.jpg,data/raw/kvasir_capsule/osfstorage/labelled_images/Normal clean mucosa/04a78ef00c5245e0_21070.jpg,True,b72935f019dc8d357953f82c97466ca50ccaea16b6bcb3ece990364716d8fbe6,336,336,\N
/content/drive/MyDrive/MMVQA_Clinical/data/raw/kvasir_capsule/osfstorage/labelled_images/Normal clean mucosa/04a78ef00c5245e0_21100.jpg,data/raw/kvasir_capsule/osfstorage/labelled_images/Normal clean mucosa/04a78ef00c5245e0_21100.jpg,True,6ce606e229ad03a1c0153dfd97d9bd98516f0443b12b6841f4481a1d6a6d602d,336,336,\N
/content/drive/MyDrive/MMVQA_Clinical/data/raw/kvasir_capsule/osfstorage/labelled_images/Normal clean mucosa/04a78ef00c5245e0_21130.jpg,data/raw/kvasir_capsule/osfstorage/labelled_images/Normal clean mucosa/04a78ef00c5245e0_21130.jpg,True,f1f1f72f66e8c353365cff53047c737b5a675584b5b13bd6dee854a78f891ec9,336,336,\N
/content/drive/MyDrive/MMVQA_Clinical/data/raw/kvasir_capsule/osfstorage/labelled_images/Normal clean mucosa/04a78ef00c5245e0_27933.jpg,data/raw/kvasir_capsule/osfstorage/labelled_images/Normal clean mucosa/04a78ef00c5245e0_27933.jpg,True,bba46e35c7efcefe6915891a7f213ee5edf0a655d306712df71945353eeb0c4a,336,336,\N
/content/drive/MyDrive/MMVQA_Clinical/data/raw/kvasir_capsule/osfstorage/labelled_images/Normal clean mucosa/04a78ef00c5245e0_27963.jpg,data/raw/kvasir_capsule/osfstorage/labelled_images/Normal clean mucosa/04a78ef00c5245e0_27963.jpg,True,96c9bd641e017c1fc2cf020e82c1ae4e0f6713c33965d7813829e58f49c9ee64,336,336,\N
/content/drive/MyDrive/MMVQA_Clinical/data/raw/kvasir_capsule/osfstorage/labelled_images/Normal clean mucosa/04a78ef00c5245e0_27993.jpg,data/raw/kvasir_capsule/osfstorage/labelled_images/Normal clean mucosa/04a78ef00c5245e0_27993.jpg,True,4b2e3542055ea5d26a1c36bf76d3e929c49f3363ef038bdc57d2409bbc89b03f,336,336,\N
/content/drive/MyDrive/MMVQA_Clinical/data/raw/kvasir_capsule/osfstorage/labelled_images/Normal clean mucosa/0531325b64674948_10080.jpg,data/raw/kvasir_capsule/osfstorage/labelled_images/Normal clean mucosa/0531325b64674948_10080.jpg,True,9733cd9893091c617a10e8054a53a3234c95a0fe045491d56d2c6863a128364e,336,336,\N
/content/drive/MyDrive/MMVQA_Clinical/data/raw/kvasir_capsule/osfstorage/labelled_images/Normal clean mucosa/0531325b64674948_10110.jpg,data/raw/kvasir_capsule/osfstorage/labelled_images/Normal clean mucosa/0531325b64674948_10110.jpg,True,9b92175ee53efa8c6cdcaac4e6b52f63a51428f3baae16ebf8f9ab8208539afb,336,336,\N
/content/drive/MyDrive/MMVQA_Clinical/data/raw/kvasir_capsule/osfstorage/labelled_images/Normal clean mucosa/0531325b64674948_10140.jpg,data/raw/kvasir_capsule/osfstorage/labelled_images/Normal clean mucosa/0531325b64674948_10140.jpg,True,46721e58be644b7237bd6c7fe7f67e63fdc36b224cf63bb2b8c432ce62b0e1bc,336,336,\N
/content/drive/MyDrive/MMVQA_Clinical/data/raw/kvasir_capsule/osfstorage/labelled_images/Normal clean mucosa/0531325b64674948_10170.jpg,data/raw/kvasir_capsule/osfstorage/labelled_images/Normal clean mucosa/0531325b64674948_10170.jpg,True,7faf2acfa59733035ddd88ebdfc8056ea556677554d2d43262499d4678939619,336,336,\N
/content/drive/MyDrive/MMVQA_Clinical/data/raw/kvasir_capsule/osfstorage/labelled_images/Normal clean mucosa/0531325b64674948_10200.jpg,data/raw/kvasir_capsule/osfstorage/labelled_images/Normal clean mucosa/0531325b64674948_10200.jpg,True,36065067807d9db3480bdcb569cfdc002ad96c4788c78ae97e33155a7236a03d,336,336,\N
/content/drive/MyDrive/MMVQA_Clinical/data/raw/kvasir_capsule/osfstorage/labelled_images/Normal clean mucosa/0531325b64674948_4676.jpg,data/raw/kvasir_capsule/osfstorage/labelled_images/Normal clean mucosa/0531325b64674948_4676.jpg,True,4bdf00f76522d67b10c2f9e5c31ae172d8165a7ae9b24e196ef3519217a52a33,336,336,\N
/content/drive/MyDrive/MMVQA_Clinical/data/raw/kvasir_capsule/osfstorage/labelled_images/Normal clean mucosa/0531325b64674948_4706.jpg,data/raw/kvasir_capsule/osfstorage/labelled_images/Normal clean mucosa/0531325b64674948_4706.jpg,True,0a485f4277f3a9b7faae0a2e8cb0ed2cae807539d27a582af5316a6e49361918,336,336,\N
/content/drive/MyDrive/MMVQA_Clinical/data/raw/kvasir_capsule/osfstorage/labelled_images/Normal clean mucosa/0531325b64674948_4736.jpg,data/raw/kvasir_capsule/osfstorage/labelled_images/Normal clean mucosa/0531325b64674948_4736.jpg,True,6245ad250a2265a596f60374690e34fc146e1a67637f929ea5748a08af5f9258,336,336,\N
/content/drive/MyDrive/MMVQA_Clinical/data/raw/kvasir_capsule/osfstorage/labelled_images/Normal clean mucosa/0531325b64674948_4766.jpg,data/raw/kvasir_capsule/osfstorage/labelled_images/Normal clean mucosa/0531325b64674948_4766.jpg,True,de8525996b84ed8da06f67169629b15cf05a7c2542f739bba0d649d0fab346f2,336,336,\N
/content/drive/MyDrive/MMVQA_Clinical/data/raw/kvasir_capsule/osfstorage/labelled_images/Normal clean mucosa/0531325b64674948_4796.jpg,data/raw/kvasir_capsule/osfstorage/labelled_images/Normal clean mucosa/0531325b64674948_4796.jpg,True,a7a61971fe73adaffb999bf4f9282d67ce33373ea4f3a2682a35bb690729831d,336,336,\N
/content/drive/MyDrive/MMVQA_Clinical/data/raw/kvasir_capsule/osfstorage/labelled_images/Normal clean mucosa/0531325b64674948_8387.jpg,data/raw/kvasir_capsule/osfstorage/labelled_images/Normal clean mucosa/0531325b64674948_8387.jpg,True,8af551c320e6ebdc5d28bd9b7d8a047bd6aeef51a8d322290538ed75940d3b32,336,336,\N
/content/drive/MyDrive/MMVQA_Clinical/data/raw/kvasir_capsule/osfstorage/labelled_images/Normal clean mucosa/0531325b64674948_8417.jpg,data/raw/kvasir_capsule/osfstorage/labelled_images/Normal clean mucosa/0531325b64674948_8417.jpg,True,bf2b0494408c54d6dacdf371968b4882e895520ff1121d40801038f68a2e5f7b,336,336,\N
/content/drive/MyDrive/MMVQA_Clinical/data/raw/kvasir_capsule/osfstorage/labelled_images/Normal clean mucosa/0531325b64674948_8447.jpg,data/raw/kvasir_capsule/osfstorage/labelled_images/Normal clean mucosa/0531325b64674948_8447.jpg,True,4ca8012326c1d039904301a0a5ffd02881ed783d7f6ed1cfa92562956a96235e,336,336,\N
/content/drive/MyDrive/MMVQA_Clinical/data/raw/kvasir_capsule/osfstorage/labelled_images/Normal clean mucosa/0531325b64674948_8477.jpg,data/raw/kvasir_capsule/osfstorage/labelled_images/Normal clean mucosa/0531325b64674948_8477.jpg,True,bcaf3feb9c6a3501dc2863a9b2fc792325371efef53e8158160a8b779b19b22e,336,336,\N
/content/drive/MyDrive/MMVQA_Clinical/data/raw/kvasir_capsule/osfstorage/labelled_images/Normal clean mucosa/0531325b64674948_8507.jpg,data/raw/kvasir_capsule/osfstorage/labelled_images/Normal clean mucosa/0531325b64674948_8507.jpg,True,c45e228bac564f7f87332afc563779b0527faa16fbe7016b008e89f76ad5a981,336,336,\N
/content/drive/MyDrive/MMVQA_Clinical/data/raw/kvasir_capsule/osfstorage/labelled_images/Normal clean mucosa/0728084c8da942d9_10995.jpg,data/raw/kvasir_capsule/osfstorage/labelled_images/Normal clean mucosa/0728084c8da942d9_10995.jpg,True,a96b346d04e5d9f1dc744ea2af96aa9fd80a34ec18bec07a7bef2897aed180ef,336,336,\N
/content/drive/MyDrive/MMVQA_Clinical/data/raw/kvasir_capsule/osfstorage/labelled_images/Normal clean mucosa/0728084c8da942d9_11025.jpg,data/raw/kvasir_capsule/osfstorage/labelled_images/Normal clean mucosa/0728084c8da942d9_11025.jpg,True,ef4251ab3cd627940945ca8cccf582608cb566cb92e0263d6d44f0b68db16d03,336,336,\N
/content/drive/MyDrive/MMVQA_Clinical/data/raw/kvasir_capsule/osfstorage/labelled_images/Normal clean mucosa/0728084c8da942d9_11055.jpg,data/raw/kvasir_capsule/osfstorage/labelled_images/Normal clean mucosa/0728084c8da942d9_11055.jpg,True,6dc8369fc9be1839a1e1bc44ae1cddbcc18b4d4125b66a14c4d67ddd05d2d389,336,336,\N
/content/drive/MyDrive/MMVQA_Clinical/data/raw/kvasir_capsule/osfstorage/labelled_images/Normal clean mucosa/0728084c8da942d9_11085.jpg,data/raw/kvasir_capsule/osfstorage/labelled_images/Normal clean mucosa/0728084c8da942d9_11085.jpg,True,3abcb3cfb7f694e201dec7841e080e9402c5fef9215a7c7c34832f4cd78b2be1,336,336,\N
/content/drive/MyDrive/MMVQA_Clinical/data/raw/kvasir_capsule/osfstorage/labelled_images/Normal clean mucosa/0728084c8da942d9_11115.jpg,data/raw/kvasir_capsule/osfstorage/labelled_images/Normal clean mucosa/0728084c8da942d9_11115.jpg,True,0cd8dd8447bfa90c93a173615118210416cc2cc663f2adf92a020c2ac7d0f8c0,336,336,\N
/content/drive/MyDrive/MMVQA_Clinical/data/raw/kvasir_capsule/osfstorage/labelled_images/Normal clean mucosa/0728084c8da942d9_14132.jpg,data/raw/kvasir_capsule/osfstorage/labelled_images/Normal clean mucosa/0728084c8da942d9_14132.jpg,True,9a9b2aba7f46b34ab3d4878334852c95e109fed4c7860da12bea408a779b9052,336,336,\N
/content/drive/MyDrive/MMVQA_Clinical/data/raw/kvasir_capsule/osfstorage/labelled_images/Normal clean mucosa/0728084c8da942d9_14162.jpg,data/raw/kvasir_capsule/osfstorage/labelled_images/Normal clean mucosa/0728084c8da942d9_14162.jpg,True,95086b1c243e333fd07f09dfb65486a9e08fe626867e7acb10876840c043d544,336,336,\N
/content/drive/MyDrive/MMVQA_Clinical/data/raw/kvasir_capsule/osfstorage/labelled_images/Normal clean mucosa/0728084c8da942d9_14192.jpg,data/raw/kvasir_capsule/osfstorage/labelled_images/Normal clean mucosa/0728084c8da942d9_14192.jpg,True,8857062bfde57e41230e1fb8898cb61e47de75aecb0d45da1fa90c4303676e62,336,336,\N
/content/drive/MyDrive/MMVQA_Clinical/data/raw/kvasir_capsule/osfstorage/labelled_images/Normal clean mucosa/0728084c8da942d9_14222.jpg,data/raw/kvasir_capsule/osfstorage/labelled_images/Normal clean mucosa/0728084c8da942d9_14222.jpg,True,aee7473220fe5f444e8fb809a13e01d5f2d49bafcd4d7c9bbcf1c515921cbf62,336,336,\N
/content/drive/MyDrive/MMVQA_Clinical/data/raw/kvasir_capsule/osfstorage/labelled_images/Normal clean mucosa/0728084c8da942d9_14252.jpg,data/raw/kvasir_capsule/osfstorage/labelled_images/Normal clean mucosa/0728084c8da942d9_14252.jpg,True,5dec576c2310cec3e81574789fee87b8825f0923e56abeedf65f51ce17467680,336,336,\N
/content/drive/MyDrive/MMVQA_Clinical/data/raw/kvasir_capsule/osfstorage/labelled_images/Normal clean mucosa/0728084c8da942d9_16479.jpg,data/raw/kvasir_capsule/osfstorage/labelled_images/Normal clean mucosa/0728084c8da942d9_16479.jpg,True,b3f85c71a03c74b55e1bf6ef99ba6603b30f4c21497c135aa7a22363a3c914e7,336,336,\N
/content/drive/MyDrive/MMVQA_Clinical/data/raw/kvasir_capsule/osfstorage/labelled_images/Normal clean mucosa/0728084c8da942d9_16509.jpg,data/raw/kvasir_capsule/osfstorage/labelled_images/Normal clean mucosa/0728084c8da942d9_16509.jpg,True,b80d20b095a800f7a9be1adad1019c810508f7ac8cfe8691b0ca0a4726fdb1cd,336,336,\N
/content/drive/MyDrive/MMVQA_Clinical/data/raw/kvasir_capsule/osfstorage/labelled_images/Normal clean mucosa/0728084c8da942d9_16539.jpg,data/raw/kvasir_capsule/osfstorage/labelled_images/Normal clean mucosa/0728084c8da942d9_16539.jpg,True,d9ede7081ae01e4e1074bd010d5869ee86509502624c0fcb2627da68d71812c0,336,336,\N
/content/drive/MyDrive/MMVQA_Clinical/data/raw/kvasir_capsule/osfstorage/labelled_images/Normal clean mucosa/0728084c8da942d9_16569.jpg,data/raw/kvasir_capsule/osfstorage/labelled_images/Normal clean mucosa/0728084c8da942d9_16569.jpg,True,8c52f04411084703c0b761b10d1cd91a6ff187549e3f22bc7b825ca714cfd65a,336,336,\N
/content/drive/MyDrive/MMVQA_Clinical/data/raw/kvasir_capsule/osfstorage/labelled_images/Normal clean mucosa/0728084c8da942d9_16599.jpg,data/raw/kvasir_capsule/osfstorage/labelled_images/Normal clean mucosa/0728084c8da942d9_16599.jpg,True,b76f66890ce2794b1aa5f828a1f1b83e5ad94c71dc6e3c58b24876e4439a650e,336,336,\N
/content/drive/MyDrive/MMVQA_Clinical/data/raw/kvasir_capsule/osfstorage/labelled_images/Normal clean mucosa/0728084c8da942d9_20142.jpg,data/raw/kvasir_capsule/osfstorage/labelled_images/Normal clean mucosa/0728084c8da942d9_20142.jpg,True,720fbc968746bf24847e1542fc0e09915cf7fe47bf05507446af78df4aba8c60,336,336,\N
/content/drive/MyDrive/MMVQA_Clinical/data/raw/kvasir_capsule/osfstorage/labelled_images/Normal clean mucosa/0728084c8da942d9_20172.jpg,data/raw/kvasir_capsule/osfstorage/labelled_images/Normal clean mucosa/0728084c8da942d9_20172.jpg,True,8c9ec0020b815145476c0c99943087d9a77d8c633034536f626ca184cf6d6553,336,336,\N
/content/drive/MyDrive/MMVQA_Clinical/data/raw/kvasir_capsule/osfstorage/labelled_images/Normal clean mucosa/0728084c8da942d9_20202.jpg,data/raw/kvasir_capsule/osfstorage/labelled_images/Normal clean mucosa/0728084c8da942d9_20202.jpg,True,76a34da8c841611101a1a2f8126d402bd36e2967836636273e45380cdd273282,336,336,\N
/content/drive/MyDrive/MMVQA_Clinical/data/raw/kvasir_capsule/osfstorage/labelled_images/Normal clean mucosa/0728084c8da942d9_22960.jpg,data/raw/kvasir_capsule/osfstorage/labelled_images/Normal clean mucosa/0728084c8da942d9_22960.jpg,True,b5d5e9de6757398b23f06f34971301e100e83244bd2e6cd5b76bb10fbc7e7700,336,336,\N
/content/drive/MyDrive/MMVQA_Clinical/data/raw/kvasir_capsule/osfstorage/labelled_images/Normal clean mucosa/0728084c8da942d9_22990.jpg,data/raw/kvasir_capsule/osfstorage/labelled_images/Normal clean mucosa/0728084c8da942d9_22990.jpg,True,01d17b6caec50eac48cfd1caef62a7be03c0617bf511717c132ae17f2cd8a81a,336,336,\N
/content/drive/MyDrive/MMVQA_Clinical/data/raw/kvasir_capsule/osfstorage/labelled_images/Normal clean mucosa/0728084c8da942d9_23020.jpg,data/raw/kvasir_capsule/osfstorage/labelled_images/Normal clean mucosa/0728084c8da942d9_23020.jpg,True,e08b2eab9610167839d25016ac03306337aaa7132d8001e7ca770e7bdefb0ad8,336,336,\N
/content/drive/MyDrive/MMVQA_Clinical/data/raw/kvasir_capsule/osfstorage/labelled_images/Normal clean mucosa/0728084c8da942d9_23050.jpg,data/raw/kvasir_capsule/osfstorage/labelled_images/Normal clean mucosa/0728084c8da942d9_23050.jpg,True,a3c2d6654d77829c362fcd6bbf93db5f98212e16bdf82258fa23221ee845fa38,336,336,\N
/content/drive/MyDrive/MMVQA_Clinical/data/raw/kvasir_capsule/osfstorage/labelled_images/Normal clean mucosa/0728084c8da942d9_23080.jpg,data/raw/kvasir_capsule/osfstorage/labelled_images/Normal clean mucosa/0728084c8da942d9_23080.jpg,True,d4d5cee3dab7d2b4ba68760e7b75268be95a522526289534b194ba0efb7a28ff,336,336,\N
/content/drive/MyDrive/MMVQA_Clinical/data/raw/kvasir_capsule/osfstorage/labelled_images/Normal clean mucosa/0728084c8da942d9_5275.jpg,data/raw/kvasir_capsule/osfstorage/labelled_images/Normal clean mucosa/0728084c8da942d9_5275.jpg,True,6ca73501278db57917d84e8736683abcbca9ce36b566a9ac1379bf94da3aa31a,336,336,\N
/content/drive/MyDrive/MMVQA_Clinical/data/raw/kvasir_capsule/osfstorage/labelled_images/Normal clean mucosa/0728084c8da942d9_5305.jpg,data/raw/kvasir_capsule/osfstorage/labelled_images/Normal clean mucosa/0728084c8da942d9_5305.jpg,True,7bada435eac162bdb099fda1ce2c0278946e40eb8b52b342da3fc3fa38fdffb0,336,336,\N
/content/drive/MyDrive/MMVQA_Clinical/data/raw/kvasir_capsule/osfstorage/labelled_images/Normal clean mucosa/0728084c8da942d9_5335.jpg,data/raw/kvasir_capsule/osfstorage/labelled_images/Normal clean mucosa/0728084c8da942d9_5335.jpg,True,6f281680478e59c6d064443195df2cfc6a139ec0bb3856867218115900d567d1,336,336,\N
/content/drive/MyDrive/MMVQA_Clinical/data/raw/kvasir_capsule/osfstorage/labelled_images/Normal clean mucosa/0728084c8da942d9_5365.jpg,data/raw/kvasir_capsule/osfstorage/labelled_images/Normal clean mucosa/0728084c8da942d9_5365.jpg,True,0743dcc6073e3a427411611cb51687882dd048e208fd5dccea82146629b7531d,336,336,\N
/content/drive/MyDrive/MMVQA_Clinical/data/raw/kvasir_capsule/osfstorage/labelled_images/Normal clean mucosa/0728084c8da942d9_5395.jpg,data/raw/kvasir_capsule/osfstorage/labelled_images/Normal clean mucosa/0728084c8da942d9_5395.jpg,True,a7bf288030f071f53dc44e5ec6dd307b39e95c992dab456ca372c990d6d5759f,336,336,\N
/content/drive/MyDrive/MMVQA_Clinical/data/raw/kvasir_capsule/osfstorage/labelled_images/Normal clean mucosa/07c1fa15a20a4398_1499.jpg,data/raw/kvasir_capsule/osfstorage/labelled_images/Normal clean mucosa/07c1fa15a20a4398_1499.jpg,True,f2e4522317d203acc607fe1619cff769e6a0f75215bc787d54a18f7febc8a8be,336,336,\N
/content/drive/MyDrive/MMVQA_Clinical/data/raw/kvasir_capsule/osfstorage/labelled_images/Normal clean mucosa/07c1fa15a20a4398_1529.jpg,data/raw/kvasir_capsule/osfstorage/labelled_images/Normal clean mucosa/07c1fa15a20a4398_1529.jpg,True,fd15e99b27125279bd38eafe069c0f9be4a6ce886e13014a541bf6d72c30e194,336,336,\N
/content/drive/MyDrive/MMVQA_Clinical/data/raw/kvasir_capsule/osfstorage/labelled_images/Normal clean mucosa/07c1fa15a20a4398_1559.jpg,data/raw/kvasir_capsule/osfstorage/labelled_images/Normal clean mucosa/07c1fa15a20a4398_1559.jpg,True,4e7cc0cab5181b39aa6c4e3741710087da453da2d37340e51b1ccaa0be3f8738,336,336,\N
/content/drive/MyDrive/MMVQA_Clinical/data/raw/kvasir_capsule/osfstorage/labelled_images/Normal clean mucosa/07c1fa15a20a4398_1589.jpg,data/raw/kvasir_capsule/osfstorage/labelled_images/Normal clean mucosa/07c1fa15a20a4398_1589.jpg,True,986854f3017b67ac774502ba0d9ca03dd5a647454c0424d4e993a375a299baa6,336,336,\N
/content/drive/MyDrive/MMVQA_Clinical/data/raw/kvasir_capsule/osfstorage/labelled_images/Normal clean mucosa/07c1fa15a20a4398_1619.jpg,data/raw/kvasir_capsule/osfstorage/labelled_images/Normal clean mucosa/07c1fa15a20a4398_1619.jpg,True,d238f5bfbb007bcffb2cf0013831131a6db29621e147c167bc6b7a48a8d08040,336,336,\N
/content/drive/MyDrive/MMVQA_Clinical/data/raw/kvasir_capsule/osfstorage/labelled_images/Normal clean mucosa/07c1fa15a20a4398_4955.jpg,data/raw/kvasir_capsule/osfstorage/labelled_images/Normal clean mucosa/07c1fa15a20a4398_4955.jpg,True,dadb58856defd9aa5a694d92f06389cccbeea1d06908a71013a77d9fc172e3ba,336,336,\N
/content/drive/MyDrive/MMVQA_Clinical/data/raw/kvasir_capsule/osfstorage/labelled_images/Normal clean mucosa/07c1fa15a20a4398_4985.jpg,data/raw/kvasir_capsule/osfstorage/labelled_images/Normal clean mucosa/07c1fa15a20a4398_4985.jpg,True,48bc326613646562a08924a83d18e0b272707b4020bb5090b7dc122d67afee38,336,336,\N
/content/drive/MyDrive/MMVQA_Clinical/data/raw/kvasir_capsule/osfstorage/labelled_images/Normal clean mucosa/07c1fa15a20a4398_5015.jpg,data/raw/kvasir_capsule/osfstorage/labelled_images/Normal clean mucosa/07c1fa15a20a4398_5015.jpg,True,c9dfcc063b92451b292dcad44630e468157c80755446a47f85f51e709345edf5,336,336,\N
/content/drive/MyDrive/MMVQA_Clinical/data/raw/kvasir_capsule/osfstorage/labelled_images/Normal clean mucosa/07c1fa15a20a4398_5045.jpg,data/raw/kvasir_capsule/osfstorage/labelled_images/Normal clean mucosa/07c1fa15a20a4398_5045.jpg,True,ca66aa72ba27fc250d8c1cebf566ba8e31b829a12b8c786e8845042c29bf7e73,336,336,\N
/content/drive/MyDrive/MMVQA_Clinical/data/raw/kvasir_capsule/osfstorage/labelled_images/Normal clean mucosa/07c1fa15a20a4398_5075.jpg,data/raw/kvasir_capsule/osfstorage/labelled_images/Normal clean mucosa/07c1fa15a20a4398_5075.jpg,True,dac60bef40da17bf5e137fd916f5e973f8123603b7f9cbc0a288708e015f8522,336,336,\N
/content/drive/MyDrive/MMVQA_Clinical/data/raw/kvasir_capsule/osfstorage/labelled_images/Normal clean mucosa/07c1fa15a20a4398_7282.jpg,data/raw/kvasir_capsule/osfstorage/labelled_images/Normal clean mucosa/07c1fa15a20a4398_7282.jpg,True,abfcae6de8174ae5ba35947a775a59c28a65856d5b1006af0af1a50810756a25,336,336,\N
/content/drive/MyDrive/MMVQA_Clinical/data/raw/kvasir_capsule/osfstorage/labelled_images/Normal clean mucosa/07c1fa15a20a4398_7312.jpg,data/raw/kvasir_capsule/osfstorage/labelled_images/Normal clean mucosa/07c1fa15a20a4398_7312.jpg,True,9d3fb27c7d84408bca997baa023063f909a1bb2050b186ba2274d8d6bcd9bedf,336,336,\N
/content/drive/MyDrive/MMVQA_Clinical/data/raw/kvasir_capsule/osfstorage/labelled_images/Normal clean mucosa/07c1fa15a20a4398_7342.jpg,data/raw/kvasir_capsule/osfstorage/labelled_images/Normal clean mucosa/07c1fa15a20a4398_7342.jpg,True,f206a8f2a8c8d5afef9f23a640b4352159c5f282e25fed340d2c5ba6220cbf7d,336,336,\N
/content/drive/MyDrive/MMVQA_Clinical/data/raw/kvasir_capsule/osfstorage/labelled_images/Normal clean mucosa/131368cc17e44240_3201.jpg,data/raw/kvasir_capsule/osfstorage/labelled_images/Normal clean mucosa/131368cc17e44240_3201.jpg,True,88009c6035fd2a97d6c1a5950802f9d0c12fdd08705739db8425d901d5b622b8,336,336,\N
/content/drive/MyDrive/MMVQA_Clinical/data/raw/kvasir_capsule/osfstorage/labelled_images/Normal clean mucosa/131368cc17e44240_3231.jpg,data/raw/kvasir_capsule/osfstorage/labelled_images/Normal clean mucosa/131368cc17e44240_3231.jpg,True,3df4daafdfac119f250c44253102907446a8ee00a8cf19b423fe902645a62dc0,336,336,\N
/content/drive/MyDrive/MMVQA_Clinical/data/raw/kvasir_capsule/osfstorage/labelled_images/Normal clean mucosa/131368cc17e44240_3261.jpg,data/raw/kvasir_capsule/osfstorage/labelled_images/Normal clean mucosa/131368cc17e44240_3261.jpg,True,5e483ab9f1e19add5cbe72939fd73d26309fdd37e22c40f68aab8298819bea02,336,336,\N
/content/drive/MyDrive/MMVQA_Clinical/data/raw/kvasir_capsule/osfstorage/labelled_images/Normal clean mucosa/131368cc17e44240_4404.jpg,data/raw/kvasir_capsule/osfstorage/labelled_images/Normal clean mucosa/131368cc17e44240_4404.jpg,True,0ab6558c80706d5a49fffb793ad46976473618488d20e5bb804e04c18b477943,336,336,\N
/content/drive/MyDrive/MMVQA_Clinical/data/raw/kvasir_capsule/osfstorage/labelled_images/Normal clean mucosa/131368cc17e44240_4434.jpg,data/raw/kvasir_capsule/osfstorage/labelled_images/Normal clean mucosa/131368cc17e44240_4434.jpg,True,caa6df4db3f72612257e163c442dc1dc72e2ee970776eb3f0d9e66dd17014d3a,336,336,\N
/content/drive/MyDrive/MMVQA_Clinical/data/raw/kvasir_capsule/osfstorage/labelled_images/Normal clean mucosa/131368cc17e44240_4464.jpg,data/raw/kvasir_capsule/osfstorage/labelled_images/Normal clean mucosa/131368cc17e44240_4464.jpg,True,0887d920e3fae428c4597cadad3ffd060fae3372e9ca2db6e797ee01e909d301,336,336,\N
/content/drive/MyDrive/MMVQA_Clinical/data/raw/kvasir_capsule/osfstorage/labelled_images/Normal clean mucosa/131368cc17e44240_4494.jpg,data/raw/kvasir_capsule/osfstorage/labelled_images/Normal clean mucosa/131368cc17e44240_4494.jpg,True,a8976ad0ea3cd81b589cb8251367135b302132f252b243af8e1c0e4f24c4580b,336,336,\N
/content/drive/MyDrive/MMVQA_Clinical/data/raw/kvasir_capsule/osfstorage/labelled_images/Normal clean mucosa/131368cc17e44240_4524.jpg,data/raw/kvasir_capsule/osfstorage/labelled_images/Normal clean mucosa/131368cc17e44240_4524.jpg,True,0ee81b5f2fcdf7251c3c50206892162a4792974ccb39e32e69b83cfe8ffd9053,336,336,\N
/content/drive/MyDrive/MMVQA_Clinical/data/raw/kvasir_capsule/osfstorage/labelled_images/Normal clean mucosa/131368cc17e44240_5565.jpg,data/raw/kvasir_capsule/osfstorage/labelled_images/Normal clean mucosa/131368cc17e44240_5565.jpg,True,82be71061699dd61afb90966a8a07c9157d5303ae65e2b9408108ac14657d965,336,336,\N
/content/drive/MyDrive/MMVQA_Clinical/data/raw/kvasir_capsule/osfstorage/labelled_images/Normal clean mucosa/131368cc17e44240_5595.jpg,data/raw/kvasir_capsule/osfstorage/labelled_images/Normal clean mucosa/131368cc17e44240_5595.jpg,True,523635277f64501c666102f132a47e662daae954e599c0d065aa5c3abff526cf,336,336,\N
/content/drive/MyDrive/MMVQA_Clinical/data/raw/kvasir_capsule/osfstorage/labelled_images/Normal clean mucosa/131368cc17e44240_5625.jpg,data/raw/kvasir_capsule/osfstorage/labelled_images/Normal clean mucosa/131368cc17e44240_5625.jpg,True,f8266e5449cebf1b7a396742f9c5de2e7083a2184f1d0d8bef4e3129fea8f04a,336,336,\N
/content/drive/MyDrive/MMVQA_Clinical/data/raw/kvasir_capsule/osfstorage/labelled_images/Normal clean mucosa/131368cc17e44240_5655.jpg,data/raw/kvasir_capsule/osfstorage/labelled_images/Normal clean mucosa/131368cc17e44240_5655.jpg,True,d5fc33b1edf28f4a29f59277fae1faa139c86d016443789d3652d2109b0cb9fb,336,336,\N
/content/drive/MyDrive/MMVQA_Clinical/data/raw/kvasir_capsule/osfstorage/labelled_images/Normal clean mucosa/131368cc17e44240_5685.jpg,data/raw/kvasir_capsule/osfstorage/labelled_images/Normal clean mucosa/131368cc17e44240_5685.jpg,True,e00f122f3579c57890394843c811ac0b8d8f21958c6f74cfb15d9966cee7a177,336,336,\N
/content/drive/MyDrive/MMVQA_Clinical/data/raw/kvasir_capsule/osfstorage/labelled_images/Normal clean mucosa/39960e5e099a45ca_13405.jpg,data/raw/kvasir_capsule/osfstorage/labelled_images/Normal clean mucosa/39960e5e099a45ca_13405.jpg,True,86ef376d598e07ae63b832271343483ba40143dd239faa55c5ef1aa4418b7656,336,336,\N
/content/drive/MyDrive/MMVQA_Clinical/data/raw/kvasir_capsule/osfstorage/labelled_images/Normal clean mucosa/39960e5e099a45ca_13435.jpg,data/raw/kvasir_capsule/osfstorage/labelled_images/Normal clean mucosa/39960e5e099a45ca_13435.jpg,True,052e803ca7c442f1cbb399f294d991b8a679e4bf64bfe4d0b30b5592070aba05,336,336,\N
/content/drive/MyDrive/MMVQA_Clinical/data/raw/kvasir_capsule/osfstorage/labelled_images/Normal clean mucosa/39960e5e099a45ca_13465.jpg,data/raw/kvasir_capsule/osfstorage/labelled_images/Normal clean mucosa/39960e5e099a45ca_13465.jpg,True,90b76c221bfc885f7cbe5e8545b08024232574a8f1d5d6755a606c4e0a82abd6,336,336,\N
/content/drive/MyDrive/MMVQA_Clinical/data/raw/kvasir_capsule/osfstorage/labelled_images/Normal clean mucosa/39960e5e099a45ca_23821.jpg,data/raw/kvasir_capsule/osfstorage/labelled_images/Normal clean mucosa/39960e5e099a45ca_23821.jpg,True,6e68571bbeb8d7bf9158bf480eae8b7fbb9d5e3f264e648afdef60ddd4dad519,336,336,\N
/content/drive/MyDrive/MMVQA_Clinical/data/raw/kvasir_capsule/osfstorage/labelled_images/Normal clean mucosa/39960e5e099a45ca_23851.jpg,data/raw/kvasir_capsule/osfstorage/labelled_images/Normal clean mucosa/39960e5e099a45ca_23851.jpg,True,c4d1a0b98977344498f3e0a12b0355202aa731b87b05fbdbf5b4e49183fa8271,336,336,\N
/content/drive/MyDrive/MMVQA_Clinical/data/raw/kvasir_capsule/osfstorage/labelled_images/Normal clean mucosa/39960e5e099a45ca_23881.jpg,data/raw/kvasir_capsule/osfstorage/labelled_images/Normal clean mucosa/39960e5e099a45ca_23881.jpg,True,4ce75b1a50e53e33f0631152ffc7cc72088d70d2c0669c7f50f08b7e12cf655d,336,336,\N
/content/drive/MyDrive/MMVQA_Clinical/data/raw/kvasir_capsule/osfstorage/labelled_images/Normal clean mucosa/3ada4222967f421d_5749.jpg,data/raw/kvasir_capsule/osfstorage/labelled_images/Normal clean mucosa/3ada4222967f421d_5749.jpg,True,c115da1447f12625b95f921fa93461102b68ea182b9ccafc3d0a1d838c5c7780,336,336,\N
/content/drive/MyDrive/MMVQA_Clinical/data/raw/kvasir_capsule/osfstorage/labelled_images/Normal clean mucosa/3ada4222967f421d_5779.jpg,data/raw/kvasir_capsule/osfstorage/labelled_images/Normal clean mucosa/3ada4222967f421d_5779.jpg,True,1ec97c8e362a2f6e20323165f1c5bb9c7e861c7e5d5812dbd1c8831c3466296e,336,336,\N
/content/drive/MyDrive/MMVQA_Clinical/data/raw/kvasir_capsule/osfstorage/labelled_images/Normal clean mucosa/3ada4222967f421d_5809.jpg,data/raw/kvasir_capsule/osfstorage/labelled_images/Normal clean mucosa/3ada4222967f421d_5809.jpg,True,159e3d9865ca2ea6d497b28ca2a0fb2cad171818c6bf743e1a7c73981b34ef32,336,336,\N
/content/drive/MyDrive/MMVQA_Clinical/data/raw/kvasir_capsule/osfstorage/labelled_images/Normal clean mucosa/3ada4222967f421d_5839.jpg,data/raw/kvasir_capsule/osfstorage/labelled_images/Normal clean mucosa/3ada4222967f421d_5839.jpg,True,5ddfabab68acdf6cab0b238cd025f2d16c0a3a31d7084228574326f198a851d1,336,336,\N
/content/drive/MyDrive/MMVQA_Clinical/data/raw/kvasir_capsule/osfstorage/labelled_images/Normal clean mucosa/3ada4222967f421d_5869.jpg,data/raw/kvasir_capsule/osfstorage/labelled_images/Normal clean mucosa/3ada4222967f421d_5869.jpg,True,07232b24092f1ff50b2795d3b472f30454be1a2789a28e341f1ff8e2f4690465,336,336,\N
/content/drive/MyDrive/MMVQA_Clinical/data/raw/kvasir_capsule/osfstorage/labelled_images/Normal clean mucosa/3c8d5f0b90d7475d_11115.jpg,data/raw/kvasir_capsule/osfstorage/labelled_images/Normal clean mucosa/3c8d5f0b90d7475d_11115.jpg,True,f5cd051b7aa21eaf6fe750c2f627cf30242fdd996144e311eb0c4cdb8c3e277e,336,336,\N
/content/drive/MyDrive/MMVQA_Clinical/data/raw/kvasir_capsule/osfstorage/labelled_images/Normal clean mucosa/3c8d5f0b90d7475d_11145.jpg,data/raw/kvasir_capsule/osfstorage/labelled_images/Normal clean mucosa/3c8d5f0b90d7475d_11145.jpg,True,2bc1e013666d31e9eb82b6a8c50b15ed27843b953dddb258137e31d4438caafd,336,336,\N
/content/drive/MyDrive/MMVQA_Clinical/data/raw/kvasir_capsule/osfstorage/labelled_images/Normal clean mucosa/3c8d5f0b90d7475d_11175.jpg,data/raw/kvasir_capsule/osfstorage/labelled_images/Normal clean mucosa/3c8d5f0b90d7475d_11175.jpg,True,fb132916decc48523140cbac945bb5a3fd2b5ef11dc2b76a4070405dcf4a8d20,336,336,\N
/content/drive/MyDrive/MMVQA_Clinical/data/raw/kvasir_capsule/osfstorage/labelled_images/Normal clean mucosa/3c8d5f0b90d7475d_11205.jpg,data/raw/kvasir_capsule/osfstorage/labelled_images/Normal clean mucosa/3c8d5f0b90d7475d_11205.jpg,True,415ade906e4d94b02b36eddd2636a8ca7acdf13e107fa46a98a89c9a39f120d9,336,336,\N
/content/drive/MyDrive/MMVQA_Clinical/data/raw/kvasir_capsule/osfstorage/labelled_images/Normal clean mucosa/3c8d5f0b90d7475d_11235.jpg,data/raw/kvasir_capsule/osfstorage/labelled_images/Normal clean mucosa/3c8d5f0b90d7475d_11235.jpg,True,94d135480d4f3f9763bd804cfd6ae8f9ff6af7b457f2bdc293f4748a028c6941,336,336,\N
/content/drive/MyDrive/MMVQA_Clinical/data/raw/kvasir_capsule/osfstorage/labelled_images/Normal clean mucosa/3c8d5f0b90d7475d_14440.jpg,data/raw/kvasir_capsule/osfstorage/labelled_images/Normal clean mucosa/3c8d5f0b90d7475d_14440.jpg,True,d3fba831fa581db311c17781efcf84d8b9a7605d1d9b50c664ea30ed726d37ec,336,336,\N
/content/drive/MyDrive/MMVQA_Clinical/data/raw/kvasir_capsule/osfstorage/labelled_images/Normal clean mucosa/3c8d5f0b90d7475d_14470.jpg,data/raw/kvasir_capsule/osfstorage/labelled_images/Normal clean mucosa/3c8d5f0b90d7475d_14470.jpg,True,ad6979613d46933daddea57243418893ebb0e263a6837c5fc1643c2ef24f98f7,336,336,\N
/content/drive/MyDrive/MMVQA_Clinical/data/raw/kvasir_capsule/osfstorage/labelled_images/Normal clean mucosa/3c8d5f0b90d7475d_14500.jpg,data/raw/kvasir_capsule/osfstorage/labelled_images/Normal clean mucosa/3c8d5f0b90d7475d_14500.jpg,True,3f3dd3b6f37fb09631293a31cfe5d50dc752b5b6817e041e57bb9a22d659cca7,336,336,\N
/content/drive/MyDrive/MMVQA_Clinical/data/raw/kvasir_capsule/osfstorage/labelled_images/Normal clean mucosa/3c8d5f0b90d7475d_16892.jpg,data/raw/kvasir_capsule/osfstorage/labelled_images/Normal clean mucosa/3c8d5f0b90d7475d_16892.jpg,True,26d6d4910dd029bb7464b7d1a4ce1009092ea141d088545eefea447a800b7080,336,336,\N
/content/drive/MyDrive/MMVQA_Clinical/data/raw/kvasir_capsule/osfstorage/labelled_images/Normal clean mucosa/3c8d5f0b90d7475d_16922.jpg,data/raw/kvasir_capsule/osfstorage/labelled_images/Normal clean mucosa/3c8d5f0b90d7475d_16922.jpg,True,75bdb3e4872564d19d6930f1a636f4c57c576b0b76a556ed3bb321b8b64f5b1c,336,336,\N
/content/drive/MyDrive/MMVQA_Clinical/data/raw/kvasir_capsule/osfstorage/labelled_images/Normal clean mucosa/3c8d5f0b90d7475d_16952.jpg,data/raw/kvasir_capsule/osfstorage/labelled_images/Normal clean mucosa/3c8d5f0b90d7475d_16952.jpg,True,abaae5d9249ae67f97189ebbc6d8e2abb16df86f81e1f66e7520bb64c5179f11,336,336,\N
/content/drive/MyDrive/MMVQA_Clinical/data/raw/kvasir_capsule/osfstorage/labelled_images/Normal clean mucosa/3c8d5f0b90d7475d_16982.jpg,data/raw/kvasir_capsule/osfstorage/labelled_images/Normal clean mucosa/3c8d5f0b90d7475d_16982.jpg,True,8e9665c4b93d5128881898ee3bfce72ad4cbbeda2faba51c772e6fd0351ec85c,336,336,\N
/content/drive/MyDrive/MMVQA_Clinical/data/raw/kvasir_capsule/osfstorage/labelled_images/Normal clean mucosa/3c8d5f0b90d7475d_17012.jpg,data/raw/kvasir_capsule/osfstorage/labelled_images/Normal clean mucosa/3c8d5f0b90d7475d_17012.jpg,True,3f2e4d41d9f9b2c46d89945b1813f1a5c3bdfd41fce3b4225be75c865ae41d19,336,336,\N
/content/drive/MyDrive/MMVQA_Clinical/data/raw/kvasir_capsule/osfstorage/labelled_images/Normal clean mucosa/3c8d5f0b90d7475d_3461.jpg,data/raw/kvasir_capsule/osfstorage/labelled_images/Normal clean mucosa/3c8d5f0b90d7475d_3461.jpg,True,1a64ee971a1e7b53272f3b51c89e662604edbde7f796a19addf6a7002c5338fd,336,336,\N
/content/drive/MyDrive/MMVQA_Clinical/data/raw/kvasir_capsule/osfstorage/labelled_images/Normal clean mucosa/3c8d5f0b90d7475d_3491.jpg,data/raw/kvasir_capsule/osfstorage/labelled_images/Normal clean mucosa/3c8d5f0b90d7475d_3491.jpg,True,1cbe83c7ee73da8cf6cecfae2476f55b73b1eb21264cc32d04c61ddc6b6d6cea,336,336,\N
/content/drive/MyDrive/MMVQA_Clinical/data/raw/kvasir_capsule/osfstorage/labelled_images/Normal clean mucosa/3c8d5f0b90d7475d_3521.jpg,data/raw/kvasir_capsule/osfstorage/labelled_images/Normal clean mucosa/3c8d5f0b90d7475d_3521.jpg,True,ef0f177ea5ebad77cf0d242e3a008ba2d4066ecc11d6b1ff5941800657aebd02,336,336,\N
/content/drive/MyDrive/MMVQA_Clinical/data/raw/kvasir_capsule/osfstorage/labelled_images/Normal clean mucosa/3c8d5f0b90d7475d_3551.jpg,data/raw/kvasir_capsule/osfstorage/labelled_images/Normal clean mucosa/3c8d5f0b90d7475d_3551.jpg,True,ccd7840f36d81e121c2792316bfe61af1ce1d73f72ede3e2ac8861b67a0dde71,336,336,\N
/content/drive/MyDrive/MMVQA_Clinical/data/raw/kvasir_capsule/osfstorage/labelled_images/Normal clean mucosa/3c8d5f0b90d7475d_3581.jpg,data/raw/kvasir_capsule/osfstorage/labelled_images/Normal clean mucosa/3c8d5f0b90d7475d_3581.jpg,True,e3f6aff0cb23b966e6a3b68fc848e6c12b4c8a9ad50b1e56f1d6ce70259ae6c2,336,336,\N
/content/drive/MyDrive/MMVQA_Clinical/data/raw/kvasir_capsule/osfstorage/labelled_images/Normal clean mucosa/3c8d5f0b90d7475d_4878.jpg,data/raw/kvasir_capsule/osfstorage/labelled_images/Normal clean mucosa/3c8d5f0b90d7475d_4878.jpg,True,04a3f87bb3b5de027ac681a7b427323fcd188c30174f7b48f6cceb5379c19bfd,336,336,\N
/content/drive/MyDrive/MMVQA_Clinical/data/raw/kvasir_capsule/osfstorage/labelled_images/Normal clean mucosa/3c8d5f0b90d7475d_4908.jpg,data/raw/kvasir_capsule/osfstorage/labelled_images/Normal clean mucosa/3c8d5f0b90d7475d_4908.jpg,True,097c0ac6b3f7d1fa48d6e6f23f6958ed277b3581eda3fa55e86f9e992a0801c1,336,336,\N
/content/drive/MyDrive/MMVQA_Clinical/data/raw/kvasir_capsule/osfstorage/labelled_images/Normal clean mucosa/3c8d5f0b90d7475d_4938.jpg,data/raw/kvasir_capsule/osfstorage/labelled_images/Normal clean mucosa/3c8d5f0b90d7475d_4938.jpg,True,9478d4bda8324b767075e8fdbe30eddb2c42dca21f115903945c53fc65239b36,336,336,\N
/content/drive/MyDrive/MMVQA_Clinical/data/raw/kvasir_capsule/osfstorage/labelled_images/Normal clean mucosa/3c8d5f0b90d7475d_4968.jpg,data/raw/kvasir_capsule/osfstorage/labelled_images/Normal clean mucosa/3c8d5f0b90d7475d_4968.jpg,True,edc3691e6dcaadc1846d3928a99dfa04ac99fe224a215c20e24f06e5d13098d5,336,336,\N
/content/drive/MyDrive/MMVQA_Clinical/data/raw/kvasir_capsule/osfstorage/labelled_images/Normal clean mucosa/3c8d5f0b90d7475d_4998.jpg,data/raw/kvasir_capsule/osfstorage/labelled_images/Normal clean mucosa/3c8d5f0b90d7475d_4998.jpg,True,c72ddfce9030fa2fbb67de70775937cc5da992488843f94c1bba48431dcb5e11,336,336,\N
/content/drive/MyDrive/MMVQA_Clinical/data/raw/kvasir_capsule/osfstorage/labelled_images/Normal clean mucosa/3c8d5f0b90d7475d_7073.jpg,data/raw/kvasir_capsule/osfstorage/labelled_images/Normal clean mucosa/3c8d5f0b90d7475d_7073.jpg,True,c78a03c1430658ac99a2b8d3d72d8e238b0de75f735dc9271d1c0ca6116a8a07,336,336,\N
/content/drive/MyDrive/MMVQA_Clinical/data/raw/kvasir_capsule/osfstorage/labelled_images/Normal clean mucosa/3c8d5f0b90d7475d_7103.jpg,data/raw/kvasir_capsule/osfstorage/labelled_images/Normal clean mucosa/3c8d5f0b90d7475d_7103.jpg,True,d9df5daf183d77b366a3027436ce15df6888413f26770fb9e9682ea3aabffe94,336,336,\N
/content/drive/MyDrive/MMVQA_Clinical/data/raw/kvasir_capsule/osfstorage/labelled_images/Normal clean mucosa/3c8d5f0b90d7475d_7133.jpg,data/raw/kvasir_capsule/osfstorage/labelled_images/Normal clean mucosa/3c8d5f0b90d7475d_7133.jpg,True,02faa206912e0a3e2edf1dd3d404f41aa8552b050e1fc5094cb6afa905c6c770,336,336,\N
/content/drive/MyDrive/MMVQA_Clinical/data/raw/kvasir_capsule/osfstorage/labelled_images/Normal clean mucosa/3c8d5f0b90d7475d_7163.jpg,data/raw/kvasir_capsule/osfstorage/labelled_images/Normal clean mucosa/3c8d5f0b90d7475d_7163.jpg,True,638acf050cc2e90dc89acf8a53e7d01f0abd0134465b80333104370b513780c2,336,336,\N
/content/drive/MyDrive/MMVQA_Clinical/data/raw/kvasir_capsule/osfstorage/labelled_images/Normal clean mucosa/3c8d5f0b90d7475d_7193.jpg,data/raw/kvasir_capsule/osfstorage/labelled_images/Normal clean mucosa/3c8d5f0b90d7475d_7193.jpg,True,dc6366780adeab5c22b29199197199434bcc49735144804b65872379b2a5ae23,336,336,\N
/content/drive/MyDrive/MMVQA_Clinical/data/raw/kvasir_capsule/osfstorage/labelled_images/Normal clean mucosa/4560e83f9afc4685_6796.jpg,data/raw/kvasir_capsule/osfstorage/labelled_images/Normal clean mucosa/4560e83f9afc4685_6796.jpg,True,e5394fa0872116c1302765bbb6d365edc6fc04f2c9db6409bd3e11cdf2d4e334,336,336,\N
/content/drive/MyDrive/MMVQA_Clinical/data/raw/kvasir_capsule/osfstorage/labelled_images/Normal clean mucosa/4560e83f9afc4685_6826.jpg,data/raw/kvasir_capsule/osfstorage/labelled_images/Normal clean mucosa/4560e83f9afc4685_6826.jpg,True,27e12181a66ed8117ed25602e2cf19eca8cfa896f5d5754bb32a24bc3c662d58,336,336,\N
/content/drive/MyDrive/MMVQA_Clinical/data/raw/kvasir_capsule/osfstorage/labelled_images/Normal clean mucosa/4560e83f9afc4685_6856.jpg,data/raw/kvasir_capsule/osfstorage/labelled_images/Normal clean mucosa/4560e83f9afc4685_6856.jpg,True,a6dce5156930b10c4a9d680558fa3a8653eac798ae29697645976daa47c2def2,336,336,\N
/content/drive/MyDrive/MMVQA_Clinical/data/raw/kvasir_capsule/osfstorage/labelled_images/Normal clean mucosa/4560e83f9afc4685_6886.jpg,data/raw/kvasir_capsule/osfstorage/labelled_images/Normal clean mucosa/4560e83f9afc4685_6886.jpg,True,7def0a7da9069327fc366472a930a72c7709f0866beb83a8a222558a572afbb2,336,336,\N
/content/drive/MyDrive/MMVQA_Clinical/data/raw/kvasir_capsule/osfstorage/labelled_images/Normal clean mucosa/4560e83f9afc4685_6916.jpg,data/raw/kvasir_capsule/osfstorage/labelled_images/Normal clean mucosa/4560e83f9afc4685_6916.jpg,True,d60320f8f2999cd473e9a85fc12111b7d5ebd084025fa23ba15da037b284f26a,336,336,\N
/content/drive/MyDrive/MMVQA_Clinical/data/raw/kvasir_capsule/osfstorage/labelled_images/Normal clean mucosa/48579eec79784294_13298.jpg,data/raw/kvasir_capsule/osfstorage/labelled_images/Normal clean mucosa/48579eec79784294_13298.jpg,True,fdb50a0ab87533332d1ddd958173028ab50e6b1ee077c85366c128f4e61dd718,336,336,\N
/content/drive/MyDrive/MMVQA_Clinical/data/raw/kvasir_capsule/osfstorage/labelled_images/Normal clean mucosa/48579eec79784294_13328.jpg,data/raw/kvasir_capsule/osfstorage/labelled_images/Normal clean mucosa/48579eec79784294_13328.jpg,True,eb76372cd835d3c9d2f47024d58ad230ad7655776eb7074593cf7d3f674b02cc,336,336,\N
/content/drive/MyDrive/MMVQA_Clinical/data/raw/kvasir_capsule/osfstorage/labelled_images/Normal clean mucosa/48579eec79784294_13358.jpg,data/raw/kvasir_capsule/osfstorage/labelled_images/Normal clean mucosa/48579eec79784294_13358.jpg,True,48517995b5d3188e25203c130b08f9eb8d9a8a32e6fba915911310c479b9f520,336,336,\N
/content/drive/MyDrive/MMVQA_Clinical/data/raw/kvasir_capsule/osfstorage/labelled_images/Normal clean mucosa/48579eec79784294_13388.jpg,data/raw/kvasir_capsule/osfstorage/labelled_images/Normal clean mucosa/48579eec79784294_13388.jpg,True,84096fe360492992328209babc0c3c3334a275eb793a0fc1148ad3db87c5a3a3,336,336,\N
/content/drive/MyDrive/MMVQA_Clinical/data/raw/kvasir_capsule/osfstorage/labelled_images/Normal clean mucosa/48579eec79784294_13418.jpg,data/raw/kvasir_capsule/osfstorage/labelled_images/Normal clean mucosa/48579eec79784294_13418.jpg,True,01725b01f78292bcf42e3e636bca11e11b32f20d700373281e32bed1988f32cc,336,336,\N
/content/drive/MyDrive/MMVQA_Clinical/data/raw/kvasir_capsule/osfstorage/labelled_images/Normal clean mucosa/48579eec79784294_4464.jpg,data/raw/kvasir_capsule/osfstorage/labelled_images/Normal clean mucosa/48579eec79784294_4464.jpg,True,01546f2e5c2ba763162eeb979d4aecbda4cc2dfa70ab7e5798b91783bf1811b5,336,336,\N
/content/drive/MyDrive/MMVQA_Clinical/data/raw/kvasir_capsule/osfstorage/labelled_images/Normal clean mucosa/48579eec79784294_4494.jpg,data/raw/kvasir_capsule/osfstorage/labelled_images/Normal clean mucosa/48579eec79784294_4494.jpg,True,2fc2b7755909469385e0c457872e1c5e359fb45271aceb85ce5c39d3a65b1df9,336,336,\N
/content/drive/MyDrive/MMVQA_Clinical/data/raw/kvasir_capsule/osfstorage/labelled_images/Normal clean mucosa/48579eec79784294_4524.jpg,data/raw/kvasir_capsule/osfstorage/labelled_images/Normal clean mucosa/48579eec79784294_4524.jpg,True,453a17f8d37049aaa6014d558a44eca21ea3c3225f27bd1ae667d275361ef53a,336,336,\N
/content/drive/MyDrive/MMVQA_Clinical/data/raw/kvasir_capsule/osfstorage/labelled_images/Normal clean mucosa/48579eec79784294_4554.jpg,data/raw/kvasir_capsule/osfstorage/labelled_images/Normal clean mucosa/48579eec79784294_4554.jpg,True,af0f32a20e65ee05f9695e6a1d84b74c2a5fb16c29ce0aa1c2986a9911d58a8c,336,336,\N
/content/drive/MyDrive/MMVQA_Clinical/data/raw/kvasir_capsule/osfstorage/labelled_images/Normal clean mucosa/48579eec79784294_4584.jpg,data/raw/kvasir_capsule/osfstorage/labelled_images/Normal clean mucosa/48579eec79784294_4584.jpg,True,cd8f777b8cf29112b2f7f238f44cac379b9eb590af9aa08d1346469ec3a8ab0e,336,336,\N
/content/drive/MyDrive/MMVQA_Clinical/data/raw/kvasir_capsule/osfstorage/labelled_images/Normal clean mucosa/48579eec79784294_5083.jpg,data/raw/kvasir_capsule/osfstorage/labelled_images/Normal clean mucosa/48579eec79784294_5083.jpg,True,d9d99657fa92590585f3fe1a8a6c3938f36e570b09cfef9fd67453a72f4fd717,336,336,\N
/content/drive/MyDrive/MMVQA_Clinical/data/raw/kvasir_capsule/osfstorage/labelled_images/Normal clean mucosa/48579eec79784294_5113.jpg,data/raw/kvasir_capsule/osfstorage/labelled_images/Normal clean mucosa/48579eec79784294_5113.jpg,True,c2f5a654963d6baece34ab09e930cd61bf0b48c52d75ecf5ea003485d738eb84,336,336,\N
/content/drive/MyDrive/MMVQA_Clinical/data/raw/kvasir_capsule/osfstorage/labelled_images/Normal clean mucosa/48579eec79784294_5143.jpg,data/raw/kvasir_capsule/osfstorage/labelled_images/Normal clean mucosa/48579eec79784294_5143.jpg,True,cf16612abf603037cd78424db94a5d22a8d0969bb9b91b08b81bef2318af9362,336,336,\N
/content/drive/MyDrive/MMVQA_Clinical/data/raw/kvasir_capsule/osfstorage/labelled_images/Normal clean mucosa/48579eec79784294_5173.jpg,data/raw/kvasir_capsule/osfstorage/labelled_images/Normal clean mucosa/48579eec79784294_5173.jpg,True,bd775ce286db0f96f1b679238246c37361d8742eef15430f0e44d48878cce714,336,336,\N
/content/drive/MyDrive/MMVQA_Clinical/data/raw/kvasir_capsule/osfstorage/labelled_images/Normal clean mucosa/48579eec79784294_5203.jpg,data/raw/kvasir_capsule/osfstorage/labelled_images/Normal clean mucosa/48579eec79784294_5203.jpg,True,1dd7126fcbe7ccd0255b37fefb5410d26d423adcd89904306115355ea92a18f4,336,336,\N
/content/drive/MyDrive/MMVQA_Clinical/data/raw/kvasir_capsule/osfstorage/labelled_images/Normal clean mucosa/48579eec79784294_5893.jpg,data/raw/kvasir_capsule/osfstorage/labelled_images/Normal clean mucosa/48579eec79784294_5893.jpg,True,3858329bf926c45d9e150bce36fae02c2563a9bbc29f80148c910946f45bda78,336,336,\N
/content/drive/MyDrive/MMVQA_Clinical/data/raw/kvasir_capsule/osfstorage/labelled_images/Normal clean mucosa/48579eec79784294_5923.jpg,data/raw/kvasir_capsule/osfstorage/labelled_images/Normal clean mucosa/48579eec79784294_5923.jpg,True,529842188dad10e41b463ecf18e1b23b4a925980a29a27f3c0bd8cc71f09f7b8,336,336,\N
/content/drive/MyDrive/MMVQA_Clinical/data/raw/kvasir_capsule/osfstorage/labelled_images/Normal clean mucosa/48579eec79784294_5953.jpg,data/raw/kvasir_capsule/osfstorage/labelled_images/Normal clean mucosa/48579eec79784294_5953.jpg,True,bf18678fc64b47c728a08730316e4ff7ccd439157f5abc927eaa8c2f7fd30ed7,336,336,\N
/content/drive/MyDrive/MMVQA_Clinical/data/raw/kvasir_capsule/osfstorage/labelled_images/Normal clean mucosa/48579eec79784294_5983.jpg,data/raw/kvasir_capsule/osfstorage/labelled_images/Normal clean mucosa/48579eec79784294_5983.jpg,True,2e915009f5a9dd9defb0f9e0a94980b0b66025325518c3a737f86361fe94af4b,336,336,\N
/content/drive/MyDrive/MMVQA_Clinical/data/raw/kvasir_capsule/osfstorage/labelled_images/Normal clean mucosa/48579eec79784294_6013.jpg,data/raw/kvasir_capsule/osfstorage/labelled_images/Normal clean mucosa/48579eec79784294_6013.jpg,True,fc29a36f570cd86bb5041954aa47eb479015e5399fe578459688c37c93097de0,336,336,\N
/content/drive/MyDrive/MMVQA_Clinical/data/raw/kvasir_capsule/osfstorage/labelled_images/Normal clean mucosa/495f16498db34d3c_10756.jpg,data/raw/kvasir_capsule/osfstorage/labelled_images/Normal clean mucosa/495f16498db34d3c_10756.jpg,True,40fe6ef5b164a5f330d379de9751f0da46001654ddde35fc1f60a7d768e9b388,336,336,\N
/content/drive/MyDrive/MMVQA_Clinical/data/raw/kvasir_capsule/osfstorage/labelled_images/Normal clean mucosa/495f16498db34d3c_10786.jpg,data/raw/kvasir_capsule/osfstorage/labelled_images/Normal clean mucosa/495f16498db34d3c_10786.jpg,True,caee5a4a2e5d9b08abce1a67e73a61e3f4120fef3a97c8d616c5de0a664147e3,336,336,\N
/content/drive/MyDrive/MMVQA_Clinical/data/raw/kvasir_capsule/osfstorage/labelled_images/Normal clean mucosa/495f16498db34d3c_10816.jpg,data/raw/kvasir_capsule/osfstorage/labelled_images/Normal clean mucosa/495f16498db34d3c_10816.jpg,True,97a5185dd29513f50bb45359816fc8a1e2b108de1378b3d602ff59ecf7245982,336,336,\N
/content/drive/MyDrive/MMVQA_Clinical/data/raw/kvasir_capsule/osfstorage/labelled_images/Normal clean mucosa/495f16498db34d3c_10846.jpg,data/raw/kvasir_capsule/osfstorage/labelled_images/Normal clean mucosa/495f16498db34d3c_10846.jpg,True,cdcbb356241be386a758d334ef5bb6ef12dc717ca9e80f233d0b1d664d508607,336,336,\N
/content/drive/MyDrive/MMVQA_Clinical/data/raw/kvasir_capsule/osfstorage/labelled_images/Normal clean mucosa/495f16498db34d3c_10876.jpg,data/raw/kvasir_capsule/osfstorage/labelled_images/Normal clean mucosa/495f16498db34d3c_10876.jpg,True,c00ab953b2b4a87c544cb9b313bd2a6a3c4aaaca5bdb104a8200ec6f5caf59fa,336,336,\N
/content/drive/MyDrive/MMVQA_Clinical/data/raw/kvasir_capsule/osfstorage/labelled_images/Normal clean mucosa/495f16498db34d3c_21078.jpg,data/raw/kvasir_capsule/osfstorage/labelled_images/Normal clean mucosa/495f16498db34d3c_21078.jpg,True,a640c485c258865561fd566e3f15245db6796772c4850bd3752479353737ebaf,336,336,\N
/content/drive/MyDrive/MMVQA_Clinical/data/raw/kvasir_capsule/osfstorage/labelled_images/Normal clean mucosa/495f16498db34d3c_21108.jpg,data/raw/kvasir_capsule/osfstorage/labelled_images/Normal clean mucosa/495f16498db34d3c_21108.jpg,True,beef68001f4777fcd3c9414909af2b956c7fc86a03a189edfc0880e5a7a50ac3,336,336,\N
/content/drive/MyDrive/MMVQA_Clinical/data/raw/kvasir_capsule/osfstorage/labelled_images/Normal clean mucosa/495f16498db34d3c_21138.jpg,data/raw/kvasir_capsule/osfstorage/labelled_images/Normal clean mucosa/495f16498db34d3c_21138.jpg,True,47fa600a3a401e691a77c55f31b9c489fb85f32f083292dd06e8b04e7edc1e6d,336,336,\N
/content/drive/MyDrive/MMVQA_Clinical/data/raw/kvasir_capsule/osfstorage/labelled_images/Normal clean mucosa/495f16498db34d3c_21168.jpg,data/raw/kvasir_capsule/osfstorage/labelled_images/Normal clean mucosa/495f16498db34d3c_21168.jpg,True,66017449cd07bc2d6f573cf90fa7a97fc741675eb29c8e8a9214b15f0afcdcf4,336,336,\N
/content/drive/MyDrive/MMVQA_Clinical/data/raw/kvasir_capsule/osfstorage/labelled_images/Normal clean mucosa/495f16498db34d3c_21198.jpg,data/raw/kvasir_capsule/osfstorage/labelled_images/Normal clean mucosa/495f16498db34d3c_21198.jpg,True,5daf1e2ac6ae28944eb830d2808ee96957648fe10a81fa4aa812d15c0c4249ea,336,336,\N
/content/drive/MyDrive/MMVQA_Clinical/data/raw/kvasir_capsule/osfstorage/labelled_images/Normal clean mucosa/5bb1d3cc7dc64cec_13690.jpg,data/raw/kvasir_capsule/osfstorage/labelled_images/Normal clean mucosa/5bb1d3cc7dc64cec_13690.jpg,True,4b359d2e531db4ccbe4a396838867264fb275122e746dba6dbc4fc5f2c94acb9,336,336,\N
/content/drive/MyDrive/MMVQA_Clinical/data/raw/kvasir_capsule/osfstorage/labelled_images/Normal clean mucosa/5bb1d3cc7dc64cec_13720.jpg,data/raw/kvasir_capsule/osfstorage/labelled_images/Normal clean mucosa/5bb1d3cc7dc64cec_13720.jpg,True,bbca54d96916477172cbb27c18355d401ebcee64ea80b63b951c8078b97780b8,336,336,\N
/content/drive/MyDrive/MMVQA_Clinical/data/raw/kvasir_capsule/osfstorage/labelled_images/Normal clean mucosa/5bb1d3cc7dc64cec_13750.jpg,data/raw/kvasir_capsule/osfstorage/labelled_images/Normal clean mucosa/5bb1d3cc7dc64cec_13750.jpg,True,a3f1f42dd25b5da69afee85259617f57918f6a9ba950059f1a1d7d09cb86cf2e,336,336,\N
/content/drive/MyDrive/MMVQA_Clinical/data/raw/kvasir_capsule/osfstorage/labelled_images/Normal clean mucosa/5bb1d3cc7dc64cec_13780.jpg,data/raw/kvasir_capsule/osfstorage/labelled_images/Normal clean mucosa/5bb1d3cc7dc64cec_13780.jpg,True,2b1ccd949eb3a8ab025fcaf88496e1c25cb5ff8fa8a6c699557a3f8685c0ff84,336,336,\N
/content/drive/MyDrive/MMVQA_Clinical/data/raw/kvasir_capsule/osfstorage/labelled_images/Normal clean mucosa/5bb1d3cc7dc64cec_13810.jpg,data/raw/kvasir_capsule/osfstorage/labelled_images/Normal clean mucosa/5bb1d3cc7dc64cec_13810.jpg,True,962fd74574446182cf147f22812224fdc75b4dd785b1d4b2b71bc694ddd6732b,336,336,\N
/content/drive/MyDrive/MMVQA_Clinical/data/raw/kvasir_capsule/osfstorage/labelled_images/Normal clean mucosa/5bb1d3cc7dc64cec_16522.jpg,data/raw/kvasir_capsule/osfstorage/labelled_images/Normal clean mucosa/5bb1d3cc7dc64cec_16522.jpg,True,4946c5453a951853cdcc0d6a0452958f34491dc5bde7d391875bf49272c8c152,336,336,\N
/content/drive/MyDrive/MMVQA_Clinical/data/raw/kvasir_capsule/osfstorage/labelled_images/Normal clean mucosa/5bb1d3cc7dc64cec_16552.jpg,data/raw/kvasir_capsule/osfstorage/labelled_images/Normal clean mucosa/5bb1d3cc7dc64cec_16552.jpg,True,45afdc43c8cdf1decb73e59f67e92d4833a45a7b8fbfb6fcbb0e83be1ab3f17a,336,336,\N
/content/drive/MyDrive/MMVQA_Clinical/data/raw/kvasir_capsule/osfstorage/labelled_images/Normal clean mucosa/5bb1d3cc7dc64cec_16582.jpg,data/raw/kvasir_capsule/osfstorage/labelled_images/Normal clean mucosa/5bb1d3cc7dc64cec_16582.jpg,True,45040711d91c4853e8fa0af045728e3f954b69937e22908e7c0e27207ce97e45,336,336,\N
/content/drive/MyDrive/MMVQA_Clinical/data/raw/kvasir_capsule/osfstorage/labelled_images/Normal clean mucosa/5bb1d3cc7dc64cec_16612.jpg,data/raw/kvasir_capsule/osfstorage/labelled_images/Normal clean mucosa/5bb1d3cc7dc64cec_16612.jpg,True,46a66e2ee21dbc23b79aeb1386ed2f81078678c933fd5f49c574eb335ac027ed,336,336,\N
/content/drive/MyDrive/MMVQA_Clinical/data/raw/kvasir_capsule/osfstorage/labelled_images/Normal clean mucosa/5bb1d3cc7dc64cec_16642.jpg,data/raw/kvasir_capsule/osfstorage/labelled_images/Normal clean mucosa/5bb1d3cc7dc64cec_16642.jpg,True,5fdbe750ca3e8688c6da108d251a5832ec65e84aaa660f6eeb2863908964c1b8,336,336,\N
/content/drive/MyDrive/MMVQA_Clinical/data/raw/kvasir_capsule/osfstorage/labelled_images/Normal clean mucosa/5bb1d3cc7dc64cec_7442.jpg,data/raw/kvasir_capsule/osfstorage/labelled_images/Normal clean mucosa/5bb1d3cc7dc64cec_7442.jpg,True,80f79738ac42dff6b08df6fa99339ac5335548535ff71ef2c8ef997ddd996a35,336,336,\N
/content/drive/MyDrive/MMVQA_Clinical/data/raw/kvasir_capsule/osfstorage/labelled_images/Normal clean mucosa/5bb1d3cc7dc64cec_7472.jpg,data/raw/kvasir_capsule/osfstorage/labelled_images/Normal clean mucosa/5bb1d3cc7dc64cec_7472.jpg,True,2fd7eb49dc9d512cb05931675ba4a1ff61d59b95ad4854b3c2d15f369d63cfff,336,336,\N
/content/drive/MyDrive/MMVQA_Clinical/data/raw/kvasir_capsule/osfstorage/labelled_images/Normal clean mucosa/5bb1d3cc7dc64cec_7502.jpg,data/raw/kvasir_capsule/osfstorage/labelled_images/Normal clean mucosa/5bb1d3cc7dc64cec_7502.jpg,True,ff4465364c0e992896c52e69177502813d61a9c59e5ae7351e2c927aaa407e1e,336,336,\N
/content/drive/MyDrive/MMVQA_Clinical/data/raw/kvasir_capsule/osfstorage/labelled_images/Normal clean mucosa/5bb1d3cc7dc64cec_7532.jpg,data/raw/kvasir_capsule/osfstorage/labelled_images/Normal clean mucosa/5bb1d3cc7dc64cec_7532.jpg,True,4e180262ead98f9a261ee97211e246328b687263c33fb5300902ca0875da8bae,336,336,\N
/content/drive/MyDrive/MMVQA_Clinical/data/raw/kvasir_capsule/osfstorage/labelled_images/Normal clean mucosa/5bb1d3cc7dc64cec_7562.jpg,data/raw/kvasir_capsule/osfstorage/labelled_images/Normal clean mucosa/5bb1d3cc7dc64cec_7562.jpg,True,b0bc24d08764974fe2a5c38a9036050de7f5ad9055b3ca137de99dba0f36f115,336,336,\N
/content/drive/MyDrive/MMVQA_Clinical/data/raw/kvasir_capsule/osfstorage/labelled_images/Normal clean mucosa/5e59c7fdb16c4228_12577.jpg,data/raw/kvasir_capsule/osfstorage/labelled_images/Normal clean mucosa/5e59c7fdb16c4228_12577.jpg,True,85a99369389df85ec15b64d2e2b137147cfa4031b89998ee91e602b7b85d30ba,336,336,\N
/content/drive/MyDrive/MMVQA_Clinical/data/raw/kvasir_capsule/osfstorage/labelled_images/Normal clean mucosa/5e59c7fdb16c4228_12607.jpg,data/raw/kvasir_capsule/osfstorage/labelled_images/Normal clean mucosa/5e59c7fdb16c4228_12607.jpg,True,662cdd89ae05525615171683b856afa1cf33ad78e175875546c5bdc33f6c5bec,336,336,\N
/content/drive/MyDrive/MMVQA_Clinical/data/raw/kvasir_capsule/osfstorage/labelled_images/Normal clean mucosa/5e59c7fdb16c4228_12637.jpg,data/raw/kvasir_capsule/osfstorage/labelled_images/Normal clean mucosa/5e59c7fdb16c4228_12637.jpg,True,73d675d8e5c74375784e3e225a75f49606705bc7cb69602b257d87f12364158c,336,336,\N
/content/drive/MyDrive/MMVQA_Clinical/data/raw/kvasir_capsule/osfstorage/labelled_images/Normal clean mucosa/5e59c7fdb16c4228_12667.jpg,data/raw/kvasir_capsule/osfstorage/labelled_images/Normal clean mucosa/5e59c7fdb16c4228_12667.jpg,True,7372373dcda6d50f18a48fe4d9acdae9d698d56b8a631fca3439d7e8a24632b7,336,336,\N
/content/drive/MyDrive/MMVQA_Clinical/data/raw/kvasir_capsule/osfstorage/labelled_images/Normal clean mucosa/5e59c7fdb16c4228_12697.jpg,data/raw/kvasir_capsule/osfstorage/labelled_images/Normal clean mucosa/5e59c7fdb16c4228_12697.jpg,True,599c59b610f28a7a657f5da6e571da7c4e6664434403a349c9c9da6628d31539,336,336,\N
/content/drive/MyDrive/MMVQA_Clinical/data/raw/kvasir_capsule/osfstorage/labelled_images/Normal clean mucosa/5e59c7fdb16c4228_13653.jpg,data/raw/kvasir_capsule/osfstorage/labelled_images/Normal clean mucosa/5e59c7fdb16c4228_13653.jpg,True,d3875c7341ed235d00b4ebacb95638027209cf44a858eb3c8e3be45ad225a697,336,336,\N
/content/drive/MyDrive/MMVQA_Clinical/data/raw/kvasir_capsule/osfstorage/labelled_images/Normal clean mucosa/5e59c7fdb16c4228_13683.jpg,data/raw/kvasir_capsule/osfstorage/labelled_images/Normal clean mucosa/5e59c7fdb16c4228_13683.jpg,True,3dc7322bb80e6278bf1a3b682cffeabb363284c847142a7783850579e9b548b4,336,336,\N
/content/drive/MyDrive/MMVQA_Clinical/data/raw/kvasir_capsule/osfstorage/labelled_images/Normal clean mucosa/5e59c7fdb16c4228_13713.jpg,data/raw/kvasir_capsule/osfstorage/labelled_images/Normal clean mucosa/5e59c7fdb16c4228_13713.jpg,True,017cd3a586b8b96102919b79f5ada5bdd2b5d6b04f001f8efb99f970df5faab2,336,336,\N
/content/drive/MyDrive/MMVQA_Clinical/data/raw/kvasir_capsule/osfstorage/labelled_images/Normal clean mucosa/5e59c7fdb16c4228_13743.jpg,data/raw/kvasir_capsule/osfstorage/labelled_images/Normal clean mucosa/5e59c7fdb16c4228_13743.jpg,True,409c5aa4bd274aa0b3ff0574ce3d86bd0663bd0b173c3a11def11ee9f72ea97a,336,336,\N
/content/drive/MyDrive/MMVQA_Clinical/data/raw/kvasir_capsule/osfstorage/labelled_images/Normal clean mucosa/5e59c7fdb16c4228_13773.jpg,data/raw/kvasir_capsule/osfstorage/labelled_images/Normal clean mucosa/5e59c7fdb16c4228_13773.jpg,True,2db2381ae388431e32c7d94da3c200d3ea0aa698a42f1da0c2d540f7cd26e7e8,336,336,\N
/content/drive/MyDrive/MMVQA_Clinical/data/raw/kvasir_capsule/osfstorage/labelled_images/Normal clean mucosa/5e59c7fdb16c4228_15454.jpg,data/raw/kvasir_capsule/osfstorage/labelled_images/Normal clean mucosa/5e59c7fdb16c4228_15454.jpg,True,cabba87a46c595176d75b85ebc634e52fcdad0bb8379173498b6417a9ee4d9df,336,336,\N
/content/drive/MyDrive/MMVQA_Clinical/data/raw/kvasir_capsule/osfstorage/labelled_images/Normal clean mucosa/5e59c7fdb16c4228_15484.jpg,data/raw/kvasir_capsule/osfstorage/labelled_images/Normal clean mucosa/5e59c7fdb16c4228_15484.jpg,True,a280a43cd50e1d93d049857a570670f40332272a6099a773b58a7b72f0396e72,336,336,\N
/content/drive/MyDrive/MMVQA_Clinical/data/raw/kvasir_capsule/osfstorage/labelled_images/Normal clean mucosa/5e59c7fdb16c4228_15514.jpg,data/raw/kvasir_capsule/osfstorage/labelled_images/Normal clean mucosa/5e59c7fdb16c4228_15514.jpg,True,ad611bfe17ee7f169b4b6bd845393fd0cb63573975fd11331de39c082118d83c,336,336,\N
/content/drive/MyDrive/MMVQA_Clinical/data/raw/kvasir_capsule/osfstorage/labelled_images/Normal clean mucosa/5e59c7fdb16c4228_15544.jpg,data/raw/kvasir_capsule/osfstorage/labelled_images/Normal clean mucosa/5e59c7fdb16c4228_15544.jpg,True,af4b54d2e04432505799ed1a3347f90e34b47c510e2cc355b45229eadfe40677,336,336,\N
/content/drive/MyDrive/MMVQA_Clinical/data/raw/kvasir_capsule/osfstorage/labelled_images/Normal clean mucosa/5e59c7fdb16c4228_15574.jpg,data/raw/kvasir_capsule/osfstorage/labelled_images/Normal clean mucosa/5e59c7fdb16c4228_15574.jpg,True,d6f38ce88f4e2c8eea8818a557fabbf1560a7b660be9bd7f430b731f05d51af7,336,336,\N
/content/drive/MyDrive/MMVQA_Clinical/data/raw/kvasir_capsule/osfstorage/labelled_images/Normal clean mucosa/5e59c7fdb16c4228_33127.jpg,data/raw/kvasir_capsule/osfstorage/labelled_images/Normal clean mucosa/5e59c7fdb16c4228_33127.jpg,True,56616c112279035abea223739259db487b1e0147eb687ec6493537a4fd9e17e4,336,336,\N
/content/drive/MyDrive/MMVQA_Clinical/data/raw/kvasir_capsule/osfstorage/labelled_images/Normal clean mucosa/5e59c7fdb16c4228_33157.jpg,data/raw/kvasir_capsule/osfstorage/labelled_images/Normal clean mucosa/5e59c7fdb16c4228_33157.jpg,True,386d71dbb936dd2e08493b952e09a7283d71718d89bae8a8231170699faa8352,336,336,\N
/content/drive/MyDrive/MMVQA_Clinical/data/raw/kvasir_capsule/osfstorage/labelled_images/Normal clean mucosa/5e59c7fdb16c4228_33187.jpg,data/raw/kvasir_capsule/osfstorage/labelled_images/Normal clean mucosa/5e59c7fdb16c4228_33187.jpg,True,9f99520fe7c9576c5a09d5523148a61a7153b1a27e8b482ae3bc9765d51c073e,336,336,\N
/content/drive/MyDrive/MMVQA_Clinical/data/raw/kvasir_capsule/osfstorage/labelled_images/Normal clean mucosa/5e59c7fdb16c4228_33217.jpg,data/raw/kvasir_capsule/osfstorage/labelled_images/Normal clean mucosa/5e59c7fdb16c4228_33217.jpg,True,65a7939f45cd005aac8ed3e3dce5791ebb912c8f275afc96b0eff9f5bd2b5c66,336,336,\N
/content/drive/MyDrive/MMVQA_Clinical/data/raw/kvasir_capsule/osfstorage/labelled_images/Normal clean mucosa/5e59c7fdb16c4228_33247.jpg,data/raw/kvasir_capsule/osfstorage/labelled_images/Normal clean mucosa/5e59c7fdb16c4228_33247.jpg,True,00c58ca80b1f25190fa6ce81e65e438344d8a1e15fa165eeccd4d891100072ef,336,336,\N
/content/drive/MyDrive/MMVQA_Clinical/data/raw/kvasir_capsule/osfstorage/labelled_images/Normal clean mucosa/5e59c7fdb16c4228_3403.jpg,data/raw/kvasir_capsule/osfstorage/labelled_images/Normal clean mucosa/5e59c7fdb16c4228_3403.jpg,True,06f8f7967c8323b9aeac9fc3662797ca06cbbe993a59086fa86c6e52d98598b8,336,336,\N
/content/drive/MyDrive/MMVQA_Clinical/data/raw/kvasir_capsule/osfstorage/labelled_images/Normal clean mucosa/5e59c7fdb16c4228_3433.jpg,data/raw/kvasir_capsule/osfstorage/labelled_images/Normal clean mucosa/5e59c7fdb16c4228_3433.jpg,True,9e3ce77ed9267f823d1f3437c5a9766364e3522e4f4ca6aa9d02c1fe955aad8c,336,336,\N
/content/drive/MyDrive/MMVQA_Clinical/data/raw/kvasir_capsule/osfstorage/labelled_images/Normal clean mucosa/5e59c7fdb16c4228_3463.jpg,data/raw/kvasir_capsule/osfstorage/labelled_images/Normal clean mucosa/5e59c7fdb16c4228_3463.jpg,True,d8f6c8c9e98ff7231d2782bffb5adb6de415a0795d42de8a844b4222c5125ccf,336,336,\N
/content/drive/MyDrive/MMVQA_Clinical/data/raw/kvasir_capsule/osfstorage/labelled_images/Normal clean mucosa/5e59c7fdb16c4228_3493.jpg,data/raw/kvasir_capsule/osfstorage/labelled_images/Normal clean mucosa/5e59c7fdb16c4228_3493.jpg,True,6e2d5b0dd2eeaaa99fb200f18f7d71bc05cc6ae0c0849c323cff02d54ba07351,336,336,\N
/content/drive/MyDrive/MMVQA_Clinical/data/raw/kvasir_capsule/osfstorage/labelled_images/Normal clean mucosa/5e59c7fdb16c4228_3523.jpg,data/raw/kvasir_capsule/osfstorage/labelled_images/Normal clean mucosa/5e59c7fdb16c4228_3523.jpg,True,371751ec823a48dc0fb64c71abebcc70a7f998ca89f7d5ba5cadf3305a43ef03,336,336,\N
/content/drive/MyDrive/MMVQA_Clinical/data/raw/kvasir_capsule/osfstorage/labelled_images/Normal clean mucosa/5e59c7fdb16c4228_39827.jpg,data/raw/kvasir_capsule/osfstorage/labelled_images/Normal clean mucosa/5e59c7fdb16c4228_39827.jpg,True,93d8d1fcb85e25b2dea29a3ca6853aeb1f02af694f033c5e7ff03861fd79776e,336,336,\N
/content/drive/MyDrive/MMVQA_Clinical/data/raw/kvasir_capsule/osfstorage/labelled_images/Normal clean mucosa/5e59c7fdb16c4228_39857.jpg,data/raw/kvasir_capsule/osfstorage/labelled_images/Normal clean mucosa/5e59c7fdb16c4228_39857.jpg,True,43980770f4da5fbd991f31316a54f079b98cf4a69925e7eaef1e70c54925acfe,336,336,\N
/content/drive/MyDrive/MMVQA_Clinical/data/raw/kvasir_capsule/osfstorage/labelled_images/Normal clean mucosa/5e59c7fdb16c4228_39887.jpg,data/raw/kvasir_capsule/osfstorage/labelled_images/Normal clean mucosa/5e59c7fdb16c4228_39887.jpg,True,2ea9339bc088c1c6e06a2531829f9a139c99a8e6c73369f2e062987599336f27,336,336,\N
/content/drive/MyDrive/MMVQA_Clinical/data/raw/kvasir_capsule/osfstorage/labelled_images/Normal clean mucosa/5e59c7fdb16c4228_39917.jpg,data/raw/kvasir_capsule/osfstorage/labelled_images/Normal clean mucosa/5e59c7fdb16c4228_39917.jpg,True,c172279e74e95e28657e0a2a128a7f4515a2fe23b6afb67d3b8a9d5e998745e2,336,336,\N
/content/drive/MyDrive/MMVQA_Clinical/data/raw/kvasir_capsule/osfstorage/labelled_images/Normal clean mucosa/5e59c7fdb16c4228_39947.jpg,data/raw/kvasir_capsule/osfstorage/labelled_images/Normal clean mucosa/5e59c7fdb16c4228_39947.jpg,True,c406a58ac2d1bdb6c54ea5eb8704063f1dbb9f3f40d9c7e259ec3c2cd14b3842,336,336,\N
/content/drive/MyDrive/MMVQA_Clinical/data/raw/kvasir_capsule/osfstorage/labelled_images/Normal clean mucosa/5e59c7fdb16c4228_4365.jpg,data/raw/kvasir_capsule/osfstorage/labelled_images/Normal clean mucosa/5e59c7fdb16c4228_4365.jpg,True,cf2964ded79ecdff6bdebd0e1dbc7663e065049ca17c35e4e9b0a6aebfde8321,336,336,\N
/content/drive/MyDrive/MMVQA_Clinical/data/raw/kvasir_capsule/osfstorage/labelled_images/Normal clean mucosa/5e59c7fdb16c4228_4395.jpg,data/raw/kvasir_capsule/osfstorage/labelled_images/Normal clean mucosa/5e59c7fdb16c4228_4395.jpg,True,0cdcd13c47561782cd3ef75119d208a6402b917b7c9a71d4354c0d614dddba9f,336,336,\N
/content/drive/MyDrive/MMVQA_Clinical/data/raw/kvasir_capsule/osfstorage/labelled_images/Normal clean mucosa/5e59c7fdb16c4228_4425.jpg,data/raw/kvasir_capsule/osfstorage/labelled_images/Normal clean mucosa/5e59c7fdb16c4228_4425.jpg,True,beb803705d976a3a9f446d5ba05a2d4dd0e2dcf83777ac0ed46292beb5d923ce,336,336,\N
/content/drive/MyDrive/MMVQA_Clinical/data/raw/kvasir_capsule/osfstorage/labelled_images/Normal clean mucosa/5e59c7fdb16c4228_4455.jpg,data/raw/kvasir_capsule/osfstorage/labelled_images/Normal clean mucosa/5e59c7fdb16c4228_4455.jpg,True,44f10b02c438e20179e7401b77862f74a797c9f1f579f91fa313013a0474015d,336,336,\N
/content/drive/MyDrive/MMVQA_Clinical/data/raw/kvasir_capsule/osfstorage/labelled_images/Normal clean mucosa/5e59c7fdb16c4228_4485.jpg,data/raw/kvasir_capsule/osfstorage/labelled_images/Normal clean mucosa/5e59c7fdb16c4228_4485.jpg,True,ee147de8144428276bde3eb255b8b9c95d3601954513badb55825b0d63d63c94,336,336,\N
/content/drive/MyDrive/MMVQA_Clinical/data/raw/kvasir_capsule/osfstorage/labelled_images/Normal clean mucosa/5e59c7fdb16c4228_7963.jpg,data/raw/kvasir_capsule/osfstorage/labelled_images/Normal clean mucosa/5e59c7fdb16c4228_7963.jpg,True,49ba35cb8502a017da5b3ea7ded285333bb04dd91990ef603139c24615bedeef,336,336,\N
/content/drive/MyDrive/MMVQA_Clinical/data/raw/kvasir_capsule/osfstorage/labelled_images/Normal clean mucosa/5e59c7fdb16c4228_7993.jpg,data/raw/kvasir_capsule/osfstorage/labelled_images/Normal clean mucosa/5e59c7fdb16c4228_7993.jpg,True,83438b1372ca5cdeb2738a89c51f9810083c370dccf87dd0696aa3f646f0699b,336,336,\N
/content/drive/MyDrive/MMVQA_Clinical/data/raw/kvasir_capsule/osfstorage/labelled_images/Normal clean mucosa/5e59c7fdb16c4228_8023.jpg,data/raw/kvasir_capsule/osfstorage/labelled_images/Normal clean mucosa/5e59c7fdb16c4228_8023.jpg,True,f76f537819c224d27bc85efd887072ecf07e644a9544821a5203a419393bf72b,336,336,\N
/content/drive/MyDrive/MMVQA_Clinical/data/raw/kvasir_capsule/osfstorage/labelled_images/Normal clean mucosa/5e59c7fdb16c4228_8053.jpg,data/raw/kvasir_capsule/osfstorage/labelled_images/Normal clean mucosa/5e59c7fdb16c4228_8053.jpg,True,ebe8b48a6536f87cf4372f38f1b1787c3a87638c96a7062381661ed034707a1a,336,336,\N
/content/drive/MyDrive/MMVQA_Clinical/data/raw/kvasir_capsule/osfstorage/labelled_images/Normal clean mucosa/5e59c7fdb16c4228_8083.jpg,data/raw/kvasir_capsule/osfstorage/labelled_images/Normal clean mucosa/5e59c7fdb16c4228_8083.jpg,True,68b6b873c99e60e7d3dd4ff617cae68e3d40644ebf0b18e3d67b26d92d7f94c3,336,336,\N
/content/drive/MyDrive/MMVQA_Clinical/data/raw/kvasir_capsule/osfstorage/labelled_images/Normal clean mucosa/5e59c7fdb16c4228_9522.jpg,data/raw/kvasir_capsule/osfstorage/labelled_images/Normal clean mucosa/5e59c7fdb16c4228_9522.jpg,True,733b6991287ceb9d6091745b6c16c451fc7f9ca0b2892ca44d8e3a10d54744de,336,336,\N
/content/drive/MyDrive/MMVQA_Clinical/data/raw/kvasir_capsule/osfstorage/labelled_images/Normal clean mucosa/5e59c7fdb16c4228_9552.jpg,data/raw/kvasir_capsule/osfstorage/labelled_images/Normal clean mucosa/5e59c7fdb16c4228_9552.jpg,True,244f3d42a4a7ba2ade11530019f5537192692443b39bd6199eefa94d0707b071,336,336,\N
/content/drive/MyDrive/MMVQA_Clinical/data/raw/kvasir_capsule/osfstorage/labelled_images/Normal clean mucosa/5e59c7fdb16c4228_9582.jpg,data/raw/kvasir_capsule/osfstorage/labelled_images/Normal clean mucosa/5e59c7fdb16c4228_9582.jpg,True,d2318562c73dca38f67f55929e14f55cf7621d187c497942297141f4bd69c214,336,336,\N
/content/drive/MyDrive/MMVQA_Clinical/data/raw/kvasir_capsule/osfstorage/labelled_images/Normal clean mucosa/5e59c7fdb16c4228_9612.jpg,data/raw/kvasir_capsule/osfstorage/labelled_images/Normal clean mucosa/5e59c7fdb16c4228_9612.jpg,True,7fd41883249a51a28760e74b393fb1ebdfd61210d8af79920830bdba3a1b7850,336,336,\N
/content/drive/MyDrive/MMVQA_Clinical/data/raw/kvasir_capsule/osfstorage/labelled_images/Normal clean mucosa/5e59c7fdb16c4228_9642.jpg,data/raw/kvasir_capsule/osfstorage/labelled_images/Normal clean mucosa/5e59c7fdb16c4228_9642.jpg,True,65a0a82a9f4b5d52508509557cee95ab42e58f6b5d567c83983f40cd63f0f5e6,336,336,\N
/content/drive/MyDrive/MMVQA_Clinical/data/raw/kvasir_capsule/osfstorage/labelled_images/Normal clean mucosa/5e9beaf4e66142c8_11683.jpg,data/raw/kvasir_capsule/osfstorage/labelled_images/Normal clean mucosa/5e9beaf4e66142c8_11683.jpg,True,54f6f0b64324446889b9ab52eb6465851467f93e13a7835f3acc2129ebf2ab0b,336,336,\N
/content/drive/MyDrive/MMVQA_Clinical/data/raw/kvasir_capsule/osfstorage/labelled_images/Normal clean mucosa/5e9beaf4e66142c8_11713.jpg,data/raw/kvasir_capsule/osfstorage/labelled_images/Normal clean mucosa/5e9beaf4e66142c8_11713.jpg,True,9d006563b56816216b81000c0a0d518ac18073284dead0d78522582a60b5573b,336,336,\N
/content/drive/MyDrive/MMVQA_Clinical/data/raw/kvasir_capsule/osfstorage/labelled_images/Normal clean mucosa/5e9beaf4e66142c8_11743.jpg,data/raw/kvasir_capsule/osfstorage/labelled_images/Normal clean mucosa/5e9beaf4e66142c8_11743.jpg,True,f3661a1f9a68247011dc8f5b694cb614256020c2299290eced35822c50eb2c10,336,336,\N
/content/drive/MyDrive/MMVQA_Clinical/data/raw/kvasir_capsule/osfstorage/labelled_images/Normal clean mucosa/5e9beaf4e66142c8_11773.jpg,data/raw/kvasir_capsule/osfstorage/labelled_images/Normal clean mucosa/5e9beaf4e66142c8_11773.jpg,True,5a4994b06503f05efc7fd2a16844f7b9520cac0e2c2d57e3c57915c2ad09ac1d,336,336,\N
/content/drive/MyDrive/MMVQA_Clinical/data/raw/kvasir_capsule/osfstorage/labelled_images/Normal clean mucosa/5e9beaf4e66142c8_11803.jpg,data/raw/kvasir_capsule/osfstorage/labelled_images/Normal clean mucosa/5e9beaf4e66142c8_11803.jpg,True,c5d13220fd437452342d9258bfe19469ad5979ad6ebda4d9aa826a5f7e1b3230,336,336,\N
/content/drive/MyDrive/MMVQA_Clinical/data/raw/kvasir_capsule/osfstorage/labelled_images/Normal clean mucosa/5e9beaf4e66142c8_41020.jpg,data/raw/kvasir_capsule/osfstorage/labelled_images/Normal clean mucosa/5e9beaf4e66142c8_41020.jpg,True,2ca9432e9a8794ab2107747192acebee4748d444908cd8dcb653307b723b754c,336,336,\N
/content/drive/MyDrive/MMVQA_Clinical/data/raw/kvasir_capsule/osfstorage/labelled_images/Normal clean mucosa/5e9beaf4e66142c8_41050.jpg,data/raw/kvasir_capsule/osfstorage/labelled_images/Normal clean mucosa/5e9beaf4e66142c8_41050.jpg,True,17f302633ac2fdfdfa319be1ddf9a6f41a2241829a1c3b3cecd3a39395d9d33a,336,336,\N
/content/drive/MyDrive/MMVQA_Clinical/data/raw/kvasir_capsule/osfstorage/labelled_images/Normal clean mucosa/5e9beaf4e66142c8_41080.jpg,data/raw/kvasir_capsule/osfstorage/labelled_images/Normal clean mucosa/5e9beaf4e66142c8_41080.jpg,True,c68f222d3543729983edac6a7fa67fd296e8403f0924741662525c097792e08a,336,336,\N
/content/drive/MyDrive/MMVQA_Clinical/data/raw/kvasir_capsule/osfstorage/labelled_images/Normal clean mucosa/5e9beaf4e66142c8_41110.jpg,data/raw/kvasir_capsule/osfstorage/labelled_images/Normal clean mucosa/5e9beaf4e66142c8_41110.jpg,True,2692b2f49d6bb0698ae1f6b5b159d526867593dd69487b84b1d4031f10bc63fd,336,336,\N
/content/drive/MyDrive/MMVQA_Clinical/data/raw/kvasir_capsule/osfstorage/labelled_images/Normal clean mucosa/5e9beaf4e66142c8_41140.jpg,data/raw/kvasir_capsule/osfstorage/labelled_images/Normal clean mucosa/5e9beaf4e66142c8_41140.jpg,True,1a151773ce3d05cec53f3926adbd9ca28b339d9a536902ff73c718768ff95d57,336,336,\N
/content/drive/MyDrive/MMVQA_Clinical/data/raw/kvasir_capsule/osfstorage/labelled_images/Normal clean mucosa/64440803f87b4843_4908.jpg,data/raw/kvasir_capsule/osfstorage/labelled_images/Normal clean mucosa/64440803f87b4843_4908.jpg,True,2d1d0aab87967716a2f28fcd0cf760fb62185b64349e2ee0a523b749d754cca4,336,336,\N
/content/drive/MyDrive/MMVQA_Clinical/data/raw/kvasir_capsule/osfstorage/labelled_images/Normal clean mucosa/64440803f87b4843_4938.jpg,data/raw/kvasir_capsule/osfstorage/labelled_images/Normal clean mucosa/64440803f87b4843_4938.jpg,True,b287f8c86776ec75bd3e5d71884ed9b22e40d62b41e1adcbd94a9c5a71e9b5b0,336,336,\N
/content/drive/MyDrive/MMVQA_Clinical/data/raw/kvasir_capsule/osfstorage/labelled_images/Normal clean mucosa/64440803f87b4843_4968.jpg,data/raw/kvasir_capsule/osfstorage/labelled_images/Normal clean mucosa/64440803f87b4843_4968.jpg,True,4b00263ea88606b0517c12a7ff47a91d7179236660fdd77bef859f9a8aa2e610,336,336,\N
/content/drive/MyDrive/MMVQA_Clinical/data/raw/kvasir_capsule/osfstorage/labelled_images/Normal clean mucosa/64440803f87b4843_4998.jpg,data/raw/kvasir_capsule/osfstorage/labelled_images/Normal clean mucosa/64440803f87b4843_4998.jpg,True,f2516d8776a58ef8b5763b0dd638e27b5e0335ff381b2ed607e38eafb304fe58,336,336,\N
/content/drive/MyDrive/MMVQA_Clinical/data/raw/kvasir_capsule/osfstorage/labelled_images/Normal clean mucosa/64440803f87b4843_5028.jpg,data/raw/kvasir_capsule/osfstorage/labelled_images/Normal clean mucosa/64440803f87b4843_5028.jpg,True,1a410201a205edc8f5c7a3ba5949d0310b5d786e4767812d612131264dfab41f,336,336,\N
/content/drive/MyDrive/MMVQA_Clinical/data/raw/kvasir_capsule/osfstorage/labelled_images/Normal clean mucosa/64440803f87b4843_5675.jpg,data/raw/kvasir_capsule/osfstorage/labelled_images/Normal clean mucosa/64440803f87b4843_5675.jpg,True,4571e9272bfd4d397a95f96a91643d2ab6dee42bd0184d4bc89476bef185eaba,336,336,\N
/content/drive/MyDrive/MMVQA_Clinical/data/raw/kvasir_capsule/osfstorage/labelled_images/Normal clean mucosa/64440803f87b4843_5705.jpg,data/raw/kvasir_capsule/osfstorage/labelled_images/Normal clean mucosa/64440803f87b4843_5705.jpg,True,9658a45452c58bc506becae5bb340f21ce70f8723a6d244581598df7ba5e4727,336,336,\N
/content/drive/MyDrive/MMVQA_Clinical/data/raw/kvasir_capsule/osfstorage/labelled_images/Normal clean mucosa/64440803f87b4843_5735.jpg,data/raw/kvasir_capsule/osfstorage/labelled_images/Normal clean mucosa/64440803f87b4843_5735.jpg,True,984ba7dda1c5779224adc6f9a35fb74eb1903ec3558146b1f10a2e8cb212c562,336,336,\N
/content/drive/MyDrive/MMVQA_Clinical/data/raw/kvasir_capsule/osfstorage/labelled_images/Normal clean mucosa/64440803f87b4843_5765.jpg,data/raw/kvasir_capsule/osfstorage/labelled_images/Normal clean mucosa/64440803f87b4843_5765.jpg,True,b4e252d0c22dbaa61c27fbabd136956629c503d50cbf1f09bb8035c858dc080f,336,336,\N
/content/drive/MyDrive/MMVQA_Clinical/data/raw/kvasir_capsule/osfstorage/labelled_images/Normal clean mucosa/64440803f87b4843_5795.jpg,data/raw/kvasir_capsule/osfstorage/labelled_images/Normal clean mucosa/64440803f87b4843_5795.jpg,True,54bc7a105149ab929f20492b912dc79e5a62aca0e02f1c20c6afc98b7cef56d8,336,336,\N
/content/drive/MyDrive/MMVQA_Clinical/data/raw/kvasir_capsule/osfstorage/labelled_images/Normal clean mucosa/64440803f87b4843_7414.jpg,data/raw/kvasir_capsule/osfstorage/labelled_images/Normal clean mucosa/64440803f87b4843_7414.jpg,True,fe3062d551b4c156914a9a7b36aebe2d93119cc8c469684ae009ca65511eac29,336,336,\N
/content/drive/MyDrive/MMVQA_Clinical/data/raw/kvasir_capsule/osfstorage/labelled_images/Normal clean mucosa/64440803f87b4843_7444.jpg,data/raw/kvasir_capsule/osfstorage/labelled_images/Normal clean mucosa/64440803f87b4843_7444.jpg,True,58989a6c3268d650ef30a6297e5d876f992d22cf66d51e3fee30e1db3c2a07d9,336,336,\N
/content/drive/MyDrive/MMVQA_Clinical/data/raw/kvasir_capsule/osfstorage/labelled_images/Normal clean mucosa/64440803f87b4843_7474.jpg,data/raw/kvasir_capsule/osfstorage/labelled_images/Normal clean mucosa/64440803f87b4843_7474.jpg,True,00ca65de11250d9cae82ee9c5837db69d295a9813c002f284ed5ec39e269d2ae,336,336,\N
/content/drive/MyDrive/MMVQA_Clinical/data/raw/kvasir_capsule/osfstorage/labelled_images/Normal clean mucosa/64440803f87b4843_7504.jpg,data/raw/kvasir_capsule/osfstorage/labelled_images/Normal clean mucosa/64440803f87b4843_7504.jpg,True,3c165e053c4177b6f148a425633422601956647dd44ab385f8ad91519eba6297,336,336,\N
/content/drive/MyDrive/MMVQA_Clinical/data/raw/kvasir_capsule/osfstorage/labelled_images/Normal clean mucosa/64440803f87b4843_7534.jpg,data/raw/kvasir_capsule/osfstorage/labelled_images/Normal clean mucosa/64440803f87b4843_7534.jpg,True,3239af19ffc4f095a9b267044600ff755d4c403aff0a795abd8d47449770fc48,336,336,\N
/content/drive/MyDrive/MMVQA_Clinical/data/raw/kvasir_capsule/osfstorage/labelled_images/Normal clean mucosa/64440803f87b4843_9444.jpg,data/raw/kvasir_capsule/osfstorage/labelled_images/Normal clean mucosa/64440803f87b4843_9444.jpg,True,14fd35f93b9ee61b8b19ccbd77a208f4f45797a43dd5b8fcf3db4e38b383d189,336,336,\N
/content/drive/MyDrive/MMVQA_Clinical/data/raw/kvasir_capsule/osfstorage/labelled_images/Normal clean mucosa/64440803f87b4843_9474.jpg,data/raw/kvasir_capsule/osfstorage/labelled_images/Normal clean mucosa/64440803f87b4843_9474.jpg,True,383c578c78d73436b554b038bb7cd7fa1539093ff4bc4b9e1ce91f26c75d4b63,336,336,\N
/content/drive/MyDrive/MMVQA_Clinical/data/raw/kvasir_capsule/osfstorage/labelled_images/Normal clean mucosa/64440803f87b4843_9504.jpg,data/raw/kvasir_capsule/osfstorage/labelled_images/Normal clean mucosa/64440803f87b4843_9504.jpg,True,68224d11f009b6f428033904ec5fb117a82c4f35a0447ab4d52a8c95beaba9eb,336,336,\N
/content/drive/MyDrive/MMVQA_Clinical/data/raw/kvasir_capsule/osfstorage/labelled_images/Normal clean mucosa/64440803f87b4843_9534.jpg,data/raw/kvasir_capsule/osfstorage/labelled_images/Normal clean mucosa/64440803f87b4843_9534.jpg,True,4ce11f921ad8d369d4e799355070613e2a7c5c3dd567b2ab2263ac68da18e592,336,336,\N
/content/drive/MyDrive/MMVQA_Clinical/data/raw/kvasir_capsule/osfstorage/labelled_images/Normal clean mucosa/64440803f87b4843_9564.jpg,data/raw/kvasir_capsule/osfstorage/labelled_images/Normal clean mucosa/64440803f87b4843_9564.jpg,True,8e306302161aeed45d33afb197042b19293bb5b3f61de9b1c981c9c5cce331ca,336,336,\N
/content/drive/MyDrive/MMVQA_Clinical/data/raw/kvasir_capsule/osfstorage/labelled_images/Normal clean mucosa/6cb700585c4f4070_12814.jpg,data/raw/kvasir_capsule/osfstorage/labelled_images/Normal clean mucosa/6cb700585c4f4070_12814.jpg,True,d527a212de4bfa0324eb9511219d68096a95149735499f4d2951e0fc2c02ae99,336,336,\N
/content/drive/MyDrive/MMVQA_Clinical/data/raw/kvasir_capsule/osfstorage/labelled_images/Normal clean mucosa/6cb700585c4f4070_12844.jpg,data/raw/kvasir_capsule/osfstorage/labelled_images/Normal clean mucosa/6cb700585c4f4070_12844.jpg,True,1755d70b41dbd1292253ae4ccfe58cc5662eaec76379472d63347ec3f082810e,336,336,\N
/content/drive/MyDrive/MMVQA_Clinical/data/raw/kvasir_capsule/osfstorage/labelled_images/Normal clean mucosa/6cb700585c4f4070_12874.jpg,data/raw/kvasir_capsule/osfstorage/labelled_images/Normal clean mucosa/6cb700585c4f4070_12874.jpg,True,5d1dcdff71743339b8e3cbc5e651dd8ddf7bc02ea34c3e3146d450503d19dd3c,336,336,\N
/content/drive/MyDrive/MMVQA_Clinical/data/raw/kvasir_capsule/osfstorage/labelled_images/Normal clean mucosa/6cb700585c4f4070_12904.jpg,data/raw/kvasir_capsule/osfstorage/labelled_images/Normal clean mucosa/6cb700585c4f4070_12904.jpg,True,8ccbd6f9805e7a2a95b3f4a0fcae0af48b739fad1b5566026068f6d3472912df,336,336,\N
/content/drive/MyDrive/MMVQA_Clinical/data/raw/kvasir_capsule/osfstorage/labelled_images/Normal clean mucosa/6cb700585c4f4070_12934.jpg,data/raw/kvasir_capsule/osfstorage/labelled_images/Normal clean mucosa/6cb700585c4f4070_12934.jpg,True,fdf8a7366b3f2c47e99025c4e630554e19b285ce6871b08e86f682ed832b6653,336,336,\N
/content/drive/MyDrive/MMVQA_Clinical/data/raw/kvasir_capsule/osfstorage/labelled_images/Normal clean mucosa/6cb700585c4f4070_14755.jpg,data/raw/kvasir_capsule/osfstorage/labelled_images/Normal clean mucosa/6cb700585c4f4070_14755.jpg,True,11e6e57f126688767c4f9625f9b515a5f25e02ce9f0e436ce6a24fc8421240da,336,336,\N
/content/drive/MyDrive/MMVQA_Clinical/data/raw/kvasir_capsule/osfstorage/labelled_images/Normal clean mucosa/6cb700585c4f4070_14785.jpg,data/raw/kvasir_capsule/osfstorage/labelled_images/Normal clean mucosa/6cb700585c4f4070_14785.jpg,True,bb967321da17325916bd49c2eb6e63c691b1c0984717151b04a21fd878281afb,336,336,\N
/content/drive/MyDrive/MMVQA_Clinical/data/raw/kvasir_capsule/osfstorage/labelled_images/Normal clean mucosa/6cb700585c4f4070_14815.jpg,data/raw/kvasir_capsule/osfstorage/labelled_images/Normal clean mucosa/6cb700585c4f4070_14815.jpg,True,324e41df616eddf1ef6ede52c6c9a77facc1ab511004828533d23343dced7844,336,336,\N
/content/drive/MyDrive/MMVQA_Clinical/data/raw/kvasir_capsule/osfstorage/labelled_images/Normal clean mucosa/6cb700585c4f4070_14845.jpg,data/raw/kvasir_capsule/osfstorage/labelled_images/Normal clean mucosa/6cb700585c4f4070_14845.jpg,True,29b242370fc178836a9021c719eb238cc0f9b47ce51ce733a41a615e1576e406,336,336,\N
/content/drive/MyDrive/MMVQA_Clinical/data/raw/kvasir_capsule/osfstorage/labelled_images/Normal clean mucosa/6cb700585c4f4070_14875.jpg,data/raw/kvasir_capsule/osfstorage/labelled_images/Normal clean mucosa/6cb700585c4f4070_14875.jpg,True,5b890167e7cef1ce6638e105ed93e732ef4282949a26f1f3758c85472a7dd350,336,336,\N
/content/drive/MyDrive/MMVQA_Clinical/data/raw/kvasir_capsule/osfstorage/labelled_images/Normal clean mucosa/6cb700585c4f4070_18908.jpg,data/raw/kvasir_capsule/osfstorage/labelled_images/Normal clean mucosa/6cb700585c4f4070_18908.jpg,True,9b3d6b8e0903d9c9b02c0e32a1261d5382d46ab5f38c55fa2377de59983197e7,336,336,\N
/content/drive/MyDrive/MMVQA_Clinical/data/raw/kvasir_capsule/osfstorage/labelled_images/Normal clean mucosa/6cb700585c4f4070_18938.jpg,data/raw/kvasir_capsule/osfstorage/labelled_images/Normal clean mucosa/6cb700585c4f4070_18938.jpg,True,bc9bfdd3a6af3416f0a715c327eb707e7366c440ad6d9267e9f61feb54c8fd29,336,336,\N
/content/drive/MyDrive/MMVQA_Clinical/data/raw/kvasir_capsule/osfstorage/labelled_images/Normal clean mucosa/6cb700585c4f4070_18968.jpg,data/raw/kvasir_capsule/osfstorage/labelled_images/Normal clean mucosa/6cb700585c4f4070_18968.jpg,True,47dfee396d6f326bbe7a43a7aa89038dfa0ecab2837cdbc59d4f850aa0f37de3,336,336,\N
/content/drive/MyDrive/MMVQA_Clinical/data/raw/kvasir_capsule/osfstorage/labelled_images/Normal clean mucosa/6cb700585c4f4070_18998.jpg,data/raw/kvasir_capsule/osfstorage/labelled_images/Normal clean mucosa/6cb700585c4f4070_18998.jpg,True,5610a39bdeef0b4b330b8fdcc7fcf22ef85e716a5003e7fdf4ffcb2350551427,336,336,\N
/content/drive/MyDrive/MMVQA_Clinical/data/raw/kvasir_capsule/osfstorage/labelled_images/Normal clean mucosa/6cb700585c4f4070_19028.jpg,data/raw/kvasir_capsule/osfstorage/labelled_images/Normal clean mucosa/6cb700585c4f4070_19028.jpg,True,46a48be4d1914c2fe07555410e3e1d0a89a8307d3eb6c503b57f19d7b85715c7,336,336,\N
/content/drive/MyDrive/MMVQA_Clinical/data/raw/kvasir_capsule/osfstorage/labelled_images/Normal clean mucosa/6cb700585c4f4070_21889.jpg,data/raw/kvasir_capsule/osfstorage/labelled_images/Normal clean mucosa/6cb700585c4f4070_21889.jpg,True,ad14e3b834ad2333882f6bff92e2ba6cb5f8d95b83a0fac4be73ec501fee06bc,336,336,\N
/content/drive/MyDrive/MMVQA_Clinical/data/raw/kvasir_capsule/osfstorage/labelled_images/Normal clean mucosa/6cb700585c4f4070_21919.jpg,data/raw/kvasir_capsule/osfstorage/labelled_images/Normal clean mucosa/6cb700585c4f4070_21919.jpg,True,a8c875d465dc00de996a6ee38a37cec1e712fe4ff173ce8d8fd20bc62ad88887,336,336,\N
/content/drive/MyDrive/MMVQA_Clinical/data/raw/kvasir_capsule/osfstorage/labelled_images/Normal clean mucosa/6cb700585c4f4070_21949.jpg,data/raw/kvasir_capsule/osfstorage/labelled_images/Normal clean mucosa/6cb700585c4f4070_21949.jpg,True,264debcba0a05f6682149d421a2a8ef943585483ef063c7dca9db61775af440a,336,336,\N
/content/drive/MyDrive/MMVQA_Clinical/data/raw/kvasir_capsule/osfstorage/labelled_images/Normal clean mucosa/6cb700585c4f4070_21979.jpg,data/raw/kvasir_capsule/osfstorage/labelled_images/Normal clean mucosa/6cb700585c4f4070_21979.jpg,True,315a83d345f17cdfa48e4d01defa9dc9ff56667051653fc0866f14c2eaa911e2,336,336,\N
/content/drive/MyDrive/MMVQA_Clinical/data/raw/kvasir_capsule/osfstorage/labelled_images/Normal clean mucosa/6cb700585c4f4070_22009.jpg,data/raw/kvasir_capsule/osfstorage/labelled_images/Normal clean mucosa/6cb700585c4f4070_22009.jpg,True,4798a1f15161a500959d76d2145588d8efba471b6194fb3c7eba1b1ae56bf749,336,336,\N
/content/drive/MyDrive/MMVQA_Clinical/data/raw/kvasir_capsule/osfstorage/labelled_images/Normal clean mucosa/7ad22d50ebaf4596_12437.jpg,data/raw/kvasir_capsule/osfstorage/labelled_images/Normal clean mucosa/7ad22d50ebaf4596_12437.jpg,True,b85958c39476a6e67023926c3c181df4044275227b2bed33a545571e6f0c0e94,336,336,\N
/content/drive/MyDrive/MMVQA_Clinical/data/raw/kvasir_capsule/osfstorage/labelled_images/Normal clean mucosa/7ad22d50ebaf4596_12467.jpg,data/raw/kvasir_capsule/osfstorage/labelled_images/Normal clean mucosa/7ad22d50ebaf4596_12467.jpg,True,4fc5829940ed562c8bba9f77491d41e8f9a7d1249ebc06e30b7207ddb43d01d3,336,336,\N
/content/drive/MyDrive/MMVQA_Clinical/data/raw/kvasir_capsule/osfstorage/labelled_images/Normal clean mucosa/7ad22d50ebaf4596_12497.jpg,data/raw/kvasir_capsule/osfstorage/labelled_images/Normal clean mucosa/7ad22d50ebaf4596_12497.jpg,True,6e5e767bcf93dbe86431fe214ae91df4565749d0556b7fa2d717bec489dddb8f,336,336,\N
/content/drive/MyDrive/MMVQA_Clinical/data/raw/kvasir_capsule/osfstorage/labelled_images/Normal clean mucosa/7ad22d50ebaf4596_12527.jpg,data/raw/kvasir_capsule/osfstorage/labelled_images/Normal clean mucosa/7ad22d50ebaf4596_12527.jpg,True,2c1175652e0afe1c7ac1bae46f15819e1e7a3ac4244ec1633a93d24678eccf28,336,336,\N
/content/drive/MyDrive/MMVQA_Clinical/data/raw/kvasir_capsule/osfstorage/labelled_images/Normal clean mucosa/7ad22d50ebaf4596_12557.jpg,data/raw/kvasir_capsule/osfstorage/labelled_images/Normal clean mucosa/7ad22d50ebaf4596_12557.jpg,True,aeeffb98c14d4655052224135534aa8fb5d0025fe0a1c787b40d557a6fd3ad06,336,336,\N
/content/drive/MyDrive/MMVQA_Clinical/data/raw/kvasir_capsule/osfstorage/labelled_images/Normal clean mucosa/7ad22d50ebaf4596_6751.jpg,data/raw/kvasir_capsule/osfstorage/labelled_images/Normal clean mucosa/7ad22d50ebaf4596_6751.jpg,True,0b702450d70898fe142d845c4965113ac385895643f5ae00d127a0cef613b4f8,336,336,\N
/content/drive/MyDrive/MMVQA_Clinical/data/raw/kvasir_capsule/osfstorage/labelled_images/Normal clean mucosa/7ad22d50ebaf4596_6781.jpg,data/raw/kvasir_capsule/osfstorage/labelled_images/Normal clean mucosa/7ad22d50ebaf4596_6781.jpg,True,1ebf9933f2db685f3934ca64aa6a3b001757ef8a6e0f2a50c73e314ce35ba457,336,336,\N
/content/drive/MyDrive/MMVQA_Clinical/data/raw/kvasir_capsule/osfstorage/labelled_images/Normal clean mucosa/7ad22d50ebaf4596_6811.jpg,data/raw/kvasir_capsule/osfstorage/labelled_images/Normal clean mucosa/7ad22d50ebaf4596_6811.jpg,True,c206692abadc42b8eb02d460e3b02d6cd100e2b26dfcc72a7182963264c39d9b,336,336,\N
/content/drive/MyDrive/MMVQA_Clinical/data/raw/kvasir_capsule/osfstorage/labelled_images/Normal clean mucosa/8885668afb844852_17538.jpg,data/raw/kvasir_capsule/osfstorage/labelled_images/Normal clean mucosa/8885668afb844852_17538.jpg,True,7783d0c2af80023d5c634dd4cec00bda7565cf92a2974028f42004ab31453e00,336,336,\N
/content/drive/MyDrive/MMVQA_Clinical/data/raw/kvasir_capsule/osfstorage/labelled_images/Normal clean mucosa/8885668afb844852_17568.jpg,data/raw/kvasir_capsule/osfstorage/labelled_images/Normal clean mucosa/8885668afb844852_17568.jpg,True,64fb8cee5f8b65c285db7f4ffb4c9267566e746dc96368d722eade13e009374f,336,336,\N
/content/drive/MyDrive/MMVQA_Clinical/data/raw/kvasir_capsule/osfstorage/labelled_images/Normal clean mucosa/8885668afb844852_17598.jpg,data/raw/kvasir_capsule/osfstorage/labelled_images/Normal clean mucosa/8885668afb844852_17598.jpg,True,5aff6eb8895f7dcd18630e0308ce42617d4cb53f4bbf8acba2c33867dc73ef52,336,336,\N
/content/drive/MyDrive/MMVQA_Clinical/data/raw/kvasir_capsule/osfstorage/labelled_images/Normal clean mucosa/8885668afb844852_17628.jpg,data/raw/kvasir_capsule/osfstorage/labelled_images/Normal clean mucosa/8885668afb844852_17628.jpg,True,4aef43b713c1ddb3cfe1c6f145a0de1551f59eda355c6e4c6018cd9c6f33f82b,336,336,\N
/content/drive/MyDrive/MMVQA_Clinical/data/raw/kvasir_capsule/osfstorage/labelled_images/Normal clean mucosa/8885668afb844852_17658.jpg,data/raw/kvasir_capsule/osfstorage/labelled_images/Normal clean mucosa/8885668afb844852_17658.jpg,True,c1d389371ea4dd2c8bb77dc271b767946d79c99f2b0ddf10ac1b4c93f14f11d9,336,336,\N
/content/drive/MyDrive/MMVQA_Clinical/data/raw/kvasir_capsule/osfstorage/labelled_images/Normal clean mucosa/8885668afb844852_20668.jpg,data/raw/kvasir_capsule/osfstorage/labelled_images/Normal clean mucosa/8885668afb844852_20668.jpg,True,fe24e06b67c060f8a1a13085f4599e9889990aee7b63d57820f83cb092ead3ed,336,336,\N
/content/drive/MyDrive/MMVQA_Clinical/data/raw/kvasir_capsule/osfstorage/labelled_images/Normal clean mucosa/8885668afb844852_20698.jpg,data/raw/kvasir_capsule/osfstorage/labelled_images/Normal clean mucosa/8885668afb844852_20698.jpg,True,dd23186c64a0b26aad71d46aa0c333c1569f4f05aa4639a4ff7d6d07204a680e,336,336,\N
/content/drive/MyDrive/MMVQA_Clinical/data/raw/kvasir_capsule/osfstorage/labelled_images/Normal clean mucosa/8885668afb844852_20728.jpg,data/raw/kvasir_capsule/osfstorage/labelled_images/Normal clean mucosa/8885668afb844852_20728.jpg,True,60e2d854e4d020508250d637b9ee5821ed3d9efe35b85aec37b0c43a2d8dd902,336,336,\N
/content/drive/MyDrive/MMVQA_Clinical/data/raw/kvasir_capsule/osfstorage/labelled_images/Normal clean mucosa/8885668afb844852_20758.jpg,data/raw/kvasir_capsule/osfstorage/labelled_images/Normal clean mucosa/8885668afb844852_20758.jpg,True,7e7df45e5f2acf8944b9636295d117a3536aee0f90b4a323ced969b978d986d6,336,336,\N
/content/drive/MyDrive/MMVQA_Clinical/data/raw/kvasir_capsule/osfstorage/labelled_images/Normal clean mucosa/8885668afb844852_20788.jpg,data/raw/kvasir_capsule/osfstorage/labelled_images/Normal clean mucosa/8885668afb844852_20788.jpg,True,4d140655f4c06ffbef2151546ed88049a7d04ccd2ffbfc505eb55bfeae4299dd,336,336,\N
/content/drive/MyDrive/MMVQA_Clinical/data/raw/kvasir_capsule/osfstorage/labelled_images/Normal clean mucosa/8885668afb844852_22733.jpg,data/raw/kvasir_capsule/osfstorage/labelled_images/Normal clean mucosa/8885668afb844852_22733.jpg,True,e773274c16ecf602356ef4520cfe8273aa15885e1e75ef7259e8d18116fdbff4,336,336,\N
/content/drive/MyDrive/MMVQA_Clinical/data/raw/kvasir_capsule/osfstorage/labelled_images/Normal clean mucosa/8885668afb844852_22763.jpg,data/raw/kvasir_capsule/osfstorage/labelled_images/Normal clean mucosa/8885668afb844852_22763.jpg,True,b6f55629887cbd3b2b755c4493e9477495c17ddad4127552acb8c0bfa8e1bb7b,336,336,\N
/content/drive/MyDrive/MMVQA_Clinical/data/raw/kvasir_capsule/osfstorage/labelled_images/Normal clean mucosa/8885668afb844852_22793.jpg,data/raw/kvasir_capsule/osfstorage/labelled_images/Normal clean mucosa/8885668afb844852_22793.jpg,True,06370273a4cd07ce948d331d9ae57872087b66acaad651d03bf95502e2111cdb,336,336,\N
/content/drive/MyDrive/MMVQA_Clinical/data/raw/kvasir_capsule/osfstorage/labelled_images/Normal clean mucosa/8885668afb844852_22823.jpg,data/raw/kvasir_capsule/osfstorage/labelled_images/Normal clean mucosa/8885668afb844852_22823.jpg,True,311941ae3b7bb524286a9a0b7f70e0b6b4f44fe5f8a54b91b8efb6826daea93f,336,336,\N
/content/drive/MyDrive/MMVQA_Clinical/data/raw/kvasir_capsule/osfstorage/labelled_images/Normal clean mucosa/8885668afb844852_22853.jpg,data/raw/kvasir_capsule/osfstorage/labelled_images/Normal clean mucosa/8885668afb844852_22853.jpg,True,391bf4bfb538e2221ef90ab21820c9d2ee1f52ae1b6a45f35025d579ddd035ac,336,336,\N
/content/drive/MyDrive/MMVQA_Clinical/data/raw/kvasir_capsule/osfstorage/labelled_images/Normal clean mucosa/8885668afb844852_24371.jpg,data/raw/kvasir_capsule/osfstorage/labelled_images/Normal clean mucosa/8885668afb844852_24371.jpg,True,982b756e0af6cacbef3477bdf8e0251c384a08e7f24f4b95e63876f71cd9a563,336,336,\N
/content/drive/MyDrive/MMVQA_Clinical/data/raw/kvasir_capsule/osfstorage/labelled_images/Normal clean mucosa/8885668afb844852_24401.jpg,data/raw/kvasir_capsule/osfstorage/labelled_images/Normal clean mucosa/8885668afb844852_24401.jpg,True,615d95c4cdf076761ea555f5e3cea043ddf8e05537aa8ba8a0e88c12f227f3aa,336,336,\N
/content/drive/MyDrive/MMVQA_Clinical/data/raw/kvasir_capsule/osfstorage/labelled_images/Normal clean mucosa/8885668afb844852_24431.jpg,data/raw/kvasir_capsule/osfstorage/labelled_images/Normal clean mucosa/8885668afb844852_24431.jpg,True,8e08f2d183bf9e7d4288815dfcc0e675cf387e5fa2b56bf5ea3c9b354d1a670d,336,336,\N
/content/drive/MyDrive/MMVQA_Clinical/data/raw/kvasir_capsule/osfstorage/labelled_images/Normal clean mucosa/8885668afb844852_24461.jpg,data/raw/kvasir_capsule/osfstorage/labelled_images/Normal clean mucosa/8885668afb844852_24461.jpg,True,8fbfac74b0a6e3b2d481f3b2ea10c84c907c4002cff8e13c7461ef2dd6422d32,336,336,\N
/content/drive/MyDrive/MMVQA_Clinical/data/raw/kvasir_capsule/osfstorage/labelled_images/Normal clean mucosa/8885668afb844852_24491.jpg,data/raw/kvasir_capsule/osfstorage/labelled_images/Normal clean mucosa/8885668afb844852_24491.jpg,True,41a3e971e92162cb4145b9dde77c4794a5113372cd2b6a55f2a193185839f874,336,336,\N
/content/drive/MyDrive/MMVQA_Clinical/data/raw/kvasir_capsule/osfstorage/labelled_images/Normal clean mucosa/89cdd41258c542c5_12992.jpg,data/raw/kvasir_capsule/osfstorage/labelled_images/Normal clean mucosa/89cdd41258c542c5_12992.jpg,True,56b86daeacff49f968833c862db884e3f6277f41fb4cd15b23d88e6794da5e41,336,336,\N
/content/drive/MyDrive/MMVQA_Clinical/data/raw/kvasir_capsule/osfstorage/labelled_images/Normal clean mucosa/89cdd41258c542c5_13022.jpg,data/raw/kvasir_capsule/osfstorage/labelled_images/Normal clean mucosa/89cdd41258c542c5_13022.jpg,True,03c5517e202153710786b83bf1487c098dbc7843055d249421b17b5850075099,336,336,\N
/content/drive/MyDrive/MMVQA_Clinical/data/raw/kvasir_capsule/osfstorage/labelled_images/Normal clean mucosa/89cdd41258c542c5_13052.jpg,data/raw/kvasir_capsule/osfstorage/labelled_images/Normal clean mucosa/89cdd41258c542c5_13052.jpg,True,34f99f29546a71f35dda4032f951e8da974090e5369aa9a668eb1f1acfcd2326,336,336,\N
/content/drive/MyDrive/MMVQA_Clinical/data/raw/kvasir_capsule/osfstorage/labelled_images/Normal clean mucosa/89cdd41258c542c5_13082.jpg,data/raw/kvasir_capsule/osfstorage/labelled_images/Normal clean mucosa/89cdd41258c542c5_13082.jpg,True,422486a1508623dc0480e80f780591b47e820ffa4b0d6fbf8af979ef72c2d359,336,336,\N
/content/drive/MyDrive/MMVQA_Clinical/data/raw/kvasir_capsule/osfstorage/labelled_images/Normal clean mucosa/89cdd41258c542c5_13112.jpg,data/raw/kvasir_capsule/osfstorage/labelled_images/Normal clean mucosa/89cdd41258c542c5_13112.jpg,True,a4b3ddf8c69ca7b86ebb279b2a1f9017b07c999e76570406b078021780502c95,336,336,\N
/content/drive/MyDrive/MMVQA_Clinical/data/raw/kvasir_capsule/osfstorage/labelled_images/Normal clean mucosa/89cdd41258c542c5_3621.jpg,data/raw/kvasir_capsule/osfstorage/labelled_images/Normal clean mucosa/89cdd41258c542c5_3621.jpg,True,8df22c8d82d68ebbb559ff3fff589449620c1953c6471f6c96aa916fd08101b6,336,336,\N
/content/drive/MyDrive/MMVQA_Clinical/data/raw/kvasir_capsule/osfstorage/labelled_images/Normal clean mucosa/89cdd41258c542c5_3651.jpg,data/raw/kvasir_capsule/osfstorage/labelled_images/Normal clean mucosa/89cdd41258c542c5_3651.jpg,True,997cbc3f268a967b386f2be2756d637d1323f625f2b2901f64680cacde67cd62,336,336,\N
/content/drive/MyDrive/MMVQA_Clinical/data/raw/kvasir_capsule/osfstorage/labelled_images/Normal clean mucosa/89cdd41258c542c5_3681.jpg,data/raw/kvasir_capsule/osfstorage/labelled_images/Normal clean mucosa/89cdd41258c542c5_3681.jpg,True,e07fedd109e573326f6890af629e5ec151c40d39344cee87521f28a4dd6c3e38,336,336,\N
/content/drive/MyDrive/MMVQA_Clinical/data/raw/kvasir_capsule/osfstorage/labelled_images/Normal clean mucosa/89cdd41258c542c5_3711.jpg,data/raw/kvasir_capsule/osfstorage/labelled_images/Normal clean mucosa/89cdd41258c542c5_3711.jpg,True,a6494c0ef77737b649842ebb3f35971304e50b4e0466a71e1004c3ea715c6a03,336,336,\N
/content/drive/MyDrive/MMVQA_Clinical/data/raw/kvasir_capsule/osfstorage/labelled_images/Normal clean mucosa/89cdd41258c542c5_3741.jpg,data/raw/kvasir_capsule/osfstorage/labelled_images/Normal clean mucosa/89cdd41258c542c5_3741.jpg,True,35bcf76578d372e76a4013130872c947cdbae5b7819794bb6eb7fc5bf697a7cc,336,336,\N
/content/drive/MyDrive/MMVQA_Clinical/data/raw/kvasir_capsule/osfstorage/labelled_images/Normal clean mucosa/89cdd41258c542c5_4170.jpg,data/raw/kvasir_capsule/osfstorage/labelled_images/Normal clean mucosa/89cdd41258c542c5_4170.jpg,True,946aa6cb173ec3712fb03c4cc0679494ddfbec54fb7d4579c0adc6fc45e77b9e,336,336,\N
/content/drive/MyDrive/MMVQA_Clinical/data/raw/kvasir_capsule/osfstorage/labelled_images/Normal clean mucosa/89cdd41258c542c5_4200.jpg,data/raw/kvasir_capsule/osfstorage/labelled_images/Normal clean mucosa/89cdd41258c542c5_4200.jpg,True,1e56d06fff3699805876d37c3da035aadc819969ddafbd648a674b96c3657de2,336,336,\N
/content/drive/MyDrive/MMVQA_Clinical/data/raw/kvasir_capsule/osfstorage/labelled_images/Normal clean mucosa/89cdd41258c542c5_4230.jpg,data/raw/kvasir_capsule/osfstorage/labelled_images/Normal clean mucosa/89cdd41258c542c5_4230.jpg,True,8be5f65c17ed06b41647b46d7542765164090a35c677aeb2040e337927866b2d,336,336,\N
/content/drive/MyDrive/MMVQA_Clinical/data/raw/kvasir_capsule/osfstorage/labelled_images/Normal clean mucosa/89cdd41258c542c5_4260.jpg,data/raw/kvasir_capsule/osfstorage/labelled_images/Normal clean mucosa/89cdd41258c542c5_4260.jpg,True,8a1300ea92f662c0c0e01b608a657356afe48438c32b052a5162c5eca1d38a04,336,336,\N
/content/drive/MyDrive/MMVQA_Clinical/data/raw/kvasir_capsule/osfstorage/labelled_images/Normal clean mucosa/89cdd41258c542c5_4290.jpg,data/raw/kvasir_capsule/osfstorage/labelled_images/Normal clean mucosa/89cdd41258c542c5_4290.jpg,True,95f19877885814f1faa384a28868380e4c062d56ff1e20a87eace05a74c72b10,336,336,\N
/content/drive/MyDrive/MMVQA_Clinical/data/raw/kvasir_capsule/osfstorage/labelled_images/Normal clean mucosa/89cdd41258c542c5_9812.jpg,data/raw/kvasir_capsule/osfstorage/labelled_images/Normal clean mucosa/89cdd41258c542c5_9812.jpg,True,2c4145a77d1738ea615fd018adc9ae24e03ecf02af9afbe27897b87e2de74ce4,336,336,\N
/content/drive/MyDrive/MMVQA_Clinical/data/raw/kvasir_capsule/osfstorage/labelled_images/Normal clean mucosa/89cdd41258c542c5_9842.jpg,data/raw/kvasir_capsule/osfstorage/labelled_images/Normal clean mucosa/89cdd41258c542c5_9842.jpg,True,1e8ba21763eaa6c56c7bc85bc20a21d8cd8145906487355e1ddef46ba2c69d1b,336,336,\N
/content/drive/MyDrive/MMVQA_Clinical/data/raw/kvasir_capsule/osfstorage/labelled_images/Normal clean mucosa/89cdd41258c542c5_9872.jpg,data/raw/kvasir_capsule/osfstorage/labelled_images/Normal clean mucosa/89cdd41258c542c5_9872.jpg,True,14e7bed9aa7ab78f461a3a3a6b15716350e1c0a50846a7b34d53a50b9e3c867e,336,336,\N
/content/drive/MyDrive/MMVQA_Clinical/data/raw/kvasir_capsule/osfstorage/labelled_images/Normal clean mucosa/89cdd41258c542c5_9902.jpg,data/raw/kvasir_capsule/osfstorage/labelled_images/Normal clean mucosa/89cdd41258c542c5_9902.jpg,True,f7cecfe5f070509915ccde619d4aa902ef8069f2db2d201ee2c231cac1db2b08,336,336,\N
/content/drive/MyDrive/MMVQA_Clinical/data/raw/kvasir_capsule/osfstorage/labelled_images/Normal clean mucosa/89cdd41258c542c5_9932.jpg,data/raw/kvasir_capsule/osfstorage/labelled_images/Normal clean mucosa/89cdd41258c542c5_9932.jpg,True,63bb39968e6ccc42ee6108e45b212b24267bae5fd1594be3c70c83ce24dea251,336,336,\N
/content/drive/MyDrive/MMVQA_Clinical/data/raw/kvasir_capsule/osfstorage/labelled_images/Normal clean mucosa/8a00709108cd4e2b_11701.jpg,data/raw/kvasir_capsule/osfstorage/labelled_images/Normal clean mucosa/8a00709108cd4e2b_11701.jpg,True,22bcab79a07a37669939c5d6aefa5a1ae1ee05691795b3bc6726ce77e1ca4026,336,336,\N
/content/drive/MyDrive/MMVQA_Clinical/data/raw/kvasir_capsule/osfstorage/labelled_images/Normal clean mucosa/8a00709108cd4e2b_11731.jpg,data/raw/kvasir_capsule/osfstorage/labelled_images/Normal clean mucosa/8a00709108cd4e2b_11731.jpg,True,b606e932e95b56a05874da7269327e1a7fa0bb780cfae70b0a134e0966a3acb0,336,336,\N
/content/drive/MyDrive/MMVQA_Clinical/data/raw/kvasir_capsule/osfstorage/labelled_images/Normal clean mucosa/8a00709108cd4e2b_11761.jpg,data/raw/kvasir_capsule/osfstorage/labelled_images/Normal clean mucosa/8a00709108cd4e2b_11761.jpg,True,646117c7b0b6261ebc7b269b7abf2415e37bbad92f83efed2c2dd74c81cb9c4f,336,336,\N
/content/drive/MyDrive/MMVQA_Clinical/data/raw/kvasir_capsule/osfstorage/labelled_images/Normal clean mucosa/8a00709108cd4e2b_11791.jpg,data/raw/kvasir_capsule/osfstorage/labelled_images/Normal clean mucosa/8a00709108cd4e2b_11791.jpg,True,55954741cdbce901b8612b63090aaa0d11da4033e9135c86e40855a5ef29571a,336,336,\N
/content/drive/MyDrive/MMVQA_Clinical/data/raw/kvasir_capsule/osfstorage/labelled_images/Normal clean mucosa/8a00709108cd4e2b_11821.jpg,data/raw/kvasir_capsule/osfstorage/labelled_images/Normal clean mucosa/8a00709108cd4e2b_11821.jpg,True,f8781bae1a357de77c43aba9514e9cc5bed0ed7af1f5bdcf765b6e6331fd2e8e,336,336,\N
/content/drive/MyDrive/MMVQA_Clinical/data/raw/kvasir_capsule/osfstorage/labelled_images/Normal clean mucosa/8a00709108cd4e2b_4670.jpg,data/raw/kvasir_capsule/osfstorage/labelled_images/Normal clean mucosa/8a00709108cd4e2b_4670.jpg,True,7681c037517019adc5afeac26657c4b21f9f0aaefdd44ced5ab92997bfcac8d3,336,336,\N
/content/drive/MyDrive/MMVQA_Clinical/data/raw/kvasir_capsule/osfstorage/labelled_images/Normal clean mucosa/8a00709108cd4e2b_4700.jpg,data/raw/kvasir_capsule/osfstorage/labelled_images/Normal clean mucosa/8a00709108cd4e2b_4700.jpg,True,e822b35b060b9b47f9152fc4a82657a00ec5485dddea70f3789daf82f2a6e015,336,336,\N
/content/drive/MyDrive/MMVQA_Clinical/data/raw/kvasir_capsule/osfstorage/labelled_images/Normal clean mucosa/8a00709108cd4e2b_4730.jpg,data/raw/kvasir_capsule/osfstorage/labelled_images/Normal clean mucosa/8a00709108cd4e2b_4730.jpg,True,89e845817aee66431df5494cf4f7ef2225165a7a715ebb056f059d00415eefe7,336,336,\N
/content/drive/MyDrive/MMVQA_Clinical/data/raw/kvasir_capsule/osfstorage/labelled_images/Normal clean mucosa/8a00709108cd4e2b_4760.jpg,data/raw/kvasir_capsule/osfstorage/labelled_images/Normal clean mucosa/8a00709108cd4e2b_4760.jpg,True,300b2257f6c85b6632f5f3f8aa479093de3e22536615982ed9ab694ac49bbd3c,336,336,\N
/content/drive/MyDrive/MMVQA_Clinical/data/raw/kvasir_capsule/osfstorage/labelled_images/Normal clean mucosa/8a00709108cd4e2b_4790.jpg,data/raw/kvasir_capsule/osfstorage/labelled_images/Normal clean mucosa/8a00709108cd4e2b_4790.jpg,True,fdeb80b79ebaa0591809bfe24e47494343d2b62a8f21254075295b495a5804cc,336,336,\N
/content/drive/MyDrive/MMVQA_Clinical/data/raw/kvasir_capsule/osfstorage/labelled_images/Normal clean mucosa/8a00709108cd4e2b_8643.jpg,data/raw/kvasir_capsule/osfstorage/labelled_images/Normal clean mucosa/8a00709108cd4e2b_8643.jpg,True,7e095bd5953eb27feb7d763746e68de1f64bbc413be4f06d28aaff6340e4a6e7,336,336,\N
/content/drive/MyDrive/MMVQA_Clinical/data/raw/kvasir_capsule/osfstorage/labelled_images/Normal clean mucosa/8a00709108cd4e2b_8673.jpg,data/raw/kvasir_capsule/osfstorage/labelled_images/Normal clean mucosa/8a00709108cd4e2b_8673.jpg,True,4f4237e64763efee920f29503be467d2e40377d4552cec9e6e6809c322700538,336,336,\N
/content/drive/MyDrive/MMVQA_Clinical/data/raw/kvasir_capsule/osfstorage/labelled_images/Normal clean mucosa/8a00709108cd4e2b_8703.jpg,data/raw/kvasir_capsule/osfstorage/labelled_images/Normal clean mucosa/8a00709108cd4e2b_8703.jpg,True,58f45f109dcd3ff514a2535ec2e5d19116dc894050b89924886db791a6e68dc7,336,336,\N
/content/drive/MyDrive/MMVQA_Clinical/data/raw/kvasir_capsule/osfstorage/labelled_images/Normal clean mucosa/8a00709108cd4e2b_8733.jpg,data/raw/kvasir_capsule/osfstorage/labelled_images/Normal clean mucosa/8a00709108cd4e2b_8733.jpg,True,8429f934a7134b0d82dab6a9f40d63687a70accffdf736e200352429189bac1a,336,336,\N
/content/drive/MyDrive/MMVQA_Clinical/data/raw/kvasir_capsule/osfstorage/labelled_images/Normal clean mucosa/8a00709108cd4e2b_8763.jpg,data/raw/kvasir_capsule/osfstorage/labelled_images/Normal clean mucosa/8a00709108cd4e2b_8763.jpg,True,749dd07d20adae86a5b6329707538483740536a5434a152aca8a96618d260ecb,336,336,\N
/content/drive/MyDrive/MMVQA_Clinical/data/raw/kvasir_capsule/osfstorage/labelled_images/Normal clean mucosa/8ebf0e483cac48d6_13075.jpg,data/raw/kvasir_capsule/osfstorage/labelled_images/Normal clean mucosa/8ebf0e483cac48d6_13075.jpg,True,af98cda0384d8ccb1de0bcdefb7983969acf3117d8cceda12a5819f96442233f,336,336,\N
/content/drive/MyDrive/MMVQA_Clinical/data/raw/kvasir_capsule/osfstorage/labelled_images/Normal clean mucosa/8ebf0e483cac48d6_13105.jpg,data/raw/kvasir_capsule/osfstorage/labelled_images/Normal clean mucosa/8ebf0e483cac48d6_13105.jpg,True,8d8a08c1a7a77a176be2067a06a14f26f95f4e8610fc023cbefb42f956d0b185,336,336,\N
/content/drive/MyDrive/MMVQA_Clinical/data/raw/kvasir_capsule/osfstorage/labelled_images/Normal clean mucosa/8ebf0e483cac48d6_13135.jpg,data/raw/kvasir_capsule/osfstorage/labelled_images/Normal clean mucosa/8ebf0e483cac48d6_13135.jpg,True,f28eed224fcc673dbf1dd85c7c0b17ef842af1e14694f66649579bf856360e5b,336,336,\N
/content/drive/MyDrive/MMVQA_Clinical/data/raw/kvasir_capsule/osfstorage/labelled_images/Normal clean mucosa/8ebf0e483cac48d6_13165.jpg,data/raw/kvasir_capsule/osfstorage/labelled_images/Normal clean mucosa/8ebf0e483cac48d6_13165.jpg,True,6c44a0bc720122b84e1d5664c482db893dc09d9344148ba3bdff40f9b43a49e4,336,336,\N
/content/drive/MyDrive/MMVQA_Clinical/data/raw/kvasir_capsule/osfstorage/labelled_images/Normal clean mucosa/8ebf0e483cac48d6_13195.jpg,data/raw/kvasir_capsule/osfstorage/labelled_images/Normal clean mucosa/8ebf0e483cac48d6_13195.jpg,True,2596c91c870519c74a75763f290f149f111d885499562783bc1ec1866673e26e,336,336,\N
/content/drive/MyDrive/MMVQA_Clinical/data/raw/kvasir_capsule/osfstorage/labelled_images/Normal clean mucosa/8ebf0e483cac48d6_3818.jpg,data/raw/kvasir_capsule/osfstorage/labelled_images/Normal clean mucosa/8ebf0e483cac48d6_3818.jpg,True,c68dcbaad1f6249510370d34550b0efe54439204a69c5b030a4d66187251fa94,336,336,\N
/content/drive/MyDrive/MMVQA_Clinical/data/raw/kvasir_capsule/osfstorage/labelled_images/Normal clean mucosa/8ebf0e483cac48d6_3848.jpg,data/raw/kvasir_capsule/osfstorage/labelled_images/Normal clean mucosa/8ebf0e483cac48d6_3848.jpg,True,49d286eea5cc9d630b6292d485970aec6afd5f4e60b534961d7bc5cf212153de,336,336,\N
/content/drive/MyDrive/MMVQA_Clinical/data/raw/kvasir_capsule/osfstorage/labelled_images/Normal clean mucosa/8ebf0e483cac48d6_3878.jpg,data/raw/kvasir_capsule/osfstorage/labelled_images/Normal clean mucosa/8ebf0e483cac48d6_3878.jpg,True,7698c3c2b78fe3c67c8db1d3d47e04f288ce896c4145f474ed23f5ddca852fea,336,336,\N
/content/drive/MyDrive/MMVQA_Clinical/data/raw/kvasir_capsule/osfstorage/labelled_images/Normal clean mucosa/8ebf0e483cac48d6_3908.jpg,data/raw/kvasir_capsule/osfstorage/labelled_images/Normal clean mucosa/8ebf0e483cac48d6_3908.jpg,True,fdfbf86d42f5dfd29b9d583ed4ed379a8cefbe1045e585b2dbc4e9c883752655,336,336,\N
/content/drive/MyDrive/MMVQA_Clinical/data/raw/kvasir_capsule/osfstorage/labelled_images/Normal clean mucosa/8ebf0e483cac48d6_3938.jpg,data/raw/kvasir_capsule/osfstorage/labelled_images/Normal clean mucosa/8ebf0e483cac48d6_3938.jpg,True,62aba0b788f34749d549b8b0e1f275d4250f45ba0900bea57f2cce9ddaa64f25,336,336,\N
/content/drive/MyDrive/MMVQA_Clinical/data/raw/kvasir_capsule/osfstorage/labelled_images/Normal clean mucosa/8ebf0e483cac48d6_7203.jpg,data/raw/kvasir_capsule/osfstorage/labelled_images/Normal clean mucosa/8ebf0e483cac48d6_7203.jpg,True,51a80c41297e8b465893fd3cee3366ed47b1e0a0b2f440ab6be0224915afa432,336,336,\N
/content/drive/MyDrive/MMVQA_Clinical/data/raw/kvasir_capsule/osfstorage/labelled_images/Normal clean mucosa/8ebf0e483cac48d6_7233.jpg,data/raw/kvasir_capsule/osfstorage/labelled_images/Normal clean mucosa/8ebf0e483cac48d6_7233.jpg,True,e9e8dedf19801ab8014f62a5a233abd9af4b03626bbb9a83dbabee4a216fff8b,336,336,\N
/content/drive/MyDrive/MMVQA_Clinical/data/raw/kvasir_capsule/osfstorage/labelled_images/Normal clean mucosa/8ebf0e483cac48d6_7263.jpg,data/raw/kvasir_capsule/osfstorage/labelled_images/Normal clean mucosa/8ebf0e483cac48d6_7263.jpg,True,75aa4d7540bb5d3eb0f04a8e1c171a1ca44136a1796083c080e1b719408c28fa,336,336,\N
/content/drive/MyDrive/MMVQA_Clinical/data/raw/kvasir_capsule/osfstorage/labelled_images/Normal clean mucosa/8ebf0e483cac48d6_7293.jpg,data/raw/kvasir_capsule/osfstorage/labelled_images/Normal clean mucosa/8ebf0e483cac48d6_7293.jpg,True,bde1e02fd00379036b66876d31c6a1af559e558b0c112876c296417e63da2cb5,336,336,\N
/content/drive/MyDrive/MMVQA_Clinical/data/raw/kvasir_capsule/osfstorage/labelled_images/Normal clean mucosa/8ebf0e483cac48d6_7323.jpg,data/raw/kvasir_capsule/osfstorage/labelled_images/Normal clean mucosa/8ebf0e483cac48d6_7323.jpg,True,8dc576f5d3c46e2edaa069330a5a30368e60292f6d1aae43e133db8c1fcd7fab,336,336,\N
/content/drive/MyDrive/MMVQA_Clinical/data/raw/kvasir_capsule/osfstorage/labelled_images/Normal clean mucosa/b2134f4a6f864613_10593.jpg,data/raw/kvasir_capsule/osfstorage/labelled_images/Normal clean mucosa/b2134f4a6f864613_10593.jpg,True,08e8dcaf4e1e79b5dbd3f7a943e5ffd35b971a7e7ce2358f048802b8c2409d39,336,336,\N
/content/drive/MyDrive/MMVQA_Clinical/data/raw/kvasir_capsule/osfstorage/labelled_images/Normal clean mucosa/b2134f4a6f864613_10623.jpg,data/raw/kvasir_capsule/osfstorage/labelled_images/Normal clean mucosa/b2134f4a6f864613_10623.jpg,True,1e57bf8a0fa1b8cf11339292c1c7c77ae7fe000f9d66cad1fd54ea86e21fa889,336,336,\N
/content/drive/MyDrive/MMVQA_Clinical/data/raw/kvasir_capsule/osfstorage/labelled_images/Normal clean mucosa/b2134f4a6f864613_10653.jpg,data/raw/kvasir_capsule/osfstorage/labelled_images/Normal clean mucosa/b2134f4a6f864613_10653.jpg,True,11ae076460b0574f15ce1d9bf6ea4fbac3c352db3b28d439c9e599a727b2b29b,336,336,\N
/content/drive/MyDrive/MMVQA_Clinical/data/raw/kvasir_capsule/osfstorage/labelled_images/Normal clean mucosa/b2134f4a6f864613_10683.jpg,data/raw/kvasir_capsule/osfstorage/labelled_images/Normal clean mucosa/b2134f4a6f864613_10683.jpg,True,b0a37eeff6cc0e7dc55d43ef8cfc3856a32a9272016c40e5fba005247c078deb,336,336,\N
/content/drive/MyDrive/MMVQA_Clinical/data/raw/kvasir_capsule/osfstorage/labelled_images/Normal clean mucosa/b2134f4a6f864613_10713.jpg,data/raw/kvasir_capsule/osfstorage/labelled_images/Normal clean mucosa/b2134f4a6f864613_10713.jpg,True,19612fee001b217b27b5446b1cab336f67f8de649617c0abec879e109d5ff940,336,336,\N
/content/drive/MyDrive/MMVQA_Clinical/data/raw/kvasir_capsule/osfstorage/labelled_images/Normal clean mucosa/b2134f4a6f864613_14428.jpg,data/raw/kvasir_capsule/osfstorage/labelled_images/Normal clean mucosa/b2134f4a6f864613_14428.jpg,True,321074d08b1d28815502adaac758f09e0cc81eda4f43ae9cf3f657a01abc5e03,336,336,\N
/content/drive/MyDrive/MMVQA_Clinical/data/raw/kvasir_capsule/osfstorage/labelled_images/Normal clean mucosa/b2134f4a6f864613_14458.jpg,data/raw/kvasir_capsule/osfstorage/labelled_images/Normal clean mucosa/b2134f4a6f864613_14458.jpg,True,f88f9b560e4dfb5422803c14324a8723cd8d9490d18f5cb36b43aa42944be639,336,336,\N
/content/drive/MyDrive/MMVQA_Clinical/data/raw/kvasir_capsule/osfstorage/labelled_images/Normal clean mucosa/b2134f4a6f864613_14488.jpg,data/raw/kvasir_capsule/osfstorage/labelled_images/Normal clean mucosa/b2134f4a6f864613_14488.jpg,True,b75183b465a288808d5170be3403842b5dfaee37f7d06ee328ee1a60ca34baa4,336,336,\N
/content/drive/MyDrive/MMVQA_Clinical/data/raw/kvasir_capsule/osfstorage/labelled_images/Normal clean mucosa/b2134f4a6f864613_14518.jpg,data/raw/kvasir_capsule/osfstorage/labelled_images/Normal clean mucosa/b2134f4a6f864613_14518.jpg,True,4e8d61eeded29cdf3d995a700ba8f2c3bdb2a0279e7c4400e71860f60b075390,336,336,\N
/content/drive/MyDrive/MMVQA_Clinical/data/raw/kvasir_capsule/osfstorage/labelled_images/Normal clean mucosa/b2134f4a6f864613_14548.jpg,data/raw/kvasir_capsule/osfstorage/labelled_images/Normal clean mucosa/b2134f4a6f864613_14548.jpg,True,0558dcac5932e14be67ca944bd668618d80559a7b31f8a71132337ec14689fbb,336,336,\N
/content/drive/MyDrive/MMVQA_Clinical/data/raw/kvasir_capsule/osfstorage/labelled_images/Normal clean mucosa/b2134f4a6f864613_16018.jpg,data/raw/kvasir_capsule/osfstorage/labelled_images/Normal clean mucosa/b2134f4a6f864613_16018.jpg,True,96533b4a5b7d9e22a516fc4e4fb7a126a9dca529d44f78015fcf84145d3a3134,336,336,\N
/content/drive/MyDrive/MMVQA_Clinical/data/raw/kvasir_capsule/osfstorage/labelled_images/Normal clean mucosa/b2134f4a6f864613_16048.jpg,data/raw/kvasir_capsule/osfstorage/labelled_images/Normal clean mucosa/b2134f4a6f864613_16048.jpg,True,ad7ce21ca6c58dfd83309bcdc904bfbfab0b00c57af3934b2f20c390c70d9ab0,336,336,\N
/content/drive/MyDrive/MMVQA_Clinical/data/raw/kvasir_capsule/osfstorage/labelled_images/Normal clean mucosa/b2134f4a6f864613_16078.jpg,data/raw/kvasir_capsule/osfstorage/labelled_images/Normal clean mucosa/b2134f4a6f864613_16078.jpg,True,342d529efc25f53564b33465270dffc0629d0a81ebcc99cb431baa8772069df0,336,336,\N
/content/drive/MyDrive/MMVQA_Clinical/data/raw/kvasir_capsule/osfstorage/labelled_images/Normal clean mucosa/b2134f4a6f864613_16108.jpg,data/raw/kvasir_capsule/osfstorage/labelled_images/Normal clean mucosa/b2134f4a6f864613_16108.jpg,True,972ba9004878b559c33ff82f349ca5fce414ca061e2a493368b17724f8f6dfe3,336,336,\N
/content/drive/MyDrive/MMVQA_Clinical/data/raw/kvasir_capsule/osfstorage/labelled_images/Normal clean mucosa/b2134f4a6f864613_16138.jpg,data/raw/kvasir_capsule/osfstorage/labelled_images/Normal clean mucosa/b2134f4a6f864613_16138.jpg,True,bc8f597a50c483e6a5b4e3d96ca53ff6c40de580bd388221e588b287ad11fd77,336,336,\N
/content/drive/MyDrive/MMVQA_Clinical/data/raw/kvasir_capsule/osfstorage/labelled_images/Normal clean mucosa/b2134f4a6f864613_2025.jpg,data/raw/kvasir_capsule/osfstorage/labelled_images/Normal clean mucosa/b2134f4a6f864613_2025.jpg,True,15240bea9b599733746078b7760296bc318329ce89b1fa5608e0e06bce3ab708,336,336,\N
/content/drive/MyDrive/MMVQA_Clinical/data/raw/kvasir_capsule/osfstorage/labelled_images/Normal clean mucosa/b2134f4a6f864613_2055.jpg,data/raw/kvasir_capsule/osfstorage/labelled_images/Normal clean mucosa/b2134f4a6f864613_2055.jpg,True,4939f2e0a7cb0392ef7d5bfb51585348684ed41d77aaaaffb9ed8f2924827b2f,336,336,\N
/content/drive/MyDrive/MMVQA_Clinical/data/raw/kvasir_capsule/osfstorage/labelled_images/Normal clean mucosa/b2134f4a6f864613_2085.jpg,data/raw/kvasir_capsule/osfstorage/labelled_images/Normal clean mucosa/b2134f4a6f864613_2085.jpg,True,4a30833c604ac1e39e7f6da460bbe482a8d5a12e79de8455cf30adb9a4f99368,336,336,\N
/content/drive/MyDrive/MMVQA_Clinical/data/raw/kvasir_capsule/osfstorage/labelled_images/Normal clean mucosa/b2134f4a6f864613_3909.jpg,data/raw/kvasir_capsule/osfstorage/labelled_images/Normal clean mucosa/b2134f4a6f864613_3909.jpg,True,dc65db5059238a8ed45682aab430bb1e27d8b87312b6c96f11e9895ff1da6b2c,336,336,\N
/content/drive/MyDrive/MMVQA_Clinical/data/raw/kvasir_capsule/osfstorage/labelled_images/Normal clean mucosa/b2134f4a6f864613_3939.jpg,data/raw/kvasir_capsule/osfstorage/labelled_images/Normal clean mucosa/b2134f4a6f864613_3939.jpg,True,e4a5923886a4f8542f47fbf3dba5a0278d8c8327c0c0a36189b384724cdbdfcc,336,336,\N
/content/drive/MyDrive/MMVQA_Clinical/data/raw/kvasir_capsule/osfstorage/labelled_images/Normal clean mucosa/b2134f4a6f864613_3969.jpg,data/raw/kvasir_capsule/osfstorage/labelled_images/Normal clean mucosa/b2134f4a6f864613_3969.jpg,True,90015970507dc5469abe7954c62e103f34121a7d81b1d30bdf3b6b9e88d81af0,336,336,\N
/content/drive/MyDrive/MMVQA_Clinical/data/raw/kvasir_capsule/osfstorage/labelled_images/Normal clean mucosa/b2134f4a6f864613_3999.jpg,data/raw/kvasir_capsule/osfstorage/labelled_images/Normal clean mucosa/b2134f4a6f864613_3999.jpg,True,f7bed8f24dd852087ca9cfe63611e13e5ca1ee2d8f46eb9d76bcf7d07fab8aa2,336,336,\N
/content/drive/MyDrive/MMVQA_Clinical/data/raw/kvasir_capsule/osfstorage/labelled_images/Normal clean mucosa/b2134f4a6f864613_4029.jpg,data/raw/kvasir_capsule/osfstorage/labelled_images/Normal clean mucosa/b2134f4a6f864613_4029.jpg,True,09303e85d18f72f643bab942728b41a62fbff74c5c2066c9dd6b4b8e7bc3dc05,336,336,\N
/content/drive/MyDrive/MMVQA_Clinical/data/raw/kvasir_capsule/osfstorage/labelled_images/Normal clean mucosa/bc84479c66fe4da6_23857.jpg,data/raw/kvasir_capsule/osfstorage/labelled_images/Normal clean mucosa/bc84479c66fe4da6_23857.jpg,True,733a5e0107ab47cb8477a787b4be6899d27459e527287622ba457a389bd71f37,336,336,\N
/content/drive/MyDrive/MMVQA_Clinical/data/raw/kvasir_capsule/osfstorage/labelled_images/Normal clean mucosa/bc84479c66fe4da6_23887.jpg,data/raw/kvasir_capsule/osfstorage/labelled_images/Normal clean mucosa/bc84479c66fe4da6_23887.jpg,True,74613f9ea8c798d56d46371ae36ec5526875259cfba524be99df1a56e49a8121,336,336,\N
/content/drive/MyDrive/MMVQA_Clinical/data/raw/kvasir_capsule/osfstorage/labelled_images/Normal clean mucosa/bc84479c66fe4da6_23917.jpg,data/raw/kvasir_capsule/osfstorage/labelled_images/Normal clean mucosa/bc84479c66fe4da6_23917.jpg,True,c1ee525f15664418791d754f4fcd040611d7e4a9f20b422ca2d830596180af2d,336,336,\N
/content/drive/MyDrive/MMVQA_Clinical/data/raw/kvasir_capsule/osfstorage/labelled_images/Normal clean mucosa/bc84479c66fe4da6_23947.jpg,data/raw/kvasir_capsule/osfstorage/labelled_images/Normal clean mucosa/bc84479c66fe4da6_23947.jpg,True,11d815c2519dc06f3b21bafb5bc3b7f03fe29312001b6444405e413089d0e6e0,336,336,\N
/content/drive/MyDrive/MMVQA_Clinical/data/raw/kvasir_capsule/osfstorage/labelled_images/Normal clean mucosa/bc84479c66fe4da6_23977.jpg,data/raw/kvasir_capsule/osfstorage/labelled_images/Normal clean mucosa/bc84479c66fe4da6_23977.jpg,True,f1271d79c6c4e466a996d14ff23c79f0c156c191f03f2c35b829a35fae2796f7,336,336,\N
/content/drive/MyDrive/MMVQA_Clinical/data/raw/kvasir_capsule/osfstorage/labelled_images/Normal clean mucosa/bca26705313a4644_10015.jpg,data/raw/kvasir_capsule/osfstorage/labelled_images/Normal clean mucosa/bca26705313a4644_10015.jpg,True,42f7e49f2085a0949dee585310f36a9b3cbd8d9458e5c1a3142f504b1ce5c795,336,336,\N
/content/drive/MyDrive/MMVQA_Clinical/data/raw/kvasir_capsule/osfstorage/labelled_images/Normal clean mucosa/bca26705313a4644_10045.jpg,data/raw/kvasir_capsule/osfstorage/labelled_images/Normal clean mucosa/bca26705313a4644_10045.jpg,True,f038b3985f847cc8c12004a3684e2b54c7ed27acfb04e05ee2fb7c5ea3dd96b6,336,336,\N
/content/drive/MyDrive/MMVQA_Clinical/data/raw/kvasir_capsule/osfstorage/labelled_images/Normal clean mucosa/bca26705313a4644_10075.jpg,data/raw/kvasir_capsule/osfstorage/labelled_images/Normal clean mucosa/bca26705313a4644_10075.jpg,True,1922828bbbeb83f94eadc33d82dd713694fe214000cb4d1b1eeb1da16fa9350a,336,336,\N
/content/drive/MyDrive/MMVQA_Clinical/data/raw/kvasir_capsule/osfstorage/labelled_images/Normal clean mucosa/bca26705313a4644_10105.jpg,data/raw/kvasir_capsule/osfstorage/labelled_images/Normal clean mucosa/bca26705313a4644_10105.jpg,True,cf178044593782420db3648653502855a0b7e6b55964ccfbaed9a3fbc1db37bc,336,336,\N
/content/drive/MyDrive/MMVQA_Clinical/data/raw/kvasir_capsule/osfstorage/labelled_images/Normal clean mucosa/bca26705313a4644_12267.jpg,data/raw/kvasir_capsule/osfstorage/labelled_images/Normal clean mucosa/bca26705313a4644_12267.jpg,True,027b38bd30e7ee1e83848d6b426370ead5d94cc702db7e23110817f35856d561,336,336,\N
/content/drive/MyDrive/MMVQA_Clinical/data/raw/kvasir_capsule/osfstorage/labelled_images/Normal clean mucosa/bca26705313a4644_12297.jpg,data/raw/kvasir_capsule/osfstorage/labelled_images/Normal clean mucosa/bca26705313a4644_12297.jpg,True,a0a22eac84eb966ad58aacebdadec3f28bd28f90bbae374964dd097e919fe255,336,336,\N
/content/drive/MyDrive/MMVQA_Clinical/data/raw/kvasir_capsule/osfstorage/labelled_images/Normal clean mucosa/bca26705313a4644_12327.jpg,data/raw/kvasir_capsule/osfstorage/labelled_images/Normal clean mucosa/bca26705313a4644_12327.jpg,True,adbd677ffb7da041d5baaab81b2270b7168f4ea0982b9b0375438d60b0be922b,336,336,\N
/content/drive/MyDrive/MMVQA_Clinical/data/raw/kvasir_capsule/osfstorage/labelled_images/Normal clean mucosa/bca26705313a4644_12357.jpg,data/raw/kvasir_capsule/osfstorage/labelled_images/Normal clean mucosa/bca26705313a4644_12357.jpg,True,3f85618fb4a0d468ad4c5255edda2ace878e6fd1e532b73d175dd630ba21d7be,336,336,\N
/content/drive/MyDrive/MMVQA_Clinical/data/raw/kvasir_capsule/osfstorage/labelled_images/Normal clean mucosa/bca26705313a4644_12387.jpg,data/raw/kvasir_capsule/osfstorage/labelled_images/Normal clean mucosa/bca26705313a4644_12387.jpg,True,d4e40ed934c80a13a8b3e986e5b684b6b55c4cc3c051f56b35041ff7ffea663f,336,336,\N
/content/drive/MyDrive/MMVQA_Clinical/data/raw/kvasir_capsule/osfstorage/labelled_images/Normal clean mucosa/bca26705313a4644_13822.jpg,data/raw/kvasir_capsule/osfstorage/labelled_images/Normal clean mucosa/bca26705313a4644_13822.jpg,True,747a46231f8772e9f3f212b6c4e7e783add0ada6dca8be3ca6c5059522cefc6d,336,336,\N
/content/drive/MyDrive/MMVQA_Clinical/data/raw/kvasir_capsule/osfstorage/labelled_images/Normal clean mucosa/bca26705313a4644_13852.jpg,data/raw/kvasir_capsule/osfstorage/labelled_images/Normal clean mucosa/bca26705313a4644_13852.jpg,True,e5eec18beb63d71e00d474ea6b7208587a02ec41f9ada9be4870fdbe511684e5,336,336,\N
/content/drive/MyDrive/MMVQA_Clinical/data/raw/kvasir_capsule/osfstorage/labelled_images/Normal clean mucosa/bca26705313a4644_13882.jpg,data/raw/kvasir_capsule/osfstorage/labelled_images/Normal clean mucosa/bca26705313a4644_13882.jpg,True,d15039cd8ec7a791bbac74a1f17278b02a7b02a92ebbbb59d0ef090a93280dbc,336,336,\N
/content/drive/MyDrive/MMVQA_Clinical/data/raw/kvasir_capsule/osfstorage/labelled_images/Normal clean mucosa/bca26705313a4644_22517.jpg,data/raw/kvasir_capsule/osfstorage/labelled_images/Normal clean mucosa/bca26705313a4644_22517.jpg,True,eeea1c4881a03531bb462855e2a0a94b0442a1e7885848fcd9c6774a61cbf806,336,336,\N
/content/drive/MyDrive/MMVQA_Clinical/data/raw/kvasir_capsule/osfstorage/labelled_images/Normal clean mucosa/bca26705313a4644_22547.jpg,data/raw/kvasir_capsule/osfstorage/labelled_images/Normal clean mucosa/bca26705313a4644_22547.jpg,True,4cea3277a608b7eb818cca1005016716cc86c9c583038f9d925fb1f2a079a6a3,336,336,\N
/content/drive/MyDrive/MMVQA_Clinical/data/raw/kvasir_capsule/osfstorage/labelled_images/Normal clean mucosa/bca26705313a4644_22577.jpg,data/raw/kvasir_capsule/osfstorage/labelled_images/Normal clean mucosa/bca26705313a4644_22577.jpg,True,115bdeaa4d64cc8bc11a7aee25ad82be74b3e3b193cd99170d5ede1b7960af61,336,336,\N
/content/drive/MyDrive/MMVQA_Clinical/data/raw/kvasir_capsule/osfstorage/labelled_images/Normal clean mucosa/bca26705313a4644_23097.jpg,data/raw/kvasir_capsule/osfstorage/labelled_images/Normal clean mucosa/bca26705313a4644_23097.jpg,True,a6525bde1ac8ea64dae46c93379dd152ae67a23a3dd1edb1f9bfa348f34171da,336,336,\N
/content/drive/MyDrive/MMVQA_Clinical/data/raw/kvasir_capsule/osfstorage/labelled_images/Normal clean mucosa/bca26705313a4644_23127.jpg,data/raw/kvasir_capsule/osfstorage/labelled_images/Normal clean mucosa/bca26705313a4644_23127.jpg,True,d016adb5590f802558258d90e28e7814e38f2070926510d94a0adea654a45287,336,336,\N
/content/drive/MyDrive/MMVQA_Clinical/data/raw/kvasir_capsule/osfstorage/labelled_images/Normal clean mucosa/bca26705313a4644_23157.jpg,data/raw/kvasir_capsule/osfstorage/labelled_images/Normal clean mucosa/bca26705313a4644_23157.jpg,True,70265ca82d501bb8d80d4f9b6475fbcdfcf8fd965dfdb05925cd41ed75bc0b81,336,336,\N
/content/drive/MyDrive/MMVQA_Clinical/data/raw/kvasir_capsule/osfstorage/labelled_images/Normal clean mucosa/bca26705313a4644_23187.jpg,data/raw/kvasir_capsule/osfstorage/labelled_images/Normal clean mucosa/bca26705313a4644_23187.jpg,True,8348f95fc9a487e9f2fc3a7d5433d7f8d314316e04db402cf54c8b31706cc504,336,336,\N
/content/drive/MyDrive/MMVQA_Clinical/data/raw/kvasir_capsule/osfstorage/labelled_images/Normal clean mucosa/bca26705313a4644_23217.jpg,data/raw/kvasir_capsule/osfstorage/labelled_images/Normal clean mucosa/bca26705313a4644_23217.jpg,True,385490cb61435092e98622b4affe523ababfb93e6e450b31fa2de0c44a42c6f2,336,336,\N
/content/drive/MyDrive/MMVQA_Clinical/data/raw/kvasir_capsule/osfstorage/labelled_images/Normal clean mucosa/bca26705313a4644_29243.jpg,data/raw/kvasir_capsule/osfstorage/labelled_images/Normal clean mucosa/bca26705313a4644_29243.jpg,True,ef31bb9871bcb6ff11310b2cbee53d5f46bb4ef6cfebe6f7c051d75fc4e96b34,336,336,\N
/content/drive/MyDrive/MMVQA_Clinical/data/raw/kvasir_capsule/osfstorage/labelled_images/Normal clean mucosa/bca26705313a4644_29273.jpg,data/raw/kvasir_capsule/osfstorage/labelled_images/Normal clean mucosa/bca26705313a4644_29273.jpg,True,087ccb46b28a0867684174dd3de0cb39ec63a1240c8e8ab94a111c0a30e82e85,336,336,\N
/content/drive/MyDrive/MMVQA_Clinical/data/raw/kvasir_capsule/osfstorage/labelled_images/Normal clean mucosa/bca26705313a4644_29303.jpg,data/raw/kvasir_capsule/osfstorage/labelled_images/Normal clean mucosa/bca26705313a4644_29303.jpg,True,4a6967fa16113e0935a962ba41a22591a5fffb55acea624f255d1df0b0c96741,336,336,\N
/content/drive/MyDrive/MMVQA_Clinical/data/raw/kvasir_capsule/osfstorage/labelled_images/Normal clean mucosa/bca26705313a4644_29333.jpg,data/raw/kvasir_capsule/osfstorage/labelled_images/Normal clean mucosa/bca26705313a4644_29333.jpg,True,649a0d2b7271434ff389fa337bd5a195d503e58f1026b35ec951af5420f6e723,336,336,\N
/content/drive/MyDrive/MMVQA_Clinical/data/raw/kvasir_capsule/osfstorage/labelled_images/Normal clean mucosa/bca26705313a4644_29363.jpg,data/raw/kvasir_capsule/osfstorage/labelled_images/Normal clean mucosa/bca26705313a4644_29363.jpg,True,08370c19c087f945c505b84a6551efe8f0f122be4f2d09612112453c36ecb3ef,336,336,\N
/content/drive/MyDrive/MMVQA_Clinical/data/raw/kvasir_capsule/osfstorage/labelled_images/Normal clean mucosa/bca26705313a4644_9985.jpg,data/raw/kvasir_capsule/osfstorage/labelled_images/Normal clean mucosa/bca26705313a4644_9985.jpg,True,cce37460db92c42feeba123f42ea411ffba9aca809ef5c1bbc990d34ac6e2f1e,336,336,\N
/content/drive/MyDrive/MMVQA_Clinical/data/raw/kvasir_capsule/osfstorage/labelled_images/Normal clean mucosa/c11b28a8b2344716_27377.jpg,data/raw/kvasir_capsule/osfstorage/labelled_images/Normal clean mucosa/c11b28a8b2344716_27377.jpg,True,9e82bd01552ee1ee2ffb9b5bfa9b2809fc191fd3115eca18b103b9aaa038083f,336,336,\N
/content/drive/MyDrive/MMVQA_Clinical/data/raw/kvasir_capsule/osfstorage/labelled_images/Normal clean mucosa/c11b28a8b2344716_27407.jpg,data/raw/kvasir_capsule/osfstorage/labelled_images/Normal clean mucosa/c11b28a8b2344716_27407.jpg,True,7e454035ef45b4b0c0eaa84c4606324b5e4c5ee3e1f024fac55df8187cc8b3a2,336,336,\N
/content/drive/MyDrive/MMVQA_Clinical/data/raw/kvasir_capsule/osfstorage/labelled_images/Normal clean mucosa/c11b28a8b2344716_27437.jpg,data/raw/kvasir_capsule/osfstorage/labelled_images/Normal clean mucosa/c11b28a8b2344716_27437.jpg,True,527a4f29ffb7f601dcb473b3758d54e2c5a6979fafb952ec09629a7eec24561a,336,336,\N
/content/drive/MyDrive/MMVQA_Clinical/data/raw/kvasir_capsule/osfstorage/labelled_images/Normal clean mucosa/c11b28a8b2344716_27467.jpg,data/raw/kvasir_capsule/osfstorage/labelled_images/Normal clean mucosa/c11b28a8b2344716_27467.jpg,True,44a380ac7dffe3c09f6a3c541c9b51f635d8d5c9f7f0fdaee7182dddc7646568,336,336,\N
/content/drive/MyDrive/MMVQA_Clinical/data/raw/kvasir_capsule/osfstorage/labelled_images/Normal clean mucosa/c11b28a8b2344716_27497.jpg,data/raw/kvasir_capsule/osfstorage/labelled_images/Normal clean mucosa/c11b28a8b2344716_27497.jpg,True,8351e72187d9e684025818a5145e5c6698b5292536281c245167ff819fb57bd7,336,336,\N
/content/drive/MyDrive/MMVQA_Clinical/data/raw/kvasir_capsule/osfstorage/labelled_images/Normal clean mucosa/c11b28a8b2344716_46432.jpg,data/raw/kvasir_capsule/osfstorage/labelled_images/Normal clean mucosa/c11b28a8b2344716_46432.jpg,True,435d5ea01fef9402d485f07bfcb01078f7d14ca4255765227235b572e62d272f,336,336,\N
/content/drive/MyDrive/MMVQA_Clinical/data/raw/kvasir_capsule/osfstorage/labelled_images/Normal clean mucosa/c11b28a8b2344716_46462.jpg,data/raw/kvasir_capsule/osfstorage/labelled_images/Normal clean mucosa/c11b28a8b2344716_46462.jpg,True,9030e098dbfacb9f25a4fb786228efd78beea1fb1f025a3c337801e968dbde3e,336,336,\N
/content/drive/MyDrive/MMVQA_Clinical/data/raw/kvasir_capsule/osfstorage/labelled_images/Normal clean mucosa/c11b28a8b2344716_46492.jpg,data/raw/kvasir_capsule/osfstorage/labelled_images/Normal clean mucosa/c11b28a8b2344716_46492.jpg,True,08e3c2fae6f07999b8a253367197c2c13c662c760e0c506d6e189b6cf68222b3,336,336,\N
/content/drive/MyDrive/MMVQA_Clinical/data/raw/kvasir_capsule/osfstorage/labelled_images/Normal clean mucosa/c11b28a8b2344716_46522.jpg,data/raw/kvasir_capsule/osfstorage/labelled_images/Normal clean mucosa/c11b28a8b2344716_46522.jpg,True,2ca96c20b38db5e1cc58669a0304fe028ec96a3bdeac9071e1f7e9cccbedbf73,336,336,\N
/content/drive/MyDrive/MMVQA_Clinical/data/raw/kvasir_capsule/osfstorage/labelled_images/Normal clean mucosa/c11b28a8b2344716_46552.jpg,data/raw/kvasir_capsule/osfstorage/labelled_images/Normal clean mucosa/c11b28a8b2344716_46552.jpg,True,9e41d06c23ffc975eb290a49ce3a44a8c9c5c54be7121b41614112452f5dbbd2,336,336,\N
/content/drive/MyDrive/MMVQA_Clinical/data/raw/kvasir_capsule/osfstorage/labelled_images/Normal clean mucosa/c7084b3556e34619_21372.jpg,data/raw/kvasir_capsule/osfstorage/labelled_images/Normal clean mucosa/c7084b3556e34619_21372.jpg,True,1c816b9d8491f6821f313b61a0e112da7548e1fd3e443485268dff4d0210e8e9,336,336,\N
/content/drive/MyDrive/MMVQA_Clinical/data/raw/kvasir_capsule/osfstorage/labelled_images/Normal clean mucosa/c7084b3556e34619_21402.jpg,data/raw/kvasir_capsule/osfstorage/labelled_images/Normal clean mucosa/c7084b3556e34619_21402.jpg,True,29d52c4554c0177832b346adbb8c4e903228ce8177c8033a0d85cef298986ca5,336,336,\N
/content/drive/MyDrive/MMVQA_Clinical/data/raw/kvasir_capsule/osfstorage/labelled_images/Normal clean mucosa/c7084b3556e34619_21432.jpg,data/raw/kvasir_capsule/osfstorage/labelled_images/Normal clean mucosa/c7084b3556e34619_21432.jpg,True,283a34b9c5ddc5d7bd1f7944bedc6a83aa87f3e464efd34c6fa0a67fa556b79e,336,336,\N
/content/drive/MyDrive/MMVQA_Clinical/data/raw/kvasir_capsule/osfstorage/labelled_images/Normal clean mucosa/c7084b3556e34619_29812.jpg,data/raw/kvasir_capsule/osfstorage/labelled_images/Normal clean mucosa/c7084b3556e34619_29812.jpg,True,f3d30d78c4a32f43d031ec6eb309b400abbd0b4bbed704b335a14e81f2a30e3d,336,336,\N
/content/drive/MyDrive/MMVQA_Clinical/data/raw/kvasir_capsule/osfstorage/labelled_images/Normal clean mucosa/c7084b3556e34619_29842.jpg,data/raw/kvasir_capsule/osfstorage/labelled_images/Normal clean mucosa/c7084b3556e34619_29842.jpg,True,6c416fdcea4938f5bb8a9f0d8456b9973f4fed4d6836425f62035d1f16412122,336,336,\N
/content/drive/MyDrive/MMVQA_Clinical/data/raw/kvasir_capsule/osfstorage/labelled_images/Normal clean mucosa/c7084b3556e34619_29872.jpg,data/raw/kvasir_capsule/osfstorage/labelled_images/Normal clean mucosa/c7084b3556e34619_29872.jpg,True,2919a3c08bd27bb120cff0545a907d12e11b15d4648b905be06797c56fbba12e,336,336,\N
/content/drive/MyDrive/MMVQA_Clinical/data/raw/kvasir_capsule/osfstorage/labelled_images/Normal clean mucosa/c7084b3556e34619_29902.jpg,data/raw/kvasir_capsule/osfstorage/labelled_images/Normal clean mucosa/c7084b3556e34619_29902.jpg,True,af48263645287439dda8cbac826268e17b45e1f531cc39b798fe133638221ed9,336,336,\N
/content/drive/MyDrive/MMVQA_Clinical/data/raw/kvasir_capsule/osfstorage/labelled_images/Normal clean mucosa/c7084b3556e34619_29932.jpg,data/raw/kvasir_capsule/osfstorage/labelled_images/Normal clean mucosa/c7084b3556e34619_29932.jpg,True,03503c74bd380fbe69f70f429f606b00acb311588b0f2ad846500e32263e9adc,336,336,\N
/content/drive/MyDrive/MMVQA_Clinical/data/raw/kvasir_capsule/osfstorage/labelled_images/Normal clean mucosa/c7084b3556e34619_39586.jpg,data/raw/kvasir_capsule/osfstorage/labelled_images/Normal clean mucosa/c7084b3556e34619_39586.jpg,True,9fb7a81a3a040899a7095b415f52e1a71a8fc31ea38292256d6e8cfa4c30dc4d,336,336,\N
/content/drive/MyDrive/MMVQA_Clinical/data/raw/kvasir_capsule/osfstorage/labelled_images/Normal clean mucosa/c7084b3556e34619_39616.jpg,data/raw/kvasir_capsule/osfstorage/labelled_images/Normal clean mucosa/c7084b3556e34619_39616.jpg,True,176a7aed9ed8f483acc35cd8d4fe92671b265c33a549eaa6cbf862aef166cb65,336,336,\N
/content/drive/MyDrive/MMVQA_Clinical/data/raw/kvasir_capsule/osfstorage/labelled_images/Normal clean mucosa/c7084b3556e34619_39646.jpg,data/raw/kvasir_capsule/osfstorage/labelled_images/Normal clean mucosa/c7084b3556e34619_39646.jpg,True,01bb63a1536821044aba9aa71454347ad5bdfaca1cc37ee14b57ec6dd4d793dd,336,336,\N
/content/drive/MyDrive/MMVQA_Clinical/data/raw/kvasir_capsule/osfstorage/labelled_images/Normal clean mucosa/c7084b3556e34619_39676.jpg,data/raw/kvasir_capsule/osfstorage/labelled_images/Normal clean mucosa/c7084b3556e34619_39676.jpg,True,86f597a087faab8b2fa798e78ef89c1a32d067bb8042a970e1ccdd27ec32d7b0,336,336,\N
/content/drive/MyDrive/MMVQA_Clinical/data/raw/kvasir_capsule/osfstorage/labelled_images/Normal clean mucosa/c7084b3556e34619_39706.jpg,data/raw/kvasir_capsule/osfstorage/labelled_images/Normal clean mucosa/c7084b3556e34619_39706.jpg,True,cac2b501196625f338e83abae9ee829813d862882c2cb7847a6a29045b87a0eb,336,336,\N
/content/drive/MyDrive/MMVQA_Clinical/data/raw/kvasir_capsule/osfstorage/labelled_images/Normal clean mucosa/c7084b3556e34619_58598.jpg,data/raw/kvasir_capsule/osfstorage/labelled_images/Normal clean mucosa/c7084b3556e34619_58598.jpg,True,79a8b7e2776351a8791c715491b6c4988bbc9f302124461c231e4c8984f40759,336,336,\N
/content/drive/MyDrive/MMVQA_Clinical/data/raw/kvasir_capsule/osfstorage/labelled_images/Normal clean mucosa/c7084b3556e34619_58628.jpg,data/raw/kvasir_capsule/osfstorage/labelled_images/Normal clean mucosa/c7084b3556e34619_58628.jpg,True,9013a5e3f9fbccee2dd8a69daa17e7ea2a4b6511aa669e5399778ae4d011a854,336,336,\N
/content/drive/MyDrive/MMVQA_Clinical/data/raw/kvasir_capsule/osfstorage/labelled_images/Normal clean mucosa/c7084b3556e34619_58658.jpg,data/raw/kvasir_capsule/osfstorage/labelled_images/Normal clean mucosa/c7084b3556e34619_58658.jpg,True,4e1ca4db319277bedc849e29ab025080057fe79a15a4427ea1f40db3c57f9a96,336,336,\N
/content/drive/MyDrive/MMVQA_Clinical/data/raw/kvasir_capsule/osfstorage/labelled_images/Normal clean mucosa/c7084b3556e34619_58688.jpg,data/raw/kvasir_capsule/osfstorage/labelled_images/Normal clean mucosa/c7084b3556e34619_58688.jpg,True,06df91d756d4613e9423e091d4ecf41ba5ecdf86f875bf1a77b872af1494b54a,336,336,\N
/content/drive/MyDrive/MMVQA_Clinical/data/raw/kvasir_capsule/osfstorage/labelled_images/Normal clean mucosa/c7084b3556e34619_58718.jpg,data/raw/kvasir_capsule/osfstorage/labelled_images/Normal clean mucosa/c7084b3556e34619_58718.jpg,True,77102ce7e3074fed32c5b7ab8e3d332658f079fdd0257f8d99ccb586dbaec121,336,336,\N
/content/drive/MyDrive/MMVQA_Clinical/data/raw/kvasir_capsule/osfstorage/labelled_images/Normal clean mucosa/d369e4f163df4aba_3904.jpg,data/raw/kvasir_capsule/osfstorage/labelled_images/Normal clean mucosa/d369e4f163df4aba_3904.jpg,True,a7b5dc104465d4d6e9b39e7bf800e2584c3aeafa20a136e6532625501f7bbb44,336,336,\N
/content/drive/MyDrive/MMVQA_Clinical/data/raw/kvasir_capsule/osfstorage/labelled_images/Normal clean mucosa/d369e4f163df4aba_3934.jpg,data/raw/kvasir_capsule/osfstorage/labelled_images/Normal clean mucosa/d369e4f163df4aba_3934.jpg,True,78a6c3c2df88bbd075a8526a62b0564c747bf2e17b22dbef6b23a8ab41019885,336,336,\N
/content/drive/MyDrive/MMVQA_Clinical/data/raw/kvasir_capsule/osfstorage/labelled_images/Normal clean mucosa/d369e4f163df4aba_3964.jpg,data/raw/kvasir_capsule/osfstorage/labelled_images/Normal clean mucosa/d369e4f163df4aba_3964.jpg,True,7d57d4fc7248f05ff6bc79f9c7245010e5c518664a3bd65376f9e449613d2ed0,336,336,\N
/content/drive/MyDrive/MMVQA_Clinical/data/raw/kvasir_capsule/osfstorage/labelled_images/Normal clean mucosa/d369e4f163df4aba_3994.jpg,data/raw/kvasir_capsule/osfstorage/labelled_images/Normal clean mucosa/d369e4f163df4aba_3994.jpg,True,46791cab60895ddd83a5f59f008eacbb706f18d6657d98cfd00c374d1e1adf29,336,336,\N
/content/drive/MyDrive/MMVQA_Clinical/data/raw/kvasir_capsule/osfstorage/labelled_images/Normal clean mucosa/d369e4f163df4aba_4024.jpg,data/raw/kvasir_capsule/osfstorage/labelled_images/Normal clean mucosa/d369e4f163df4aba_4024.jpg,True,ebdce3ee87afd12bf17edc46b89c679de5e659af360125e596691896226f9509,336,336,\N
/content/drive/MyDrive/MMVQA_Clinical/data/raw/kvasir_capsule/osfstorage/labelled_images/Normal clean mucosa/d369e4f163df4aba_49691.jpg,data/raw/kvasir_capsule/osfstorage/labelled_images/Normal clean mucosa/d369e4f163df4aba_49691.jpg,True,acfa0cda944cf683e85800684db0565f398444942c7feb53027f24c0397fa86b,336,336,\N
/content/drive/MyDrive/MMVQA_Clinical/data/raw/kvasir_capsule/osfstorage/labelled_images/Normal clean mucosa/d369e4f163df4aba_49721.jpg,data/raw/kvasir_capsule/osfstorage/labelled_images/Normal clean mucosa/d369e4f163df4aba_49721.jpg,True,15b307b65cff84902e287e47a8bcfc8f5f269671cf09fccacd9be7930ee9efc0,336,336,\N
/content/drive/MyDrive/MMVQA_Clinical/data/raw/kvasir_capsule/osfstorage/labelled_images/Normal clean mucosa/d369e4f163df4aba_49751.jpg,data/raw/kvasir_capsule/osfstorage/labelled_images/Normal clean mucosa/d369e4f163df4aba_49751.jpg,True,3884e317e4b8f4799731a02280320c66d874e6b73a29aff6f07781b3456b9a11,336,336,\N
/content/drive/MyDrive/MMVQA_Clinical/data/raw/kvasir_capsule/osfstorage/labelled_images/Normal clean mucosa/d369e4f163df4aba_6754.jpg,data/raw/kvasir_capsule/osfstorage/labelled_images/Normal clean mucosa/d369e4f163df4aba_6754.jpg,True,c301323a67f934de02a781a8fb2488027f96751490b5001cc3d28b7dc29346db,336,336,\N
/content/drive/MyDrive/MMVQA_Clinical/data/raw/kvasir_capsule/osfstorage/labelled_images/Normal clean mucosa/d369e4f163df4aba_6784.jpg,data/raw/kvasir_capsule/osfstorage/labelled_images/Normal clean mucosa/d369e4f163df4aba_6784.jpg,True,57280c1f633c332fbba097e2e6a94d1db84de2881eca0ce3d01b588aac1f45cb,336,336,\N
/content/drive/MyDrive/MMVQA_Clinical/data/raw/kvasir_capsule/osfstorage/labelled_images/Normal clean mucosa/d369e4f163df4aba_6814.jpg,data/raw/kvasir_capsule/osfstorage/labelled_images/Normal clean mucosa/d369e4f163df4aba_6814.jpg,True,4648cf0cb5e7351fb2ffaeea317b7012e3f1b2db7dd40306dea16cc9a0423e45,336,336,\N
/content/drive/MyDrive/MMVQA_Clinical/data/raw/kvasir_capsule/osfstorage/labelled_images/Normal clean mucosa/d369e4f163df4aba_6844.jpg,data/raw/kvasir_capsule/osfstorage/labelled_images/Normal clean mucosa/d369e4f163df4aba_6844.jpg,True,4db281a8f0cc5eb0c724dab77d247e3d560affcd809f8eeaf5901214bbc0445e,336,336,\N
/content/drive/MyDrive/MMVQA_Clinical/data/raw/kvasir_capsule/osfstorage/labelled_images/Normal clean mucosa/d369e4f163df4aba_6874.jpg,data/raw/kvasir_capsule/osfstorage/labelled_images/Normal clean mucosa/d369e4f163df4aba_6874.jpg,True,d7dc0e13354155cfeb59e49365e056a76fbd54f6358e2c9cfb18f6c8bdb40736,336,336,\N
/content/drive/MyDrive/MMVQA_Clinical/data/raw/kvasir_capsule/osfstorage/labelled_images/Normal clean mucosa/d369e4f163df4aba_8089.jpg,data/raw/kvasir_capsule/osfstorage/labelled_images/Normal clean mucosa/d369e4f163df4aba_8089.jpg,True,e9b2103760d02f788d2b93262e78fbd803cf7bdd4d09046f5e3822a2fa4e2fd1,336,336,\N
/content/drive/MyDrive/MMVQA_Clinical/data/raw/kvasir_capsule/osfstorage/labelled_images/Normal clean mucosa/d369e4f163df4aba_8119.jpg,data/raw/kvasir_capsule/osfstorage/labelled_images/Normal clean mucosa/d369e4f163df4aba_8119.jpg,True,986c383dd43f977a37f73bd7cdbff20539bca223582996adaff952b3c89714fa,336,336,\N
/content/drive/MyDrive/MMVQA_Clinical/data/raw/kvasir_capsule/osfstorage/labelled_images/Normal clean mucosa/d369e4f163df4aba_8149.jpg,data/raw/kvasir_capsule/osfstorage/labelled_images/Normal clean mucosa/d369e4f163df4aba_8149.jpg,True,16557d5c1f6f6891b23d36866b115715963ea792a185aaca836992f36c7f4510,336,336,\N
/content/drive/MyDrive/MMVQA_Clinical/data/raw/kvasir_capsule/osfstorage/labelled_images/Normal clean mucosa/d369e4f163df4aba_8179.jpg,data/raw/kvasir_capsule/osfstorage/labelled_images/Normal clean mucosa/d369e4f163df4aba_8179.jpg,True,096a2ab084cea9c394b4d3ba8b8b4774775b98437c4a41b776af022e2024afe4,336,336,\N
/content/drive/MyDrive/MMVQA_Clinical/data/raw/kvasir_capsule/osfstorage/labelled_images/Normal clean mucosa/d369e4f163df4aba_8209.jpg,data/raw/kvasir_capsule/osfstorage/labelled_images/Normal clean mucosa/d369e4f163df4aba_8209.jpg,True,45b9bbca51044250cd6cc546a39b6da771c1982d9936cb2e63dd625080491304,336,336,\N
/content/drive/MyDrive/MMVQA_Clinical/data/raw/kvasir_capsule/osfstorage/labelled_images/Normal clean mucosa/d369e4f163df4aba_9615.jpg,data/raw/kvasir_capsule/osfstorage/labelled_images/Normal clean mucosa/d369e4f163df4aba_9615.jpg,True,2e408101c570523600cf15b17fbbe9ac4197d6d585a0fb81e2af1bed0381265b,336,336,\N
/content/drive/MyDrive/MMVQA_Clinical/data/raw/kvasir_capsule/osfstorage/labelled_images/Normal clean mucosa/d369e4f163df4aba_9645.jpg,data/raw/kvasir_capsule/osfstorage/labelled_images/Normal clean mucosa/d369e4f163df4aba_9645.jpg,True,78bfe9012b914f90f4e11c67883d3fc19f3473faba792b064f41c176859fa417,336,336,\N
/content/drive/MyDrive/MMVQA_Clinical/data/raw/kvasir_capsule/osfstorage/labelled_images/Normal clean mucosa/d369e4f163df4aba_9675.jpg,data/raw/kvasir_capsule/osfstorage/labelled_images/Normal clean mucosa/d369e4f163df4aba_9675.jpg,True,f1ac6ac587fbc378be2f0a12d49933da50b51c66ebf362548be14a3c227e79af,336,336,\N
/content/drive/MyDrive/MMVQA_Clinical/data/raw/kvasir_capsule/osfstorage/labelled_images/Normal clean mucosa/d369e4f163df4aba_9705.jpg,data/raw/kvasir_capsule/osfstorage/labelled_images/Normal clean mucosa/d369e4f163df4aba_9705.jpg,True,4fac5616cd3730bdc7591cef4e2e66854d66865122d888c2f3db82e3cb7abf64,336,336,\N
/content/drive/MyDrive/MMVQA_Clinical/data/raw/kvasir_capsule/osfstorage/labelled_images/Normal clean mucosa/d369e4f163df4aba_9735.jpg,data/raw/kvasir_capsule/osfstorage/labelled_images/Normal clean mucosa/d369e4f163df4aba_9735.jpg,True,dd515a6f6a23484b7133aa1e46d32ef6b8e313db4c6d999bba3a4772f6ba8776,336,336,\N
/content/drive/MyDrive/MMVQA_Clinical/data/raw/kvasir_capsule/osfstorage/labelled_images/Normal clean mucosa/d7a271f233ba4a40_10932.jpg,data/raw/kvasir_capsule/osfstorage/labelled_images/Normal clean mucosa/d7a271f233ba4a40_10932.jpg,True,cdd1ba25d801b48a2d235f52639654c56e1ccfa51b4975b2a08fe08e590d2df4,336,336,\N
/content/drive/MyDrive/MMVQA_Clinical/data/raw/kvasir_capsule/osfstorage/labelled_images/Normal clean mucosa/d7a271f233ba4a40_10962.jpg,data/raw/kvasir_capsule/osfstorage/labelled_images/Normal clean mucosa/d7a271f233ba4a40_10962.jpg,True,f29334b459cdc97d05f44817f927bddbfef9c6cd9362a8ee91665c9ce5c2ad39,336,336,\N
/content/drive/MyDrive/MMVQA_Clinical/data/raw/kvasir_capsule/osfstorage/labelled_images/Normal clean mucosa/d7a271f233ba4a40_10992.jpg,data/raw/kvasir_capsule/osfstorage/labelled_images/Normal clean mucosa/d7a271f233ba4a40_10992.jpg,True,1d73abc06e55c4b9a0a12625636fbec32cf71849ac07fd44a0bc2ed660ce7433,336,336,\N
/content/drive/MyDrive/MMVQA_Clinical/data/raw/kvasir_capsule/osfstorage/labelled_images/Normal clean mucosa/d7a271f233ba4a40_11022.jpg,data/raw/kvasir_capsule/osfstorage/labelled_images/Normal clean mucosa/d7a271f233ba4a40_11022.jpg,True,3da519f95118a615f7494cf56e578a5b9b497cc479f6456da68819a5fa429832,336,336,\N
/content/drive/MyDrive/MMVQA_Clinical/data/raw/kvasir_capsule/osfstorage/labelled_images/Normal clean mucosa/d7a271f233ba4a40_11052.jpg,data/raw/kvasir_capsule/osfstorage/labelled_images/Normal clean mucosa/d7a271f233ba4a40_11052.jpg,True,0b130053755ddd2630e737dd92e63f62bf1a3b9c28519d5c2cdd42ef2df61d93,336,336,\N
/content/drive/MyDrive/MMVQA_Clinical/data/raw/kvasir_capsule/osfstorage/labelled_images/Normal clean mucosa/d7a271f233ba4a40_5245.jpg,data/raw/kvasir_capsule/osfstorage/labelled_images/Normal clean mucosa/d7a271f233ba4a40_5245.jpg,True,3f587de406bd416a320ad531c4046c9160bcaca121dac61d3acf805d4f7ee948,336,336,\N
/content/drive/MyDrive/MMVQA_Clinical/data/raw/kvasir_capsule/osfstorage/labelled_images/Normal clean mucosa/d7a271f233ba4a40_5275.jpg,data/raw/kvasir_capsule/osfstorage/labelled_images/Normal clean mucosa/d7a271f233ba4a40_5275.jpg,True,a643121a9158dc5a3b9bd0d6fb024a995a7748af236d863abef77b0239479a00,336,336,\N
/content/drive/MyDrive/MMVQA_Clinical/data/raw/kvasir_capsule/osfstorage/labelled_images/Normal clean mucosa/d7a271f233ba4a40_5305.jpg,data/raw/kvasir_capsule/osfstorage/labelled_images/Normal clean mucosa/d7a271f233ba4a40_5305.jpg,True,95286aefdcc7e27edd05debba7be82ce5d31571efc05324c3bca960efce46c82,336,336,\N
/content/drive/MyDrive/MMVQA_Clinical/data/raw/kvasir_capsule/osfstorage/labelled_images/Normal clean mucosa/d7a271f233ba4a40_6333.jpg,data/raw/kvasir_capsule/osfstorage/labelled_images/Normal clean mucosa/d7a271f233ba4a40_6333.jpg,True,84860f9e1514da060bc404dd81f75827a252951490347f997ef78dc6e561558b,336,336,\N
/content/drive/MyDrive/MMVQA_Clinical/data/raw/kvasir_capsule/osfstorage/labelled_images/Normal clean mucosa/d7a271f233ba4a40_6363.jpg,data/raw/kvasir_capsule/osfstorage/labelled_images/Normal clean mucosa/d7a271f233ba4a40_6363.jpg,True,eedb543f57fc16e3d8fbf1902cbd37b037454c38dbf6786efd6b67f347a4ffc0,336,336,\N
/content/drive/MyDrive/MMVQA_Clinical/data/raw/kvasir_capsule/osfstorage/labelled_images/Normal clean mucosa/d7a271f233ba4a40_6393.jpg,data/raw/kvasir_capsule/osfstorage/labelled_images/Normal clean mucosa/d7a271f233ba4a40_6393.jpg,True,9da7a802d3bd9a8c84a06df02f2a78aacc8e07e7376a58639303e5ef0d812d09,336,336,\N
/content/drive/MyDrive/MMVQA_Clinical/data/raw/kvasir_capsule/osfstorage/labelled_images/Normal clean mucosa/d7a271f233ba4a40_6423.jpg,data/raw/kvasir_capsule/osfstorage/labelled_images/Normal clean mucosa/d7a271f233ba4a40_6423.jpg,True,ed5e0e67114df2752023218f605437fe420cb67b5be5a1c4ef487d7a9a6dda2a,336,336,\N
/content/drive/MyDrive/MMVQA_Clinical/data/raw/kvasir_capsule/osfstorage/labelled_images/Normal clean mucosa/d7a271f233ba4a40_6453.jpg,data/raw/kvasir_capsule/osfstorage/labelled_images/Normal clean mucosa/d7a271f233ba4a40_6453.jpg,True,947394389d13bc5e9f532b6284fd7320deb7d20f0357fca2b3bf48ff3921a49b,336,336,\N
/content/drive/MyDrive/MMVQA_Clinical/data/raw/kvasir_capsule/osfstorage/labelled_images/Normal clean mucosa/d7a271f233ba4a40_7530.jpg,data/raw/kvasir_capsule/osfstorage/labelled_images/Normal clean mucosa/d7a271f233ba4a40_7530.jpg,True,062e6ea4fe0258134dba873b42698e4e1c77d36ae405eeecef6361a1c06054ec,336,336,\N
/content/drive/MyDrive/MMVQA_Clinical/data/raw/kvasir_capsule/osfstorage/labelled_images/Normal clean mucosa/d7a271f233ba4a40_7560.jpg,data/raw/kvasir_capsule/osfstorage/labelled_images/Normal clean mucosa/d7a271f233ba4a40_7560.jpg,True,1880f027c33927a320aad6d19b299d02e47055e278b0112a4369211cd4002371,336,336,\N
/content/drive/MyDrive/MMVQA_Clinical/data/raw/kvasir_capsule/osfstorage/labelled_images/Normal clean mucosa/d7a271f233ba4a40_7590.jpg,data/raw/kvasir_capsule/osfstorage/labelled_images/Normal clean mucosa/d7a271f233ba4a40_7590.jpg,True,bcbf0b9e9e8a79d7c5f05487bb7fa541878210e0bf293bddc83f665003bd8b9b,336,336,\N
/content/drive/MyDrive/MMVQA_Clinical/data/raw/kvasir_capsule/osfstorage/labelled_images/Normal clean mucosa/d7a271f233ba4a40_7620.jpg,data/raw/kvasir_capsule/osfstorage/labelled_images/Normal clean mucosa/d7a271f233ba4a40_7620.jpg,True,3d31b24ba3dff968b6ff9508aea863f44053091723263941a1c63b9508d32d82,336,336,\N
/content/drive/MyDrive/MMVQA_Clinical/data/raw/kvasir_capsule/osfstorage/labelled_images/Normal clean mucosa/d7a271f233ba4a40_7650.jpg,data/raw/kvasir_capsule/osfstorage/labelled_images/Normal clean mucosa/d7a271f233ba4a40_7650.jpg,True,8696f8bb2b08193af7c0481bd196ba0c4873c0c5a46797eb584015c2b7022d10,336,336,\N
/content/drive/MyDrive/MMVQA_Clinical/data/raw/kvasir_capsule/osfstorage/labelled_images/Normal clean mucosa/dac1e27f7e4d4ef5_14899.jpg,data/raw/kvasir_capsule/osfstorage/labelled_images/Normal clean mucosa/dac1e27f7e4d4ef5_14899.jpg,True,3212c5a02038a6d5a51a56e3b44a337ee8a182cfecc816af68be361292ac8bfa,336,336,\N
/content/drive/MyDrive/MMVQA_Clinical/data/raw/kvasir_capsule/osfstorage/labelled_images/Normal clean mucosa/dac1e27f7e4d4ef5_14929.jpg,data/raw/kvasir_capsule/osfstorage/labelled_images/Normal clean mucosa/dac1e27f7e4d4ef5_14929.jpg,True,fcbdb4a3cc46355294d3c7ca5173893854ae4f4f90b76dc66d7d19d64c5512cf,336,336,\N
/content/drive/MyDrive/MMVQA_Clinical/data/raw/kvasir_capsule/osfstorage/labelled_images/Normal clean mucosa/dac1e27f7e4d4ef5_14959.jpg,data/raw/kvasir_capsule/osfstorage/labelled_images/Normal clean mucosa/dac1e27f7e4d4ef5_14959.jpg,True,1f82a1236ff818421939d0b7ddb377aa29e58ba4bf53410f1006a52cfcc35b01,336,336,\N
/content/drive/MyDrive/MMVQA_Clinical/data/raw/kvasir_capsule/osfstorage/labelled_images/Normal clean mucosa/dac1e27f7e4d4ef5_14989.jpg,data/raw/kvasir_capsule/osfstorage/labelled_images/Normal clean mucosa/dac1e27f7e4d4ef5_14989.jpg,True,9460d44e61be35584c40ece3167deb348bd01b10088f4758f07f6e52308c9628,336,336,\N
/content/drive/MyDrive/MMVQA_Clinical/data/raw/kvasir_capsule/osfstorage/labelled_images/Normal clean mucosa/dac1e27f7e4d4ef5_15019.jpg,data/raw/kvasir_capsule/osfstorage/labelled_images/Normal clean mucosa/dac1e27f7e4d4ef5_15019.jpg,True,8b8f3fd1270e88229b2de42428281ed1835d1603f1f68a6d586b669ab6d7f359,336,336,\N
/content/drive/MyDrive/MMVQA_Clinical/data/raw/kvasir_capsule/osfstorage/labelled_images/Normal clean mucosa/dac1e27f7e4d4ef5_19063.jpg,data/raw/kvasir_capsule/osfstorage/labelled_images/Normal clean mucosa/dac1e27f7e4d4ef5_19063.jpg,True,821ffd5d10ff4912088859300c697c95a7bfd7fab145095efcffea88c0b6d3ac,336,336,\N
/content/drive/MyDrive/MMVQA_Clinical/data/raw/kvasir_capsule/osfstorage/labelled_images/Normal clean mucosa/dac1e27f7e4d4ef5_19093.jpg,data/raw/kvasir_capsule/osfstorage/labelled_images/Normal clean mucosa/dac1e27f7e4d4ef5_19093.jpg,True,e2e504b589c165441ae50956c629f7f2acf5e1e4775a22bce6e7fac078e94bca,336,336,\N
/content/drive/MyDrive/MMVQA_Clinical/data/raw/kvasir_capsule/osfstorage/labelled_images/Normal clean mucosa/dac1e27f7e4d4ef5_19123.jpg,data/raw/kvasir_capsule/osfstorage/labelled_images/Normal clean mucosa/dac1e27f7e4d4ef5_19123.jpg,True,520e0b5ea9120295d076739fae1df9846f7c9f0af3b965f532daf8f0000dbad5,336,336,\N
/content/drive/MyDrive/MMVQA_Clinical/data/raw/kvasir_capsule/osfstorage/labelled_images/Normal clean mucosa/dac1e27f7e4d4ef5_22511.jpg,data/raw/kvasir_capsule/osfstorage/labelled_images/Normal clean mucosa/dac1e27f7e4d4ef5_22511.jpg,True,6210124cac4e47e9f9d6e17e394c59258d77df8c51fec4163327db20689d4cd2,336,336,\N
/content/drive/MyDrive/MMVQA_Clinical/data/raw/kvasir_capsule/osfstorage/labelled_images/Normal clean mucosa/dac1e27f7e4d4ef5_22541.jpg,data/raw/kvasir_capsule/osfstorage/labelled_images/Normal clean mucosa/dac1e27f7e4d4ef5_22541.jpg,True,70b320f0578fb133a1f716a7e43d0644d8c80ce98ab6a9be56f9345be10fd029,336,336,\N
/content/drive/MyDrive/MMVQA_Clinical/data/raw/kvasir_capsule/osfstorage/labelled_images/Normal clean mucosa/dac1e27f7e4d4ef5_22571.jpg,data/raw/kvasir_capsule/osfstorage/labelled_images/Normal clean mucosa/dac1e27f7e4d4ef5_22571.jpg,True,bb814a98a7df2983f9a4ddf3e50eaf7fde0a5ecd4d2de848f07efecc244583eb,336,336,\N
/content/drive/MyDrive/MMVQA_Clinical/data/raw/kvasir_capsule/osfstorage/labelled_images/Normal clean mucosa/dac1e27f7e4d4ef5_22601.jpg,data/raw/kvasir_capsule/osfstorage/labelled_images/Normal clean mucosa/dac1e27f7e4d4ef5_22601.jpg,True,d4ad3834ea6e734065b3f42d369e152decee913760e7fb420b3d2a793c20325e,336,336,\N
/content/drive/MyDrive/MMVQA_Clinical/data/raw/kvasir_capsule/osfstorage/labelled_images/Normal clean mucosa/dac1e27f7e4d4ef5_22631.jpg,data/raw/kvasir_capsule/osfstorage/labelled_images/Normal clean mucosa/dac1e27f7e4d4ef5_22631.jpg,True,e5c9a95a8b6928bb8b11df407895bd407e4ab5a56e7962ab93461bf0f6350416,336,336,\N
/content/drive/MyDrive/MMVQA_Clinical/data/raw/kvasir_capsule/osfstorage/labelled_images/Normal clean mucosa/dac1e27f7e4d4ef5_4595.jpg,data/raw/kvasir_capsule/osfstorage/labelled_images/Normal clean mucosa/dac1e27f7e4d4ef5_4595.jpg,True,95ba0dbe76bba6add7ffa99a20df1b66ae588ee9f6bbf816ab6d1db1d50ca83a,336,336,\N
/content/drive/MyDrive/MMVQA_Clinical/data/raw/kvasir_capsule/osfstorage/labelled_images/Normal clean mucosa/dac1e27f7e4d4ef5_4625.jpg,data/raw/kvasir_capsule/osfstorage/labelled_images/Normal clean mucosa/dac1e27f7e4d4ef5_4625.jpg,True,d08a303db3127726feffb0b18521a1002e27aee419657399a48804b8662a2476,336,336,\N
/content/drive/MyDrive/MMVQA_Clinical/data/raw/kvasir_capsule/osfstorage/labelled_images/Normal clean mucosa/dac1e27f7e4d4ef5_4655.jpg,data/raw/kvasir_capsule/osfstorage/labelled_images/Normal clean mucosa/dac1e27f7e4d4ef5_4655.jpg,True,f8f7e81fd7dee15a7e84752d1054db4ab32c9d3d423aab256ed6f2db4d7eacc1,336,336,\N
/content/drive/MyDrive/MMVQA_Clinical/data/raw/kvasir_capsule/osfstorage/labelled_images/Normal clean mucosa/dac1e27f7e4d4ef5_4685.jpg,data/raw/kvasir_capsule/osfstorage/labelled_images/Normal clean mucosa/dac1e27f7e4d4ef5_4685.jpg,True,e02ae777bb319fd20ab3c128bd54ce23433569c89285b34c0c6cf24b575961b8,336,336,\N
/content/drive/MyDrive/MMVQA_Clinical/data/raw/kvasir_capsule/osfstorage/labelled_images/Normal clean mucosa/dac1e27f7e4d4ef5_4715.jpg,data/raw/kvasir_capsule/osfstorage/labelled_images/Normal clean mucosa/dac1e27f7e4d4ef5_4715.jpg,True,09b9d220147dd385909735f5bde6b5c0fa382c0741426149e772a208ab7dc525,336,336,\N
/content/drive/MyDrive/MMVQA_Clinical/data/raw/kvasir_capsule/osfstorage/labelled_images/Normal clean mucosa/dac1e27f7e4d4ef5_7430.jpg,data/raw/kvasir_capsule/osfstorage/labelled_images/Normal clean mucosa/dac1e27f7e4d4ef5_7430.jpg,True,2ebe0bf2ffcd83e8fe8eb8a7b3e132d353d4f1957f1506962d95f7d399ff344b,336,336,\N
/content/drive/MyDrive/MMVQA_Clinical/data/raw/kvasir_capsule/osfstorage/labelled_images/Normal clean mucosa/dac1e27f7e4d4ef5_7460.jpg,data/raw/kvasir_capsule/osfstorage/labelled_images/Normal clean mucosa/dac1e27f7e4d4ef5_7460.jpg,True,34c14db7db16809ea919feb2d37eeaf19e3bb3e245ac8648bc9cfab615beb330,336,336,\N
/content/drive/MyDrive/MMVQA_Clinical/data/raw/kvasir_capsule/osfstorage/labelled_images/Normal clean mucosa/dac1e27f7e4d4ef5_7490.jpg,data/raw/kvasir_capsule/osfstorage/labelled_images/Normal clean mucosa/dac1e27f7e4d4ef5_7490.jpg,True,c95c7a555bc1981f6539c78c09a4ff685925d30cead1cf2562f75b1012c7f9f1,336,336,\N
/content/drive/MyDrive/MMVQA_Clinical/data/raw/kvasir_capsule/osfstorage/labelled_images/Normal clean mucosa/dac1e27f7e4d4ef5_7520.jpg,data/raw/kvasir_capsule/osfstorage/labelled_images/Normal clean mucosa/dac1e27f7e4d4ef5_7520.jpg,True,0797224ed483a797380776b13ea65f2e9da828865447f20d8881e8cf00bbded4,336,336,\N
/content/drive/MyDrive/MMVQA_Clinical/data/raw/kvasir_capsule/osfstorage/labelled_images/Normal clean mucosa/dac1e27f7e4d4ef5_7550.jpg,data/raw/kvasir_capsule/osfstorage/labelled_images/Normal clean mucosa/dac1e27f7e4d4ef5_7550.jpg,True,8623de3a25b8909ce050b4ac96b21722b90e305153fe59ab6d82a6579489d9e2,336,336,\N
/content/drive/MyDrive/MMVQA_Clinical/data/raw/kvasir_capsule/osfstorage/labelled_images/Normal clean mucosa/dac1e27f7e4d4ef5_9780.jpg,data/raw/kvasir_capsule/osfstorage/labelled_images/Normal clean mucosa/dac1e27f7e4d4ef5_9780.jpg,True,f0de650225c90fcb49c58a8b8c1388a50c44567b26d7ba290dd4b998e251d93f,336,336,\N
/content/drive/MyDrive/MMVQA_Clinical/data/raw/kvasir_capsule/osfstorage/labelled_images/Normal clean mucosa/dac1e27f7e4d4ef5_9810.jpg,data/raw/kvasir_capsule/osfstorage/labelled_images/Normal clean mucosa/dac1e27f7e4d4ef5_9810.jpg,True,770b9dc3677c88c8c3e8d9f1b8356c60bc757f905108211156f08e6cf422efda,336,336,\N
/content/drive/MyDrive/MMVQA_Clinical/data/raw/kvasir_capsule/osfstorage/labelled_images/Normal clean mucosa/dac1e27f7e4d4ef5_9840.jpg,data/raw/kvasir_capsule/osfstorage/labelled_images/Normal clean mucosa/dac1e27f7e4d4ef5_9840.jpg,True,4fa2998cd42ac5b5e52722e7b74a316a48fe878d9c011fd27363ac1ed91c9633,336,336,\N
/content/drive/MyDrive/MMVQA_Clinical/data/raw/kvasir_capsule/osfstorage/labelled_images/Normal clean mucosa/dac1e27f7e4d4ef5_9870.jpg,data/raw/kvasir_capsule/osfstorage/labelled_images/Normal clean mucosa/dac1e27f7e4d4ef5_9870.jpg,True,2af3bbc07ea3bf9aeacfd8956252b0054bf129728698c47bfd198acbc81ff8f1,336,336,\N
/content/drive/MyDrive/MMVQA_Clinical/data/raw/kvasir_capsule/osfstorage/labelled_images/Normal clean mucosa/dac1e27f7e4d4ef5_9900.jpg,data/raw/kvasir_capsule/osfstorage/labelled_images/Normal clean mucosa/dac1e27f7e4d4ef5_9900.jpg,True,e97454eecf70b627cc27852260e36ec74ef1014c85a50e608842fa9aeacd4ada,336,336,\N
/content/drive/MyDrive/MMVQA_Clinical/data/raw/kvasir_capsule/osfstorage/labelled_images/Normal clean mucosa/dc221ccc65d34010_16472.jpg,data/raw/kvasir_capsule/osfstorage/labelled_images/Normal clean mucosa/dc221ccc65d34010_16472.jpg,True,4e52c7006bffe984127309aca32af2962f797584c0d2fb3261d9f68e01452537,336,336,\N
/content/drive/MyDrive/MMVQA_Clinical/data/raw/kvasir_capsule/osfstorage/labelled_images/Normal clean mucosa/dc221ccc65d34010_16502.jpg,data/raw/kvasir_capsule/osfstorage/labelled_images/Normal clean mucosa/dc221ccc65d34010_16502.jpg,True,755cb0c3a171723adaf0dffe16120fdd0bf4b18cab6471b523e1de33768c6516,336,336,\N
/content/drive/MyDrive/MMVQA_Clinical/data/raw/kvasir_capsule/osfstorage/labelled_images/Normal clean mucosa/dc221ccc65d34010_16532.jpg,data/raw/kvasir_capsule/osfstorage/labelled_images/Normal clean mucosa/dc221ccc65d34010_16532.jpg,True,d22db6616f10c2437abbd0e0ebbb3533c712b01cdbcff2d61269cf40b766e239,336,336,\N
/content/drive/MyDrive/MMVQA_Clinical/data/raw/kvasir_capsule/osfstorage/labelled_images/Normal clean mucosa/dc221ccc65d34010_16562.jpg,data/raw/kvasir_capsule/osfstorage/labelled_images/Normal clean mucosa/dc221ccc65d34010_16562.jpg,True,1baa7ca340fc252a593fd78e0bfb8d632bdc9c1559bb966d46645185b52ac535,336,336,\N
/content/drive/MyDrive/MMVQA_Clinical/data/raw/kvasir_capsule/osfstorage/labelled_images/Normal clean mucosa/dc221ccc65d34010_16592.jpg,data/raw/kvasir_capsule/osfstorage/labelled_images/Normal clean mucosa/dc221ccc65d34010_16592.jpg,True,de27eb52d2340308bc709d45c0906cfd7cf01a871d861683834f6faec7e688c4,336,336,\N
/content/drive/MyDrive/MMVQA_Clinical/data/raw/kvasir_capsule/osfstorage/labelled_images/Normal clean mucosa/dc221ccc65d34010_8992.jpg,data/raw/kvasir_capsule/osfstorage/labelled_images/Normal clean mucosa/dc221ccc65d34010_8992.jpg,True,30c39039fcb2f202c4331179ab087c16c1360473692018d9ae8fe79a6450413a,336,336,\N
/content/drive/MyDrive/MMVQA_Clinical/data/raw/kvasir_capsule/osfstorage/labelled_images/Normal clean mucosa/dc221ccc65d34010_9022.jpg,data/raw/kvasir_capsule/osfstorage/labelled_images/Normal clean mucosa/dc221ccc65d34010_9022.jpg,True,3fc2016f8867a3a96577a9900a0934f712df60eebd14c0ff4d85830f8bc7f652,336,336,\N
/content/drive/MyDrive/MMVQA_Clinical/data/raw/kvasir_capsule/osfstorage/labelled_images/Normal clean mucosa/dc221ccc65d34010_9052.jpg,data/raw/kvasir_capsule/osfstorage/labelled_images/Normal clean mucosa/dc221ccc65d34010_9052.jpg,True,bdad2360b5cf324fad96fc0a291c6a6b001b444fead09c6ad64398c8fc8fbf51,336,336,\N
/content/drive/MyDrive/MMVQA_Clinical/data/raw/kvasir_capsule/osfstorage/labelled_images/Normal clean mucosa/dc221ccc65d34010_9082.jpg,data/raw/kvasir_capsule/osfstorage/labelled_images/Normal clean mucosa/dc221ccc65d34010_9082.jpg,True,f0c2e9f3c3f7ab0b30a0568823e8020c724598e47b9886af9eacabfcca4184b5,336,336,\N
/content/drive/MyDrive/MMVQA_Clinical/data/raw/kvasir_capsule/osfstorage/labelled_images/Normal clean mucosa/dc221ccc65d34010_9112.jpg,data/raw/kvasir_capsule/osfstorage/labelled_images/Normal clean mucosa/dc221ccc65d34010_9112.jpg,True,d8549283897f95e19004ea8b2ec4ec92be4b4350ef73c57da212748f923a100c,336,336,\N
/content/drive/MyDrive/MMVQA_Clinical/data/raw/kvasir_capsule/osfstorage/labelled_images/Normal clean mucosa/dca1377dec974312_10454.jpg,data/raw/kvasir_capsule/osfstorage/labelled_images/Normal clean mucosa/dca1377dec974312_10454.jpg,True,dc17d766eaf0a2705492f40108c9d49727f5d2831310655778779c4175f2ba4c,336,336,\N
/content/drive/MyDrive/MMVQA_Clinical/data/raw/kvasir_capsule/osfstorage/labelled_images/Normal clean mucosa/dca1377dec974312_10484.jpg,data/raw/kvasir_capsule/osfstorage/labelled_images/Normal clean mucosa/dca1377dec974312_10484.jpg,True,2354bbcd415777e4a615220dafe8cc5f30ec3b0281a980b244de96979ea887fb,336,336,\N
/content/drive/MyDrive/MMVQA_Clinical/data/raw/kvasir_capsule/osfstorage/labelled_images/Normal clean mucosa/dca1377dec974312_10514.jpg,data/raw/kvasir_capsule/osfstorage/labelled_images/Normal clean mucosa/dca1377dec974312_10514.jpg,True,4ba8a93c40b5750436677c4d023868a8cc61d52ac1b9d4cfb179aeab4e5e97a8,336,336,\N
/content/drive/MyDrive/MMVQA_Clinical/data/raw/kvasir_capsule/osfstorage/labelled_images/Normal clean mucosa/dca1377dec974312_10544.jpg,data/raw/kvasir_capsule/osfstorage/labelled_images/Normal clean mucosa/dca1377dec974312_10544.jpg,True,a95316af3f821555dadeea2a12353eea74d376a68286b6ecad24b7fad16f5a38,336,336,\N
/content/drive/MyDrive/MMVQA_Clinical/data/raw/kvasir_capsule/osfstorage/labelled_images/Normal clean mucosa/dca1377dec974312_10574.jpg,data/raw/kvasir_capsule/osfstorage/labelled_images/Normal clean mucosa/dca1377dec974312_10574.jpg,True,18a34f7efad88f94b6c724f072d37c1ebead5e4ccc6fbfdf5a537f0b6ae3c4fd,336,336,\N
/content/drive/MyDrive/MMVQA_Clinical/data/raw/kvasir_capsule/osfstorage/labelled_images/Normal clean mucosa/dca1377dec974312_14438.jpg,data/raw/kvasir_capsule/osfstorage/labelled_images/Normal clean mucosa/dca1377dec974312_14438.jpg,True,f1a7a9dc7fb49d062a16091889117bac30bfc33ad6684d86abf618e074b79168,336,336,\N
/content/drive/MyDrive/MMVQA_Clinical/data/raw/kvasir_capsule/osfstorage/labelled_images/Normal clean mucosa/dca1377dec974312_14468.jpg,data/raw/kvasir_capsule/osfstorage/labelled_images/Normal clean mucosa/dca1377dec974312_14468.jpg,True,429c1c9e5d2a07e7c4a9486befe0a4e52c231e096df8e109082e35ac1b1d6eca,336,336,\N
/content/drive/MyDrive/MMVQA_Clinical/data/raw/kvasir_capsule/osfstorage/labelled_images/Normal clean mucosa/dca1377dec974312_14498.jpg,data/raw/kvasir_capsule/osfstorage/labelled_images/Normal clean mucosa/dca1377dec974312_14498.jpg,True,9d3fc3ec02c2999cb693675ee1a4de8822317c45c240cef10bf60847d9625156,336,336,\N
/content/drive/MyDrive/MMVQA_Clinical/data/raw/kvasir_capsule/osfstorage/labelled_images/Normal clean mucosa/dca1377dec974312_14528.jpg,data/raw/kvasir_capsule/osfstorage/labelled_images/Normal clean mucosa/dca1377dec974312_14528.jpg,True,6bbec37788919557b88d32d25785c57db36d9a6bb6755cccc0961244411401e7,336,336,\N
/content/drive/MyDrive/MMVQA_Clinical/data/raw/kvasir_capsule/osfstorage/labelled_images/Normal clean mucosa/dca1377dec974312_14558.jpg,data/raw/kvasir_capsule/osfstorage/labelled_images/Normal clean mucosa/dca1377dec974312_14558.jpg,True,60a97bca6ff2a56dde80a3c5af7ec05afa032a6b64dbeeff4466a138fa70fbc8,336,336,\N
/content/drive/MyDrive/MMVQA_Clinical/data/raw/kvasir_capsule/osfstorage/labelled_images/Normal clean mucosa/dca1377dec974312_3741.jpg,data/raw/kvasir_capsule/osfstorage/labelled_images/Normal clean mucosa/dca1377dec974312_3741.jpg,True,928a52b3e68317998772386659e41dcce4732b15f390b79e8e0fd7ba8b94c92e,336,336,\N
/content/drive/MyDrive/MMVQA_Clinical/data/raw/kvasir_capsule/osfstorage/labelled_images/Normal clean mucosa/dca1377dec974312_3771.jpg,data/raw/kvasir_capsule/osfstorage/labelled_images/Normal clean mucosa/dca1377dec974312_3771.jpg,True,a7d3a3adc66f63c5b835137dbc6b1391f3cf6f0e07986d33931e4e8fbe75266a,336,336,\N
/content/drive/MyDrive/MMVQA_Clinical/data/raw/kvasir_capsule/osfstorage/labelled_images/Normal clean mucosa/dca1377dec974312_3801.jpg,data/raw/kvasir_capsule/osfstorage/labelled_images/Normal clean mucosa/dca1377dec974312_3801.jpg,True,e0d85b8dd74f543cce66c044517621779072b89ef63477ef910a28092a67583b,336,336,\N
/content/drive/MyDrive/MMVQA_Clinical/data/raw/kvasir_capsule/osfstorage/labelled_images/Normal clean mucosa/dca1377dec974312_3831.jpg,data/raw/kvasir_capsule/osfstorage/labelled_images/Normal clean mucosa/dca1377dec974312_3831.jpg,True,026fd8beca4af1a21563b2c6712a75da3f1455cb0fa62501ec5f91dd1699057c,336,336,\N
/content/drive/MyDrive/MMVQA_Clinical/data/raw/kvasir_capsule/osfstorage/labelled_images/Normal clean mucosa/dca1377dec974312_3861.jpg,data/raw/kvasir_capsule/osfstorage/labelled_images/Normal clean mucosa/dca1377dec974312_3861.jpg,True,5b687806baf35d6eefc07889f806cbdeb6842135bb8de3c91eb2d8f2afbefab0,336,336,\N
/content/drive/MyDrive/MMVQA_Clinical/data/raw/kvasir_capsule/osfstorage/labelled_images/Normal clean mucosa/dca1377dec974312_5889.jpg,data/raw/kvasir_capsule/osfstorage/labelled_images/Normal clean mucosa/dca1377dec974312_5889.jpg,True,ffa63e1652bffd53266c2848fd7150825a37d7f2eaf009705555c6fb344d2c90,336,336,\N
/content/drive/MyDrive/MMVQA_Clinical/data/raw/kvasir_capsule/osfstorage/labelled_images/Normal clean mucosa/dca1377dec974312_5919.jpg,data/raw/kvasir_capsule/osfstorage/labelled_images/Normal clean mucosa/dca1377dec974312_5919.jpg,True,cec2313929bbf9b0aa4409b64f8e47ee56a48e8ac3680f38350d614bdb6147b5,336,336,\N
/content/drive/MyDrive/MMVQA_Clinical/data/raw/kvasir_capsule/osfstorage/labelled_images/Normal clean mucosa/dca1377dec974312_5949.jpg,data/raw/kvasir_capsule/osfstorage/labelled_images/Normal clean mucosa/dca1377dec974312_5949.jpg,True,ff98447ce410025160bfa659b1ec652ec28ba6c60105a5a691894119ad8defb3,336,336,\N
/content/drive/MyDrive/MMVQA_Clinical/data/raw/kvasir_capsule/osfstorage/labelled_images/Normal clean mucosa/dca1377dec974312_5979.jpg,data/raw/kvasir_capsule/osfstorage/labelled_images/Normal clean mucosa/dca1377dec974312_5979.jpg,True,6281683f73bbf9e00cfa05536721340134c220766181bcdbea7931dac73991eb,336,336,\N
/content/drive/MyDrive/MMVQA_Clinical/data/raw/kvasir_capsule/osfstorage/labelled_images/Normal clean mucosa/dca1377dec974312_6009.jpg,data/raw/kvasir_capsule/osfstorage/labelled_images/Normal clean mucosa/dca1377dec974312_6009.jpg,True,9771a7c85be9a8166173de60619aa68f067fc8505d59920876d06b7fa4fd3d8e,336,336,\N
/content/drive/MyDrive/MMVQA_Clinical/data/raw/kvasir_capsule/osfstorage/labelled_images/Normal clean mucosa/dca1377dec974312_7900.jpg,data/raw/kvasir_capsule/osfstorage/labelled_images/Normal clean mucosa/dca1377dec974312_7900.jpg,True,a12903db184252a2be200e7244e7d8ea89b979d7cecd813ef59af71f7c07ca35,336,336,\N
/content/drive/MyDrive/MMVQA_Clinical/data/raw/kvasir_capsule/osfstorage/labelled_images/Normal clean mucosa/dca1377dec974312_7930.jpg,data/raw/kvasir_capsule/osfstorage/labelled_images/Normal clean mucosa/dca1377dec974312_7930.jpg,True,208899da7df304f00a6ede74750bfcb4c0e3af73c9e6958b092d720acf60e406,336,336,\N
/content/drive/MyDrive/MMVQA_Clinical/data/raw/kvasir_capsule/osfstorage/labelled_images/Normal clean mucosa/dca1377dec974312_7960.jpg,data/raw/kvasir_capsule/osfstorage/labelled_images/Normal clean mucosa/dca1377dec974312_7960.jpg,True,875683e03ddf61d70973a1fe7c0406bccb5a5721741812e6cb3dbc1fad10a2c5,336,336,\N
/content/drive/MyDrive/MMVQA_Clinical/data/raw/kvasir_capsule/osfstorage/labelled_images/Normal clean mucosa/dca1377dec974312_7990.jpg,data/raw/kvasir_capsule/osfstorage/labelled_images/Normal clean mucosa/dca1377dec974312_7990.jpg,True,8ed55062be8ce85bd7c5b4875b5bc29bf88a392c488af45d7145bf61653452e8,336,336,\N
/content/drive/MyDrive/MMVQA_Clinical/data/raw/kvasir_capsule/osfstorage/labelled_images/Normal clean mucosa/dca1377dec974312_8020.jpg,data/raw/kvasir_capsule/osfstorage/labelled_images/Normal clean mucosa/dca1377dec974312_8020.jpg,True,3b70b00c7e32b9c53fd211b7745805b10e58485cef57e32f446fc6a2581145c3,336,336,\N
/content/drive/MyDrive/MMVQA_Clinical/data/raw/kvasir_capsule/osfstorage/labelled_images/Normal clean mucosa/df6b47bafe5143f5_10021.jpg,data/raw/kvasir_capsule/osfstorage/labelled_images/Normal clean mucosa/df6b47bafe5143f5_10021.jpg,True,00968dadb512490c6be1989180063d83c5ffd70cf96d4274836893ddb59ad575,336,336,\N
/content/drive/MyDrive/MMVQA_Clinical/data/raw/kvasir_capsule/osfstorage/labelled_images/Normal clean mucosa/df6b47bafe5143f5_10051.jpg,data/raw/kvasir_capsule/osfstorage/labelled_images/Normal clean mucosa/df6b47bafe5143f5_10051.jpg,True,c5c0acf4acf63d1f8f360a29314c74b516bacf0fa5fd6cc0b4865c9267836daa,336,336,\N
/content/drive/MyDrive/MMVQA_Clinical/data/raw/kvasir_capsule/osfstorage/labelled_images/Normal clean mucosa/df6b47bafe5143f5_13247.jpg,data/raw/kvasir_capsule/osfstorage/labelled_images/Normal clean mucosa/df6b47bafe5143f5_13247.jpg,True,f3874a09db00965db4765300b1499b28ecb149c0bd50d061000b760616956d21,336,336,\N
/content/drive/MyDrive/MMVQA_Clinical/data/raw/kvasir_capsule/osfstorage/labelled_images/Normal clean mucosa/df6b47bafe5143f5_13277.jpg,data/raw/kvasir_capsule/osfstorage/labelled_images/Normal clean mucosa/df6b47bafe5143f5_13277.jpg,True,be23be946aa55455ab9a20b4332f38e4424863c43f65584338ab355288c1821d,336,336,\N
/content/drive/MyDrive/MMVQA_Clinical/data/raw/kvasir_capsule/osfstorage/labelled_images/Normal clean mucosa/df6b47bafe5143f5_13307.jpg,data/raw/kvasir_capsule/osfstorage/labelled_images/Normal clean mucosa/df6b47bafe5143f5_13307.jpg,True,5948656a67458271526fdfed9016b4029832787d466a9c6212ad023824ad864a,336,336,\N
/content/drive/MyDrive/MMVQA_Clinical/data/raw/kvasir_capsule/osfstorage/labelled_images/Normal clean mucosa/df6b47bafe5143f5_13337.jpg,data/raw/kvasir_capsule/osfstorage/labelled_images/Normal clean mucosa/df6b47bafe5143f5_13337.jpg,True,2c6178fe512e790764c8699481d1cc761ca5bd4c3cffa7448a4a44a8acff588f,336,336,\N
/content/drive/MyDrive/MMVQA_Clinical/data/raw/kvasir_capsule/osfstorage/labelled_images/Normal clean mucosa/df6b47bafe5143f5_13367.jpg,data/raw/kvasir_capsule/osfstorage/labelled_images/Normal clean mucosa/df6b47bafe5143f5_13367.jpg,True,d308f20253950e296703678f2c13cf9dec75bfa1aa40b5f62f3d97d1ee46a818,336,336,\N
/content/drive/MyDrive/MMVQA_Clinical/data/raw/kvasir_capsule/osfstorage/labelled_images/Normal clean mucosa/df6b47bafe5143f5_14273.jpg,data/raw/kvasir_capsule/osfstorage/labelled_images/Normal clean mucosa/df6b47bafe5143f5_14273.jpg,True,bec9d39630018c9039717446ffc0aba9b51aba42ef1a5d99f236c8ec3d8f698d,336,336,\N
/content/drive/MyDrive/MMVQA_Clinical/data/raw/kvasir_capsule/osfstorage/labelled_images/Normal clean mucosa/df6b47bafe5143f5_14303.jpg,data/raw/kvasir_capsule/osfstorage/labelled_images/Normal clean mucosa/df6b47bafe5143f5_14303.jpg,True,0852736660c8d849996ebaeb83fd48bd5e9aaf8e1d5c1d4a1e68b91c41009931,336,336,\N
/content/drive/MyDrive/MMVQA_Clinical/data/raw/kvasir_capsule/osfstorage/labelled_images/Normal clean mucosa/df6b47bafe5143f5_14333.jpg,data/raw/kvasir_capsule/osfstorage/labelled_images/Normal clean mucosa/df6b47bafe5143f5_14333.jpg,True,ec029a1ea9e88c781e3754d16ac0e1e3328a58cafbe24d4c76b0ee0cbcbd5646,336,336,\N
/content/drive/MyDrive/MMVQA_Clinical/data/raw/kvasir_capsule/osfstorage/labelled_images/Normal clean mucosa/df6b47bafe5143f5_14363.jpg,data/raw/kvasir_capsule/osfstorage/labelled_images/Normal clean mucosa/df6b47bafe5143f5_14363.jpg,True,f0b251ff4fb85cc84d59d51db7c0a15523a91452bdae54a515deedbf5d2fd5e3,336,336,\N
/content/drive/MyDrive/MMVQA_Clinical/data/raw/kvasir_capsule/osfstorage/labelled_images/Normal clean mucosa/df6b47bafe5143f5_14393.jpg,data/raw/kvasir_capsule/osfstorage/labelled_images/Normal clean mucosa/df6b47bafe5143f5_14393.jpg,True,8f647ea0fc38fb054de3b66ec914f8c7273b71bd0fee7c867c902cc76c22dec8,336,336,\N
/content/drive/MyDrive/MMVQA_Clinical/data/raw/kvasir_capsule/osfstorage/labelled_images/Normal clean mucosa/df6b47bafe5143f5_2621.jpg,data/raw/kvasir_capsule/osfstorage/labelled_images/Normal clean mucosa/df6b47bafe5143f5_2621.jpg,True,ce56aca7203047bba4ad4d3438ad30afe71fa5b9fb4aa8c7a9d4c34cad799ac5,336,336,\N
/content/drive/MyDrive/MMVQA_Clinical/data/raw/kvasir_capsule/osfstorage/labelled_images/Normal clean mucosa/df6b47bafe5143f5_2651.jpg,data/raw/kvasir_capsule/osfstorage/labelled_images/Normal clean mucosa/df6b47bafe5143f5_2651.jpg,True,b7404b8a423cbc52d62c1343e01d1ed3a36098ae41466c559be1201ab9e07517,336,336,\N
/content/drive/MyDrive/MMVQA_Clinical/data/raw/kvasir_capsule/osfstorage/labelled_images/Normal clean mucosa/df6b47bafe5143f5_2681.jpg,data/raw/kvasir_capsule/osfstorage/labelled_images/Normal clean mucosa/df6b47bafe5143f5_2681.jpg,True,9085021fb398f8b7b57d2bf366ead84d897abea9e3467f40aea58fac5feb2ad1,336,336,\N
/content/drive/MyDrive/MMVQA_Clinical/data/raw/kvasir_capsule/osfstorage/labelled_images/Normal clean mucosa/df6b47bafe5143f5_2711.jpg,data/raw/kvasir_capsule/osfstorage/labelled_images/Normal clean mucosa/df6b47bafe5143f5_2711.jpg,True,20d07fdf8b188d62353e391cd9332216e240ab834db97e01d3e1c37ddffe9281,336,336,\N
/content/drive/MyDrive/MMVQA_Clinical/data/raw/kvasir_capsule/osfstorage/labelled_images/Normal clean mucosa/df6b47bafe5143f5_2741.jpg,data/raw/kvasir_capsule/osfstorage/labelled_images/Normal clean mucosa/df6b47bafe5143f5_2741.jpg,True,20934d703074bee682701769cd0e5b3d8586b5ad7002c265bc910b979df09b12,336,336,\N
/content/drive/MyDrive/MMVQA_Clinical/data/raw/kvasir_capsule/osfstorage/labelled_images/Normal clean mucosa/df6b47bafe5143f5_3926.jpg,data/raw/kvasir_capsule/osfstorage/labelled_images/Normal clean mucosa/df6b47bafe5143f5_3926.jpg,True,0eeaf3203074c22fc13c58ff2170af0c99ba9f6deebc7b4c1cb9475ae27682f3,336,336,\N
/content/drive/MyDrive/MMVQA_Clinical/data/raw/kvasir_capsule/osfstorage/labelled_images/Normal clean mucosa/df6b47bafe5143f5_3956.jpg,data/raw/kvasir_capsule/osfstorage/labelled_images/Normal clean mucosa/df6b47bafe5143f5_3956.jpg,True,0589d51bebcdd0c68ae0b4fe8c5a578c34aa143d2a385d989bc741a18b01a317,336,336,\N
/content/drive/MyDrive/MMVQA_Clinical/data/raw/kvasir_capsule/osfstorage/labelled_images/Normal clean mucosa/df6b47bafe5143f5_3986.jpg,data/raw/kvasir_capsule/osfstorage/labelled_images/Normal clean mucosa/df6b47bafe5143f5_3986.jpg,True,5a9736fcd04fb3f70f44cf60713abffe2e34540a60fe17e37855f9f0755d32d9,336,336,\N
/content/drive/MyDrive/MMVQA_Clinical/data/raw/kvasir_capsule/osfstorage/labelled_images/Normal clean mucosa/df6b47bafe5143f5_8940.jpg,data/raw/kvasir_capsule/osfstorage/labelled_images/Normal clean mucosa/df6b47bafe5143f5_8940.jpg,True,8ccafe1f0b9e214b5c10ff5e5ad674d1e59b39c050a0723fd258297eabe96131,336,336,\N
/content/drive/MyDrive/MMVQA_Clinical/data/raw/kvasir_capsule/osfstorage/labelled_images/Normal clean mucosa/df6b47bafe5143f5_8970.jpg,data/raw/kvasir_capsule/osfstorage/labelled_images/Normal clean mucosa/df6b47bafe5143f5_8970.jpg,True,3396216c5f94caa7ca69cc1f9080e429da978e199f3d15d67d6a373d5748e7c4,336,336,\N
/content/drive/MyDrive/MMVQA_Clinical/data/raw/kvasir_capsule/osfstorage/labelled_images/Normal clean mucosa/df6b47bafe5143f5_9000.jpg,data/raw/kvasir_capsule/osfstorage/labelled_images/Normal clean mucosa/df6b47bafe5143f5_9000.jpg,True,4537344e9767d9edad2563cc0bb54cbf5142f91ca607b830f12d11067a56c0f5,336,336,\N
/content/drive/MyDrive/MMVQA_Clinical/data/raw/kvasir_capsule/osfstorage/labelled_images/Normal clean mucosa/df6b47bafe5143f5_9030.jpg,data/raw/kvasir_capsule/osfstorage/labelled_images/Normal clean mucosa/df6b47bafe5143f5_9030.jpg,True,35b87f58144fb4fc1e35f1a813183db86520c5325fb2f26561093971d57939be,336,336,\N
/content/drive/MyDrive/MMVQA_Clinical/data/raw/kvasir_capsule/osfstorage/labelled_images/Normal clean mucosa/df6b47bafe5143f5_9060.jpg,data/raw/kvasir_capsule/osfstorage/labelled_images/Normal clean mucosa/df6b47bafe5143f5_9060.jpg,True,b6ba9f3b5cf7674c69ec5dae3cb94678fd22ee130acbae1b72873588ec1a872e,336,336,\N
/content/drive/MyDrive/MMVQA_Clinical/data/raw/kvasir_capsule/osfstorage/labelled_images/Normal clean mucosa/df6b47bafe5143f5_9931.jpg,data/raw/kvasir_capsule/osfstorage/labelled_images/Normal clean mucosa/df6b47bafe5143f5_9931.jpg,True,fbc951a3e5987ba445255f3e87c51ea8ed1362faf2cb88cd40792ff326b2ec58,336,336,\N
/content/drive/MyDrive/MMVQA_Clinical/data/raw/kvasir_capsule/osfstorage/labelled_images/Normal clean mucosa/df6b47bafe5143f5_9961.jpg,data/raw/kvasir_capsule/osfstorage/labelled_images/Normal clean mucosa/df6b47bafe5143f5_9961.jpg,True,ed09aab5bd7728a6e7c356ba3b703627b747d248424237a9721162b94f14e58e,336,336,\N
/content/drive/MyDrive/MMVQA_Clinical/data/raw/kvasir_capsule/osfstorage/labelled_images/Normal clean mucosa/df6b47bafe5143f5_9991.jpg,data/raw/kvasir_capsule/osfstorage/labelled_images/Normal clean mucosa/df6b47bafe5143f5_9991.jpg,True,7c83e4a96f7f88026698f1db91a0bdc8c64e5bb42142e99bb3671dc72f154163,336,336,\N
/content/drive/MyDrive/MMVQA_Clinical/data/raw/kvasir_capsule/osfstorage/labelled_images/Normal clean mucosa/eb0203196e284797_3136.jpg,data/raw/kvasir_capsule/osfstorage/labelled_images/Normal clean mucosa/eb0203196e284797_3136.jpg,True,1dc982b3f7550ca495b01139f11dcc652268df3b038324c75636c9a952a28447,336,336,\N
/content/drive/MyDrive/MMVQA_Clinical/data/raw/kvasir_capsule/osfstorage/labelled_images/Normal clean mucosa/eb0203196e284797_3166.jpg,data/raw/kvasir_capsule/osfstorage/labelled_images/Normal clean mucosa/eb0203196e284797_3166.jpg,True,69d917ea6d134844bc755577f5e24fd4f3667f286f6fe1f72bacadc84aa5a6a3,336,336,\N
/content/drive/MyDrive/MMVQA_Clinical/data/raw/kvasir_capsule/osfstorage/labelled_images/Normal clean mucosa/eb0203196e284797_3196.jpg,data/raw/kvasir_capsule/osfstorage/labelled_images/Normal clean mucosa/eb0203196e284797_3196.jpg,True,3c4cf773b218c983475459ce8c2759cbd2879ea1d8d8b2fd35fd3e67354c65b2,336,336,\N
/content/drive/MyDrive/MMVQA_Clinical/data/raw/kvasir_capsule/osfstorage/labelled_images/Normal clean mucosa/eb0203196e284797_3226.jpg,data/raw/kvasir_capsule/osfstorage/labelled_images/Normal clean mucosa/eb0203196e284797_3226.jpg,True,283b69efe2905ce470e21147ba75759c8181018ff612c0cf2bccf985c9d568b5,336,336,\N
/content/drive/MyDrive/MMVQA_Clinical/data/raw/kvasir_capsule/osfstorage/labelled_images/Normal clean mucosa/eb0203196e284797_3256.jpg,data/raw/kvasir_capsule/osfstorage/labelled_images/Normal clean mucosa/eb0203196e284797_3256.jpg,True,a72fa2063f036ef7d1be8e768176b0f42db929cec3dc12e4b3848ae9227d14b1,336,336,\N
/content/drive/MyDrive/MMVQA_Clinical/data/raw/kvasir_capsule/osfstorage/labelled_images/Normal clean mucosa/eb0203196e284797_5889.jpg,data/raw/kvasir_capsule/osfstorage/labelled_images/Normal clean mucosa/eb0203196e284797_5889.jpg,True,d0b9e3883c219cacb88027431ab02c11c36a966556d57ae9400bfdacf65b6b4a,336,336,\N
/content/drive/MyDrive/MMVQA_Clinical/data/raw/kvasir_capsule/osfstorage/labelled_images/Normal clean mucosa/eb0203196e284797_5919.jpg,data/raw/kvasir_capsule/osfstorage/labelled_images/Normal clean mucosa/eb0203196e284797_5919.jpg,True,b821020e3bb67d0da7dd44e026d82f94e6e06b55868c0323d6ca5de74e6291ff,336,336,\N
/content/drive/MyDrive/MMVQA_Clinical/data/raw/kvasir_capsule/osfstorage/labelled_images/Normal clean mucosa/eb0203196e284797_5949.jpg,data/raw/kvasir_capsule/osfstorage/labelled_images/Normal clean mucosa/eb0203196e284797_5949.jpg,True,ec5611a70186d0223c782bd12b254d5e9418feed29f3b7c98200bdea0b869755,336,336,\N
/content/drive/MyDrive/MMVQA_Clinical/data/raw/kvasir_capsule/osfstorage/labelled_images/Normal clean mucosa/eb0203196e284797_5979.jpg,data/raw/kvasir_capsule/osfstorage/labelled_images/Normal clean mucosa/eb0203196e284797_5979.jpg,True,dc861d263c874889adbb5cc869fd284ce310989a6705a37cb69a2487c9d222de,336,336,\N
/content/drive/MyDrive/MMVQA_Clinical/data/raw/kvasir_capsule/osfstorage/labelled_images/Normal clean mucosa/eb0203196e284797_6009.jpg,data/raw/kvasir_capsule/osfstorage/labelled_images/Normal clean mucosa/eb0203196e284797_6009.jpg,True,9bc071c28040667ec77232488c8d5e97482c5e0bce5deb5c795b07afc56a7ee6,336,336,\N
/content/drive/MyDrive/MMVQA_Clinical/data/raw/kvasir_capsule/osfstorage/labelled_images/Normal clean mucosa/eb0203196e284797_7033.jpg,data/raw/kvasir_capsule/osfstorage/labelled_images/Normal clean mucosa/eb0203196e284797_7033.jpg,True,8836f327db9c427d52a714a36dd310e3555865ea142c01d0a162b4381896a123,336,336,\N
/content/drive/MyDrive/MMVQA_Clinical/data/raw/kvasir_capsule/osfstorage/labelled_images/Normal clean mucosa/eb0203196e284797_7063.jpg,data/raw/kvasir_capsule/osfstorage/labelled_images/Normal clean mucosa/eb0203196e284797_7063.jpg,True,e29353f87d7ede0ba1f94ccf1297e0cfbe2d58aab89eea1f7419dd4587fbdb2b,336,336,\N
/content/drive/MyDrive/MMVQA_Clinical/data/raw/kvasir_capsule/osfstorage/labelled_images/Normal clean mucosa/eb0203196e284797_7093.jpg,data/raw/kvasir_capsule/osfstorage/labelled_images/Normal clean mucosa/eb0203196e284797_7093.jpg,True,097a418569c22283f60a0ef9f2db2559d7ff7384c265b0ef7c99c2a1b00f577a,336,336,\N
/content/drive/MyDrive/MMVQA_Clinical/data/raw/kvasir_capsule/osfstorage/labelled_images/Normal clean mucosa/eb0203196e284797_7123.jpg,data/raw/kvasir_capsule/osfstorage/labelled_images/Normal clean mucosa/eb0203196e284797_7123.jpg,True,19cfcfdda066fefa5528ee61f057cf038b0c57b3a1d93c84fd32493850becdba,336,336,\N
/content/drive/MyDrive/MMVQA_Clinical/data/raw/kvasir_capsule/osfstorage/labelled_images/Normal clean mucosa/eb0203196e284797_7153.jpg,data/raw/kvasir_capsule/osfstorage/labelled_images/Normal clean mucosa/eb0203196e284797_7153.jpg,True,d9eb1efa2e0c589988eb5886d6bae57cdc491ad10f4c30df12a1d1bb75f8dbc6,336,336,\N
/content/drive/MyDrive/MMVQA_Clinical/data/raw/kvasir_capsule/osfstorage/labelled_images/Normal clean mucosa/ed02f27ef36f483e_13934.jpg,data/raw/kvasir_capsule/osfstorage/labelled_images/Normal clean mucosa/ed02f27ef36f483e_13934.jpg,True,09fa3238f985aeb6a8e7335f95c9c6fcb2cb8caa89334413f63cf4dfdc75a001,336,336,\N
/content/drive/MyDrive/MMVQA_Clinical/data/raw/kvasir_capsule/osfstorage/labelled_images/Normal clean mucosa/ed02f27ef36f483e_13964.jpg,data/raw/kvasir_capsule/osfstorage/labelled_images/Normal clean mucosa/ed02f27ef36f483e_13964.jpg,True,46808b27a82d5ff1596cd5da7d969971eabfc8f556e225dd88eeb2d1e8cede03,336,336,\N
/content/drive/MyDrive/MMVQA_Clinical/data/raw/kvasir_capsule/osfstorage/labelled_images/Normal clean mucosa/ed02f27ef36f483e_13994.jpg,data/raw/kvasir_capsule/osfstorage/labelled_images/Normal clean mucosa/ed02f27ef36f483e_13994.jpg,True,ae081b6380c53089c09c9df426dc12ae8d43208ee358678dd8f1d9cc24dca43f,336,336,\N
/content/drive/MyDrive/MMVQA_Clinical/data/raw/kvasir_capsule/osfstorage/labelled_images/Normal clean mucosa/ed02f27ef36f483e_14024.jpg,data/raw/kvasir_capsule/osfstorage/labelled_images/Normal clean mucosa/ed02f27ef36f483e_14024.jpg,True,5c9dab1b3effe5bfc390f0bf23145d06a3fbb20d28c3e1b16453aea17bd0d5bf,336,336,\N
/content/drive/MyDrive/MMVQA_Clinical/data/raw/kvasir_capsule/osfstorage/labelled_images/Normal clean mucosa/ed02f27ef36f483e_14054.jpg,data/raw/kvasir_capsule/osfstorage/labelled_images/Normal clean mucosa/ed02f27ef36f483e_14054.jpg,True,19941f516bf368866f2c443b014b806140326ab447479df93fa92f07d2491b42,336,336,\N
/content/drive/MyDrive/MMVQA_Clinical/data/raw/kvasir_capsule/osfstorage/labelled_images/Normal clean mucosa/fb86bc87d3874cd7_10523.jpg,data/raw/kvasir_capsule/osfstorage/labelled_images/Normal clean mucosa/fb86bc87d3874cd7_10523.jpg,True,46372661648e88c1d806f5332d4e401a7fe2cbe18974ba9006f53c053dc60d28,336,336,\N
/content/drive/MyDrive/MMVQA_Clinical/data/raw/kvasir_capsule/osfstorage/labelled_images/Normal clean mucosa/fb86bc87d3874cd7_10553.jpg,data/raw/kvasir_capsule/osfstorage/labelled_images/Normal clean mucosa/fb86bc87d3874cd7_10553.jpg,True,06319c0524ff1378693743ea60f277d989aed33501eb59c5931ab610e53342d3,336,336,\N
/content/drive/MyDrive/MMVQA_Clinical/data/raw/kvasir_capsule/osfstorage/labelled_images/Normal clean mucosa/fb86bc87d3874cd7_10583.jpg,data/raw/kvasir_capsule/osfstorage/labelled_images/Normal clean mucosa/fb86bc87d3874cd7_10583.jpg,True,e9f9b0e7e3bec7ee7b9f4a62b831c08f55c6742bb253eaef250227e07d0aa1d7,336,336,\N
/content/drive/MyDrive/MMVQA_Clinical/data/raw/kvasir_capsule/osfstorage/labelled_images/Normal clean mucosa/fb86bc87d3874cd7_10613.jpg,data/raw/kvasir_capsule/osfstorage/labelled_images/Normal clean mucosa/fb86bc87d3874cd7_10613.jpg,True,b4786f0fb8d2439ff48fdc96fa521a23df5a23016383d5e2f681ffc1e05286af,336,336,\N
/content/drive/MyDrive/MMVQA_Clinical/data/raw/kvasir_capsule/osfstorage/labelled_images/Normal clean mucosa/fb86bc87d3874cd7_10643.jpg,data/raw/kvasir_capsule/osfstorage/labelled_images/Normal clean mucosa/fb86bc87d3874cd7_10643.jpg,True,62ff6b8869698f00cafdbe43fca55abdbdc0f9e6ab8a56622b26246275cf5766,336,336,\N
/content/drive/MyDrive/MMVQA_Clinical/data/raw/kvasir_capsule/osfstorage/labelled_images/Normal clean mucosa/fb86bc87d3874cd7_12397.jpg,data/raw/kvasir_capsule/osfstorage/labelled_images/Normal clean mucosa/fb86bc87d3874cd7_12397.jpg,True,dfb0c099a8a970f2536e322108565ded7277d022bef858fadc2720f8e00a45cf,336,336,\N
/content/drive/MyDrive/MMVQA_Clinical/data/raw/kvasir_capsule/osfstorage/labelled_images/Normal clean mucosa/fb86bc87d3874cd7_12427.jpg,data/raw/kvasir_capsule/osfstorage/labelled_images/Normal clean mucosa/fb86bc87d3874cd7_12427.jpg,True,577ae16858dfbd986d308d6d002c6912427e8b5cb5b9783cad7bb8612bb3ff5c,336,336,\N
/content/drive/MyDrive/MMVQA_Clinical/data/raw/kvasir_capsule/osfstorage/labelled_images/Normal clean mucosa/fb86bc87d3874cd7_12457.jpg,data/raw/kvasir_capsule/osfstorage/labelled_images/Normal clean mucosa/fb86bc87d3874cd7_12457.jpg,True,11cff66ac42787cf0bf300dc7b286167f9707b5c72adb96bc30e74d23daaacea,336,336,\N
/content/drive/MyDrive/MMVQA_Clinical/data/raw/kvasir_capsule/osfstorage/labelled_images/Normal clean mucosa/fb86bc87d3874cd7_13356.jpg,data/raw/kvasir_capsule/osfstorage/labelled_images/Normal clean mucosa/fb86bc87d3874cd7_13356.jpg,True,208aefcfc3f0b8c004b1b842af21c7224fa8d9356e375439740cc0293c02eb1f,336,336,\N
/content/drive/MyDrive/MMVQA_Clinical/data/raw/kvasir_capsule/osfstorage/labelled_images/Normal clean mucosa/fb86bc87d3874cd7_13386.jpg,data/raw/kvasir_capsule/osfstorage/labelled_images/Normal clean mucosa/fb86bc87d3874cd7_13386.jpg,True,ae7e2d1c3a77f145423a5fbb0b5eabd977e0c7e3a99a94de5d2c6a9cbbe56274,336,336,\N
/content/drive/MyDrive/MMVQA_Clinical/data/raw/kvasir_capsule/osfstorage/labelled_images/Normal clean mucosa/fb86bc87d3874cd7_13416.jpg,data/raw/kvasir_capsule/osfstorage/labelled_images/Normal clean mucosa/fb86bc87d3874cd7_13416.jpg,True,d32cabacc97c8bd0f07fc9d1fc2cc7835497293c09d9cd73e4f902b03db676b9,336,336,\N
/content/drive/MyDrive/MMVQA_Clinical/data/raw/kvasir_capsule/osfstorage/labelled_images/Normal clean mucosa/fb86bc87d3874cd7_13446.jpg,data/raw/kvasir_capsule/osfstorage/labelled_images/Normal clean mucosa/fb86bc87d3874cd7_13446.jpg,True,e8016921c36e3e7fdb16d2506e8c100e76ba9b4688461e4a7819862659530087,336,336,\N
/content/drive/MyDrive/MMVQA_Clinical/data/raw/kvasir_capsule/osfstorage/labelled_images/Normal clean mucosa/fb86bc87d3874cd7_13476.jpg,data/raw/kvasir_capsule/osfstorage/labelled_images/Normal clean mucosa/fb86bc87d3874cd7_13476.jpg,True,8fc81b052b1463f4790be1e4b97854435e37593f257a26c8b33c87206c7f5bcf,336,336,\N
/content/drive/MyDrive/MMVQA_Clinical/data/raw/kvasir_capsule/osfstorage/labelled_images/Normal clean mucosa/fb86bc87d3874cd7_25225.jpg,data/raw/kvasir_capsule/osfstorage/labelled_images/Normal clean mucosa/fb86bc87d3874cd7_25225.jpg,True,7fb75b1b47a97d610931d2965f20bf9430e11e4f2a7c5d70c3e35509dce9538c,336,336,\N
/content/drive/MyDrive/MMVQA_Clinical/data/raw/kvasir_capsule/osfstorage/labelled_images/Normal clean mucosa/fb86bc87d3874cd7_25255.jpg,data/raw/kvasir_capsule/osfstorage/labelled_images/Normal clean mucosa/fb86bc87d3874cd7_25255.jpg,True,19a590b6ce6b2b059a15da982e1f3bdbceb3512d71caf3a43e72cf9fb38430d0,336,336,\N
/content/drive/MyDrive/MMVQA_Clinical/data/raw/kvasir_capsule/osfstorage/labelled_images/Normal clean mucosa/fb86bc87d3874cd7_25285.jpg,data/raw/kvasir_capsule/osfstorage/labelled_images/Normal clean mucosa/fb86bc87d3874cd7_25285.jpg,True,4a5e769329f2afde4bea5617d02c37e3199ad6ad5ba102633fe6053490e7e481,336,336,\N
/content/drive/MyDrive/MMVQA_Clinical/data/raw/kvasir_capsule/osfstorage/labelled_images/Normal clean mucosa/fb86bc87d3874cd7_25315.jpg,data/raw/kvasir_capsule/osfstorage/labelled_images/Normal clean mucosa/fb86bc87d3874cd7_25315.jpg,True,696f38f240e731c3098bd81abf5e4e16429a19e533e9c02a814297b2c9a3046f,336,336,\N
/content/drive/MyDrive/MMVQA_Clinical/data/raw/kvasir_capsule/osfstorage/labelled_images/Normal clean mucosa/fb86bc87d3874cd7_25345.jpg,data/raw/kvasir_capsule/osfstorage/labelled_images/Normal clean mucosa/fb86bc87d3874cd7_25345.jpg,True,ead71b165d70c8aee0d4125a768bb4df29a139281b223ab0207fda68a775bab2,336,336,\N
/content/drive/MyDrive/MMVQA_Clinical/data/raw/kvasir_capsule/osfstorage/labelled_images/Normal clean mucosa/fb86bc87d3874cd7_30528.jpg,data/raw/kvasir_capsule/osfstorage/labelled_images/Normal clean mucosa/fb86bc87d3874cd7_30528.jpg,True,8aad7aef1b3595f77ac3ca201d4295a89c74fa80e1f332202571ba2c06dc1e0e,336,336,\N
/content/drive/MyDrive/MMVQA_Clinical/data/raw/kvasir_capsule/osfstorage/labelled_images/Normal clean mucosa/fb86bc87d3874cd7_30558.jpg,data/raw/kvasir_capsule/osfstorage/labelled_images/Normal clean mucosa/fb86bc87d3874cd7_30558.jpg,True,730d25bfec11bf8a68acc2e79f7c2b7e6f7d5d0aa6e695e675f5555a486fa229,336,336,\N
/content/drive/MyDrive/MMVQA_Clinical/data/raw/kvasir_capsule/osfstorage/labelled_images/Normal clean mucosa/fb86bc87d3874cd7_30588.jpg,data/raw/kvasir_capsule/osfstorage/labelled_images/Normal clean mucosa/fb86bc87d3874cd7_30588.jpg,True,5438dc3c8ffb1b239e1d228720493375c4bf06036558c5a5f9dee04832fb5d97,336,336,\N
/content/drive/MyDrive/MMVQA_Clinical/data/raw/kvasir_capsule/osfstorage/labelled_images/Normal clean mucosa/fb86bc87d3874cd7_30618.jpg,data/raw/kvasir_capsule/osfstorage/labelled_images/Normal clean mucosa/fb86bc87d3874cd7_30618.jpg,True,c2c5815bf77c1c03421a7417b34397e769029bb112be524cd57d63eea6c24b29,336,336,\N
/content/drive/MyDrive/MMVQA_Clinical/data/raw/kvasir_capsule/osfstorage/labelled_images/Normal clean mucosa/fb86bc87d3874cd7_30648.jpg,data/raw/kvasir_capsule/osfstorage/labelled_images/Normal clean mucosa/fb86bc87d3874cd7_30648.jpg,True,db25d5a22d2a4b633f00ed50b49d1776f2bf2c6be59efe489df676a3c1d23bf6,336,336,\N
/content/drive/MyDrive/MMVQA_Clinical/data/raw/kvasir_capsule/osfstorage/labelled_images/Normal clean mucosa/fb86bc87d3874cd7_5285.jpg,data/raw/kvasir_capsule/osfstorage/labelled_images/Normal clean mucosa/fb86bc87d3874cd7_5285.jpg,True,9299412129f1cee138d8f345efbb1d1ba1a9f52d0f1854418bf57f4ecf2c7245,336,336,\N
/content/drive/MyDrive/MMVQA_Clinical/data/raw/kvasir_capsule/osfstorage/labelled_images/Normal clean mucosa/fb86bc87d3874cd7_5315.jpg,data/raw/kvasir_capsule/osfstorage/labelled_images/Normal clean mucosa/fb86bc87d3874cd7_5315.jpg,True,843831c3a5e32510b9843929553050e42d2e3d623721bfbeb77265bff9661318,336,336,\N
/content/drive/MyDrive/MMVQA_Clinical/data/raw/kvasir_capsule/osfstorage/labelled_images/Normal clean mucosa/fb86bc87d3874cd7_5345.jpg,data/raw/kvasir_capsule/osfstorage/labelled_images/Normal clean mucosa/fb86bc87d3874cd7_5345.jpg,True,6963fe2be073081704647ebb6f374d8be909d8bc6cab29b006f1f23273d3f79e,336,336,\N
/content/drive/MyDrive/MMVQA_Clinical/data/raw/kvasir_capsule/osfstorage/labelled_images/Normal clean mucosa/fb86bc87d3874cd7_6216.jpg,data/raw/kvasir_capsule/osfstorage/labelled_images/Normal clean mucosa/fb86bc87d3874cd7_6216.jpg,True,959480bc0594d87f306898bda0bd25c53bd60544ebfbb433b45e2d8d4af594a3,336,336,\N
/content/drive/MyDrive/MMVQA_Clinical/data/raw/kvasir_capsule/osfstorage/labelled_images/Normal clean mucosa/fb86bc87d3874cd7_6246.jpg,data/raw/kvasir_capsule/osfstorage/labelled_images/Normal clean mucosa/fb86bc87d3874cd7_6246.jpg,True,72bd14b61078331a8719614bb80bd6f832af942ed44cbd639c9f341df494e75c,336,336,\N
/content/drive/MyDrive/MMVQA_Clinical/data/raw/kvasir_capsule/osfstorage/labelled_images/Normal clean mucosa/fb86bc87d3874cd7_7221.jpg,data/raw/kvasir_capsule/osfstorage/labelled_images/Normal clean mucosa/fb86bc87d3874cd7_7221.jpg,True,95c205820b763b45a727e4212318c19e9a70c6263162d78648800ebb30ff2c94,336,336,\N
/content/drive/MyDrive/MMVQA_Clinical/data/raw/kvasir_capsule/osfstorage/labelled_images/Normal clean mucosa/fb86bc87d3874cd7_7251.jpg,data/raw/kvasir_capsule/osfstorage/labelled_images/Normal clean mucosa/fb86bc87d3874cd7_7251.jpg,True,9860644bb6d8bf05f1e19574d09338810ad713c2b5d419875e80b8046f335b51,336,336,\N
/content/drive/MyDrive/MMVQA_Clinical/data/raw/kvasir_capsule/osfstorage/labelled_images/Normal clean mucosa/fb86bc87d3874cd7_7281.jpg,data/raw/kvasir_capsule/osfstorage/labelled_images/Normal clean mucosa/fb86bc87d3874cd7_7281.jpg,True,0a374a53717ed6248030db54c9b5055bb51d48d618807f82a47c3bd13b35d181,336,336,\N
/content/drive/MyDrive/MMVQA_Clinical/data/raw/kvasir_capsule/osfstorage/labelled_images/Normal clean mucosa/fb86bc87d3874cd7_7311.jpg,data/raw/kvasir_capsule/osfstorage/labelled_images/Normal clean mucosa/fb86bc87d3874cd7_7311.jpg,True,e7445c7b816d977b44d5dc7a6ce859fd7e6da26156466f31455bcce103760522,336,336,\N
/content/drive/MyDrive/MMVQA_Clinical/data/raw/kvasir_capsule/osfstorage/labelled_images/Normal clean mucosa/fb86bc87d3874cd7_7341.jpg,data/raw/kvasir_capsule/osfstorage/labelled_images/Normal clean mucosa/fb86bc87d3874cd7_7341.jpg,True,228f178d04f94d6e2c79590bfbcae1ff79e0b68dedb8ca9788973af8cb0abf8e,336,336,\N
/content/drive/MyDrive/MMVQA_Clinical/data/raw/kvasir_capsule/osfstorage/labelled_images/Normal clean mucosa/fb86bc87d3874cd7_8667.jpg,data/raw/kvasir_capsule/osfstorage/labelled_images/Normal clean mucosa/fb86bc87d3874cd7_8667.jpg,True,f1d4957c88674d0155fbd4afb25c1be0abf0292490406ea549b248116a56b1da,336,336,\N
/content/drive/MyDrive/MMVQA_Clinical/data/raw/kvasir_capsule/osfstorage/labelled_images/Normal clean mucosa/fb86bc87d3874cd7_8697.jpg,data/raw/kvasir_capsule/osfstorage/labelled_images/Normal clean mucosa/fb86bc87d3874cd7_8697.jpg,True,dfba45e1db2d7ca735e14917b27030313234339e59a61c0d5d68fcd04d49f8ed,336,336,\N
/content/drive/MyDrive/MMVQA_Clinical/data/raw/kvasir_capsule/osfstorage/labelled_images/Normal clean mucosa/fb86bc87d3874cd7_8727.jpg,data/raw/kvasir_capsule/osfstorage/labelled_images/Normal clean mucosa/fb86bc87d3874cd7_8727.jpg,True,4daf460caa5a111766df8ce4ea6bf39d82917b927da9a32c49f073819b6a7926,336,336,\N
/content/drive/MyDrive/MMVQA_Clinical/data/raw/kvasir_capsule/osfstorage/labelled_images/Normal clean mucosa/fb86bc87d3874cd7_8757.jpg,data/raw/kvasir_capsule/osfstorage/labelled_images/Normal clean mucosa/fb86bc87d3874cd7_8757.jpg,True,c36296e43e6593016f62257b35e3e2809503b86ee63431c511d395a6bc702e8c,336,336,\N
/content/drive/MyDrive/MMVQA_Clinical/data/raw/kvasir_capsule/osfstorage/labelled_images/Normal clean mucosa/fb86bc87d3874cd7_8787.jpg,data/raw/kvasir_capsule/osfstorage/labelled_images/Normal clean mucosa/fb86bc87d3874cd7_8787.jpg,True,2661b61b5297a17f0b87e93cb09d8b05206f9c3cf7f8250a40ade309e2223aed,336,336,\N
/content/drive/MyDrive/MMVQA_Clinical/data/raw/kvasir_capsule/osfstorage/labelled_images/Normal clean mucosa/fc32def0e7194981_13700.jpg,data/raw/kvasir_capsule/osfstorage/labelled_images/Normal clean mucosa/fc32def0e7194981_13700.jpg,True,4b281aa0d8e4a7e50f878d0bd14df4be0681ee4ab7b5434c768bcc91408aadc2,336,336,\N
/content/drive/MyDrive/MMVQA_Clinical/data/raw/kvasir_capsule/osfstorage/labelled_images/Normal clean mucosa/fc32def0e7194981_13730.jpg,data/raw/kvasir_capsule/osfstorage/labelled_images/Normal clean mucosa/fc32def0e7194981_13730.jpg,True,94be36cb39e8ca90a1275078d58678231f213fe92f8d03e98ad5dc2e000ade1f,336,336,\N
/content/drive/MyDrive/MMVQA_Clinical/data/raw/kvasir_capsule/osfstorage/labelled_images/Normal clean mucosa/fc32def0e7194981_13760.jpg,data/raw/kvasir_capsule/osfstorage/labelled_images/Normal clean mucosa/fc32def0e7194981_13760.jpg,True,b63f64e4565b815960a691ef7bc0339734a95a84807960fbcfc741adf060cf08,336,336,\N
/content/drive/MyDrive/MMVQA_Clinical/data/raw/kvasir_capsule/osfstorage/labelled_images/Normal clean mucosa/fc32def0e7194981_13790.jpg,data/raw/kvasir_capsule/osfstorage/labelled_images/Normal clean mucosa/fc32def0e7194981_13790.jpg,True,7259b9f9d1d4eaf7448f6a297ef6fcbd0c1e1fed40f24838903d348ce6587491,336,336,\N
/content/drive/MyDrive/MMVQA_Clinical/data/raw/kvasir_capsule/osfstorage/labelled_images/Normal clean mucosa/fc32def0e7194981_13820.jpg,data/raw/kvasir_capsule/osfstorage/labelled_images/Normal clean mucosa/fc32def0e7194981_13820.jpg,True,3d72239658e2aee810657de074bc3d3096ca37c6cdbaaf6d8a491b4c7a5fd264,336,336,\N
/content/drive/MyDrive/MMVQA_Clinical/data/raw/kvasir_capsule/osfstorage/labelled_images/Normal clean mucosa/fc32def0e7194981_22337.jpg,data/raw/kvasir_capsule/osfstorage/labelled_images/Normal clean mucosa/fc32def0e7194981_22337.jpg,True,71ab501df9b7d6fe467eafdd0aa47c7430e71e82f288ea6ee55fc53ac85a4160,336,336,\N
/content/drive/MyDrive/MMVQA_Clinical/data/raw/kvasir_capsule/osfstorage/labelled_images/Normal clean mucosa/fc32def0e7194981_22367.jpg,data/raw/kvasir_capsule/osfstorage/labelled_images/Normal clean mucosa/fc32def0e7194981_22367.jpg,True,f1b14a6de49df48de12fba8457b8ca94a6e2171235859a8a8e8c54f7869c4ade,336,336,\N
/content/drive/MyDrive/MMVQA_Clinical/data/raw/kvasir_capsule/osfstorage/labelled_images/Normal clean mucosa/fc32def0e7194981_22397.jpg,data/raw/kvasir_capsule/osfstorage/labelled_images/Normal clean mucosa/fc32def0e7194981_22397.jpg,True,dfc8821e9b7eb508cc4b67484e786ac70f0d29cdc31f088832451fe4fda84b32,336,336,\N
/content/drive/MyDrive/MMVQA_Clinical/data/raw/kvasir_capsule/osfstorage/labelled_images/Normal clean mucosa/fc32def0e7194981_22427.jpg,data/raw/kvasir_capsule/osfstorage/labelled_images/Normal clean mucosa/fc32def0e7194981_22427.jpg,True,47ed79557f7e9ba560f71c9be97e440087b5c74e0f43ad08d5aac10dc8af0e82,336,336,\N
/content/drive/MyDrive/MMVQA_Clinical/data/raw/kvasir_capsule/osfstorage/labelled_images/Normal clean mucosa/fc32def0e7194981_22457.jpg,data/raw/kvasir_capsule/osfstorage/labelled_images/Normal clean mucosa/fc32def0e7194981_22457.jpg,True,a4d6538cb70956e98f09523e9224f44e6c2281badd22a5ac39d95029e15508a8,336,336,\N
/content/drive/MyDrive/MMVQA_Clinical/data/raw/kvasir_capsule/osfstorage/labelled_images/Normal clean mucosa/fc32def0e7194981_31316.jpg,data/raw/kvasir_capsule/osfstorage/labelled_images/Normal clean mucosa/fc32def0e7194981_31316.jpg,True,c6ddcf6849d6d297e3e84a987f3a2d3c021a1acc9e32129ad2c5d44afb18598d,336,336,\N
/content/drive/MyDrive/MMVQA_Clinical/data/raw/kvasir_capsule/osfstorage/labelled_images/Normal clean mucosa/fc32def0e7194981_31346.jpg,data/raw/kvasir_capsule/osfstorage/labelled_images/Normal clean mucosa/fc32def0e7194981_31346.jpg,True,c6950d45cd1bd06bd3cc7abb3fb56639db860adef86b08daff2b3ad113149b7d,336,336,\N
/content/drive/MyDrive/MMVQA_Clinical/data/raw/kvasir_capsule/osfstorage/labelled_images/Normal clean mucosa/fc32def0e7194981_31376.jpg,data/raw/kvasir_capsule/osfstorage/labelled_images/Normal clean mucosa/fc32def0e7194981_31376.jpg,True,025691294e4eaee928091e44b91af1c8c9e980714649e0e346cb2362f26d4f35,336,336,\N
/content/drive/MyDrive/MMVQA_Clinical/data/raw/kvasir_capsule/osfstorage/labelled_images/Normal clean mucosa/fc32def0e7194981_31406.jpg,data/raw/kvasir_capsule/osfstorage/labelled_images/Normal clean mucosa/fc32def0e7194981_31406.jpg,True,bfd45224e6a210e067897f91dccae44d7456c6a5684021ba805e517bdda08649,336,336,\N
/content/drive/MyDrive/MMVQA_Clinical/data/raw/kvasir_capsule/osfstorage/labelled_images/Normal clean mucosa/fc32def0e7194981_31436.jpg,data/raw/kvasir_capsule/osfstorage/labelled_images/Normal clean mucosa/fc32def0e7194981_31436.jpg,True,2097434e22e1f76fdba93d5da1e75aa391bf222f0043466caed955d8041f31a3,336,336,\N
/content/drive/MyDrive/MMVQA_Clinical/data/raw/kvasir_capsule/osfstorage/labelled_images/Normal clean mucosa/fc32def0e7194981_58475.jpg,data/raw/kvasir_capsule/osfstorage/labelled_images/Normal clean mucosa/fc32def0e7194981_58475.jpg,True,c77fa7094554b46a8dc69e229d625ddf9b2013feb0e9ceb2199d13d7db7816b6,336,336,\N
/content/drive/MyDrive/MMVQA_Clinical/data/raw/kvasir_capsule/osfstorage/labelled_images/Normal clean mucosa/fc32def0e7194981_58505.jpg,data/raw/kvasir_capsule/osfstorage/labelled_images/Normal clean mucosa/fc32def0e7194981_58505.jpg,True,ec2ca3d4f4336dceded1215fc88196d73b702a065b2484334c44add17fb81cdc,336,336,\N
/content/drive/MyDrive/MMVQA_Clinical/data/raw/kvasir_capsule/osfstorage/labelled_images/Normal clean mucosa/fc32def0e7194981_58535.jpg,data/raw/kvasir_capsule/osfstorage/labelled_images/Normal clean mucosa/fc32def0e7194981_58535.jpg,True,e21b245284d3544bafa22b68ae57044a7746b6fa5bd04713d2027a03e5bf194b,336,336,\N
/content/drive/MyDrive/MMVQA_Clinical/data/raw/kvasir_capsule/osfstorage/labelled_images/Normal clean mucosa/fc32def0e7194981_58565.jpg,data/raw/kvasir_capsule/osfstorage/labelled_images/Normal clean mucosa/fc32def0e7194981_58565.jpg,True,98d5df8ddf3c87744b6acc42b2c63759f15f491da6786a5538000ee42044d1db,336,336,\N
/content/drive/MyDrive/MMVQA_Clinical/data/raw/kvasir_capsule/osfstorage/labelled_images/Normal clean mucosa/fc32def0e7194981_58595.jpg,data/raw/kvasir_capsule/osfstorage/labelled_images/Normal clean mucosa/fc32def0e7194981_58595.jpg,True,1aefcbcdb6020be9a2bfa554e783e38ff68b73fc5f9fc8954a1b249e9c5b5aae,336,336,\N
/content/drive/MyDrive/MMVQA_Clinical/data/raw/kvasir_capsule/osfstorage/labelled_images/Normal clean mucosa/fe5d372e43f94f68_2456.jpg,data/raw/kvasir_capsule/osfstorage/labelled_images/Normal clean mucosa/fe5d372e43f94f68_2456.jpg,True,f3658a8900b18ceb589cb9c2e2a6d714bc0cb292a0ba01b233da932012306347,336,336,\N
/content/drive/MyDrive/MMVQA_Clinical/data/raw/kvasir_capsule/osfstorage/labelled_images/Normal clean mucosa/fe5d372e43f94f68_2486.jpg,data/raw/kvasir_capsule/osfstorage/labelled_images/Normal clean mucosa/fe5d372e43f94f68_2486.jpg,True,757728fe72ab54c2b4e1c1d8e4a70107a362037a64175fe085ab570fe3a60675,336,336,\N
/content/drive/MyDrive/MMVQA_Clinical/data/raw/kvasir_capsule/osfstorage/labelled_images/Normal clean mucosa/fe5d372e43f94f68_2516.jpg,data/raw/kvasir_capsule/osfstorage/labelled_images/Normal clean mucosa/fe5d372e43f94f68_2516.jpg,True,f351b0757a0ae9210d0346133a87bbf0b10765152f6be0d6720e69ef04589175,336,336,\N
/content/drive/MyDrive/MMVQA_Clinical/data/raw/kvasir_capsule/osfstorage/labelled_images/Normal clean mucosa/fe5d372e43f94f68_2546.jpg,data/raw/kvasir_capsule/osfstorage/labelled_images/Normal clean mucosa/fe5d372e43f94f68_2546.jpg,True,47cd4b5e3e7dfa0d98e40a10382d23ea78c44d4d2a10bb4a7d6eebab1ff22ae0,336,336,\N
/content/drive/MyDrive/MMVQA_Clinical/data/raw/kvasir_capsule/osfstorage/labelled_images/Normal clean mucosa/fe5d372e43f94f68_2576.jpg,data/raw/kvasir_capsule/osfstorage/labelled_images/Normal clean mucosa/fe5d372e43f94f68_2576.jpg,True,eaca11c8604122703d04f71f020033678700d443210319b7c07299925924f899,336,336,\N
/content/drive/MyDrive/MMVQA_Clinical/data/raw/kvasir_capsule/osfstorage/labelled_images/Polyp/131368cc17e44240_28971.jpg,data/raw/kvasir_capsule/osfstorage/labelled_images/Polyp/131368cc17e44240_28971.jpg,True,0504444620a1a1bbbfd6693737966d49623746e6a0032e1afe5bf88b8b5f72db,336,336,\N
/content/drive/MyDrive/MMVQA_Clinical/data/raw/kvasir_capsule/osfstorage/labelled_images/Polyp/131368cc17e44240_28975.jpg,data/raw/kvasir_capsule/osfstorage/labelled_images/Polyp/131368cc17e44240_28975.jpg,True,df6205d77160d00269899f29d21d2311e7e6c6786e5efa710940a89e5ab0257c,336,336,\N
/content/drive/MyDrive/MMVQA_Clinical/data/raw/kvasir_capsule/osfstorage/labelled_images/Polyp/131368cc17e44240_29001.jpg,data/raw/kvasir_capsule/osfstorage/labelled_images/Polyp/131368cc17e44240_29001.jpg,True,8ff33b189a3de435ad88f68282569b0ac6775dc1a56ea3b8bd0cf25096881b94,336,336,\N
/content/drive/MyDrive/MMVQA_Clinical/data/raw/kvasir_capsule/osfstorage/labelled_images/Polyp/131368cc17e44240_29005.jpg,data/raw/kvasir_capsule/osfstorage/labelled_images/Polyp/131368cc17e44240_29005.jpg,True,4156162eec3d915a4309e8a6508d3730919f41b106a7a308ed9ae1baddba9305,336,336,\N
/content/drive/MyDrive/MMVQA_Clinical/data/raw/kvasir_capsule/osfstorage/labelled_images/Pylorus/04a78ef00c5245e0_11816.jpg,data/raw/kvasir_capsule/osfstorage/labelled_images/Pylorus/04a78ef00c5245e0_11816.jpg,True,76f751278a5097777954453ed989d6845757e077d1c6e80f03c4cee538ecfbec,336,336,\N
/content/drive/MyDrive/MMVQA_Clinical/data/raw/kvasir_capsule/osfstorage/labelled_images/Pylorus/04a78ef00c5245e0_11821.jpg,data/raw/kvasir_capsule/osfstorage/labelled_images/Pylorus/04a78ef00c5245e0_11821.jpg,True,cd045067956d65de79a44f14a478d8c90735e8183734535782d45e3cd4584418,336,336,\N
/content/drive/MyDrive/MMVQA_Clinical/data/raw/kvasir_capsule/osfstorage/labelled_images/Pylorus/04a78ef00c5245e0_11865.jpg,data/raw/kvasir_capsule/osfstorage/labelled_images/Pylorus/04a78ef00c5245e0_11865.jpg,True,1643273aea2654a34f7cfaf1a5f6472b50197d1880d8a1be59c38fbac0d13b77,336,336,\N
/content/drive/MyDrive/MMVQA_Clinical/data/raw/kvasir_capsule/osfstorage/labelled_images/Pylorus/04a78ef00c5245e0_11876.jpg,data/raw/kvasir_capsule/osfstorage/labelled_images/Pylorus/04a78ef00c5245e0_11876.jpg,True,5ffbaf5ec039634a92f2a1d7849554a4b1b15b9c3d5cb32748972ae2c3ca78bd,336,336,\N
/content/drive/MyDrive/MMVQA_Clinical/data/raw/kvasir_capsule/osfstorage/labelled_images/Pylorus/0531325b64674948_3426.jpg,data/raw/kvasir_capsule/osfstorage/labelled_images/Pylorus/0531325b64674948_3426.jpg,True,987639813d6ce5ad631571b28bbbd18d93f691be09529e68c52bc78516c74270,336,336,\N
/content/drive/MyDrive/MMVQA_Clinical/data/raw/kvasir_capsule/osfstorage/labelled_images/Pylorus/0531325b64674948_3456.jpg,data/raw/kvasir_capsule/osfstorage/labelled_images/Pylorus/0531325b64674948_3456.jpg,True,fc787488ebc49a05845dafb6f991823065b68135e114f7dc3104cd43af4c2b42,336,336,\N
/content/drive/MyDrive/MMVQA_Clinical/data/raw/kvasir_capsule/osfstorage/labelled_images/Pylorus/0531325b64674948_3486.jpg,data/raw/kvasir_capsule/osfstorage/labelled_images/Pylorus/0531325b64674948_3486.jpg,True,89371ec57db313279363b231eb22a53ca882665a1b689d8ed64c43be02bf9077,336,336,\N
/content/drive/MyDrive/MMVQA_Clinical/data/raw/kvasir_capsule/osfstorage/labelled_images/Pylorus/0531325b64674948_3516.jpg,data/raw/kvasir_capsule/osfstorage/labelled_images/Pylorus/0531325b64674948_3516.jpg,True,ffacd7b448ab5a063a5b6b015e318a20243b3722688fb06d82de077e7567274a,336,336,\N
/content/drive/MyDrive/MMVQA_Clinical/data/raw/kvasir_capsule/osfstorage/labelled_images/Pylorus/0531325b64674948_3546.jpg,data/raw/kvasir_capsule/osfstorage/labelled_images/Pylorus/0531325b64674948_3546.jpg,True,8db3c7b94ea87aa013b9e0eced8ca040913a92c9ae8211db8c90e6090bd25922,336,336,\N
/content/drive/MyDrive/MMVQA_Clinical/data/raw/kvasir_capsule/osfstorage/labelled_images/Pylorus/0728084c8da942d9_4206.jpg,data/raw/kvasir_capsule/osfstorage/labelled_images/Pylorus/0728084c8da942d9_4206.jpg,True,cc69a3460ca1272795638e789b37765c68f9e567e4e44224d7b0f0e93f02dc1e,336,336,\N
/content/drive/MyDrive/MMVQA_Clinical/data/raw/kvasir_capsule/osfstorage/labelled_images/Pylorus/131368cc17e44240_1161.jpg,data/raw/kvasir_capsule/osfstorage/labelled_images/Pylorus/131368cc17e44240_1161.jpg,True,4fef4ea5a12c10fed6e1c33a68b9370d493b9e2a1c2774b7891c1c2e58479a38,336,336,\N
/content/drive/MyDrive/MMVQA_Clinical/data/raw/kvasir_capsule/osfstorage/labelled_images/Pylorus/131368cc17e44240_1191.jpg,data/raw/kvasir_capsule/osfstorage/labelled_images/Pylorus/131368cc17e44240_1191.jpg,True,87b6bf77d7b20baddcd482d23d921654538479277d4a26decf4bea3ad0e55581,336,336,\N
/content/drive/MyDrive/MMVQA_Clinical/data/raw/kvasir_capsule/osfstorage/labelled_images/Pylorus/131368cc17e44240_1221.jpg,data/raw/kvasir_capsule/osfstorage/labelled_images/Pylorus/131368cc17e44240_1221.jpg,True,21d5d7edd558a0b79b07e9e79ec01ee29c21af8ebca03d0ae8f778ecba89cb04,336,336,\N
/content/drive/MyDrive/MMVQA_Clinical/data/raw/kvasir_capsule/osfstorage/labelled_images/Pylorus/39960e5e099a45ca_9082.jpg,data/raw/kvasir_capsule/osfstorage/labelled_images/Pylorus/39960e5e099a45ca_9082.jpg,True,11266dc509c16632100e99b8481b12a0e26415ddce1b4fa018fbb86939c7fd10,336,336,\N
/content/drive/MyDrive/MMVQA_Clinical/data/raw/kvasir_capsule/osfstorage/labelled_images/Pylorus/3ada4222967f421d_3255.jpg,data/raw/kvasir_capsule/osfstorage/labelled_images/Pylorus/3ada4222967f421d_3255.jpg,True,faf681e1e240a1ca844eda610afba1cc66d4f0f46e6f5b853b669abed29f2659,336,336,\N
/content/drive/MyDrive/MMVQA_Clinical/data/raw/kvasir_capsule/osfstorage/labelled_images/Pylorus/3ada4222967f421d_3258.jpg,data/raw/kvasir_capsule/osfstorage/labelled_images/Pylorus/3ada4222967f421d_3258.jpg,True,1c69e38ed210226bb350da69786755dad542a24eb96c0cf0079268d33ee7c148,336,336,\N
/content/drive/MyDrive/MMVQA_Clinical/data/raw/kvasir_capsule/osfstorage/labelled_images/Pylorus/4560e83f9afc4685_894.jpg,data/raw/kvasir_capsule/osfstorage/labelled_images/Pylorus/4560e83f9afc4685_894.jpg,True,66dfbbda794f25d60f3e9ff4110c51f16c54d9ca16364e0c9da7ee7acaedb50c,336,336,\N
/content/drive/MyDrive/MMVQA_Clinical/data/raw/kvasir_capsule/osfstorage/labelled_images/Pylorus/48579eec79784294_1305.jpg,data/raw/kvasir_capsule/osfstorage/labelled_images/Pylorus/48579eec79784294_1305.jpg,True,7c86702bf06c4cf77e40b039e93dce0e54234daad90ed58ad594d6ffe2f3a85f,336,336,\N
/content/drive/MyDrive/MMVQA_Clinical/data/raw/kvasir_capsule/osfstorage/labelled_images/Pylorus/5e59c7fdb16c4228_2741.jpg,data/raw/kvasir_capsule/osfstorage/labelled_images/Pylorus/5e59c7fdb16c4228_2741.jpg,True,fb97c0955cb7c79a6509857ae312328270c5ecccb2f5717fcaac60c7f8b274d7,336,336,\N
/content/drive/MyDrive/MMVQA_Clinical/data/raw/kvasir_capsule/osfstorage/labelled_images/Pylorus/5e59c7fdb16c4228_2771.jpg,data/raw/kvasir_capsule/osfstorage/labelled_images/Pylorus/5e59c7fdb16c4228_2771.jpg,True,a94b5748f81c026709def40c54fe302a8a35bd33e2ee71341ab7a92b74142f15,336,336,\N
/content/drive/MyDrive/MMVQA_Clinical/data/raw/kvasir_capsule/osfstorage/labelled_images/Pylorus/5e59c7fdb16c4228_2801.jpg,data/raw/kvasir_capsule/osfstorage/labelled_images/Pylorus/5e59c7fdb16c4228_2801.jpg,True,ffff21bb84f002c17485c0140cb5bb579701ebdd7f6818f8bf7d0246143918f7,336,336,\N
/content/drive/MyDrive/MMVQA_Clinical/data/raw/kvasir_capsule/osfstorage/labelled_images/Pylorus/64440803f87b4843_3589.jpg,data/raw/kvasir_capsule/osfstorage/labelled_images/Pylorus/64440803f87b4843_3589.jpg,True,0bc3d3d272d436e24250eb3ddf5ba301d52247efcf5bc5488b1f5f30970168f4,336,336,\N
/content/drive/MyDrive/MMVQA_Clinical/data/raw/kvasir_capsule/osfstorage/labelled_images/Pylorus/7a47e8eacea04e64_2008.jpg,data/raw/kvasir_capsule/osfstorage/labelled_images/Pylorus/7a47e8eacea04e64_2008.jpg,True,b1011bb5ed6a3e9dba091b802636a3d775929ca68c62ef365e258d8a0098dc32,336,336,\N
/content/drive/MyDrive/MMVQA_Clinical/data/raw/kvasir_capsule/osfstorage/labelled_images/Pylorus/7a47e8eacea04e64_2038.jpg,data/raw/kvasir_capsule/osfstorage/labelled_images/Pylorus/7a47e8eacea04e64_2038.jpg,True,180f4fc64ce86e4500fe2812a873eda11050f7a6f4e7dfa9f9ef3995b115a1ef,336,336,\N
/content/drive/MyDrive/MMVQA_Clinical/data/raw/kvasir_capsule/osfstorage/labelled_images/Pylorus/7a47e8eacea04e64_2068.jpg,data/raw/kvasir_capsule/osfstorage/labelled_images/Pylorus/7a47e8eacea04e64_2068.jpg,True,7cd7e7065c71c0376102606003639a82be4fcd9b6b1e732c50f1d1b42de2da94,336,336,\N
/content/drive/MyDrive/MMVQA_Clinical/data/raw/kvasir_capsule/osfstorage/labelled_images/Pylorus/7ad22d50ebaf4596_2834.jpg,data/raw/kvasir_capsule/osfstorage/labelled_images/Pylorus/7ad22d50ebaf4596_2834.jpg,True,d25048f1fa9d097cbb379f284d797dff8abc80bbe43388d9f27d179fc291f8fe,336,336,\N
/content/drive/MyDrive/MMVQA_Clinical/data/raw/kvasir_capsule/osfstorage/labelled_images/Pylorus/8885668afb844852_3852.jpg,data/raw/kvasir_capsule/osfstorage/labelled_images/Pylorus/8885668afb844852_3852.jpg,True,8610c01ed2429ae74fca92f69b855238c9076a315d8e16e26f34056bd72eefa8,336,336,\N
/content/drive/MyDrive/MMVQA_Clinical/data/raw/kvasir_capsule/osfstorage/labelled_images/Pylorus/8885668afb844852_3882.jpg,data/raw/kvasir_capsule/osfstorage/labelled_images/Pylorus/8885668afb844852_3882.jpg,True,ae31f0398ee20d7379cdc0b18edcea3bc05abe73f38741dcea68cf959d315b24,336,336,\N
/content/drive/MyDrive/MMVQA_Clinical/data/raw/kvasir_capsule/osfstorage/labelled_images/Pylorus/8885668afb844852_3912.jpg,data/raw/kvasir_capsule/osfstorage/labelled_images/Pylorus/8885668afb844852_3912.jpg,True,c834a03faf7adb50cecd28027a568e26ff75b96357a2b20e1634cd6963f281a7,336,336,\N
/content/drive/MyDrive/MMVQA_Clinical/data/raw/kvasir_capsule/osfstorage/labelled_images/Pylorus/8885668afb844852_3942.jpg,data/raw/kvasir_capsule/osfstorage/labelled_images/Pylorus/8885668afb844852_3942.jpg,True,b5203b6c1acaa666008a1060fd1ef0e592a60fb9c1abff01176121fbb773ae53,336,336,\N
/content/drive/MyDrive/MMVQA_Clinical/data/raw/kvasir_capsule/osfstorage/labelled_images/Pylorus/8885668afb844852_3972.jpg,data/raw/kvasir_capsule/osfstorage/labelled_images/Pylorus/8885668afb844852_3972.jpg,True,4ae01012488b2506ce4b0830888e560b4b29cb2060ad3ccb47edf9470107d386,336,336,\N
/content/drive/MyDrive/MMVQA_Clinical/data/raw/kvasir_capsule/osfstorage/labelled_images/Pylorus/89cdd41258c542c5_2677.jpg,data/raw/kvasir_capsule/osfstorage/labelled_images/Pylorus/89cdd41258c542c5_2677.jpg,True,6c442b2e3247f898f0fe2e359e6f65c203c1b9987e2ffe6c584789cc0272613f,336,336,\N
/content/drive/MyDrive/MMVQA_Clinical/data/raw/kvasir_capsule/osfstorage/labelled_images/Pylorus/8ebf0e483cac48d6_2571.jpg,data/raw/kvasir_capsule/osfstorage/labelled_images/Pylorus/8ebf0e483cac48d6_2571.jpg,True,4d9c7ac4265a3eb423bfdebf743671a87342b6cdcbdc650056bc93e8149c051f,336,336,\N
/content/drive/MyDrive/MMVQA_Clinical/data/raw/kvasir_capsule/osfstorage/labelled_images/Pylorus/8ebf0e483cac48d6_2601.jpg,data/raw/kvasir_capsule/osfstorage/labelled_images/Pylorus/8ebf0e483cac48d6_2601.jpg,True,1354df517c7a6d7d706f7a24905ff59123f0dc74818ca6b7e0e9a6b0b880bc5f,336,336,\N
/content/drive/MyDrive/MMVQA_Clinical/data/raw/kvasir_capsule/osfstorage/labelled_images/Pylorus/8ebf0e483cac48d6_2631.jpg,data/raw/kvasir_capsule/osfstorage/labelled_images/Pylorus/8ebf0e483cac48d6_2631.jpg,True,672340a79b0ce70cccfc638acef3a27471a0ec4eeb6bd84bd69e3cac99481c78,336,336,\N
/content/drive/MyDrive/MMVQA_Clinical/data/raw/kvasir_capsule/osfstorage/labelled_images/Pylorus/ad91cf7ca91440aa_859.jpg,data/raw/kvasir_capsule/osfstorage/labelled_images/Pylorus/ad91cf7ca91440aa_859.jpg,True,70cc6485eb09a8a6967a2d98317a74f17d9767816ad52e32b1e4de1b3b22331f,336,336,\N
/content/drive/MyDrive/MMVQA_Clinical/data/raw/kvasir_capsule/osfstorage/labelled_images/Pylorus/af9bd7d0e43741e3_2059.jpg,data/raw/kvasir_capsule/osfstorage/labelled_images/Pylorus/af9bd7d0e43741e3_2059.jpg,True,529d099277e7f5b1fe50a6bcafbe27157af4ea7e30f905c796182a2b331cd8eb,336,336,\N
/content/drive/MyDrive/MMVQA_Clinical/data/raw/kvasir_capsule/osfstorage/labelled_images/Pylorus/b2134f4a6f864613_775.jpg,data/raw/kvasir_capsule/osfstorage/labelled_images/Pylorus/b2134f4a6f864613_775.jpg,True,2df9573071d8286889667ec9285134ce2c203f747d294713f5ff9c80e9cb2bfd,336,336,\N
/content/drive/MyDrive/MMVQA_Clinical/data/raw/kvasir_capsule/osfstorage/labelled_images/Pylorus/bc84479c66fe4da6_8979.jpg,data/raw/kvasir_capsule/osfstorage/labelled_images/Pylorus/bc84479c66fe4da6_8979.jpg,True,ebc6d6c5d416d6fa12de1287ab832a5eeea391db606652b2a0c876a0e8a63f79,336,336,\N
/content/drive/MyDrive/MMVQA_Clinical/data/raw/kvasir_capsule/osfstorage/labelled_images/Pylorus/bc84479c66fe4da6_9009.jpg,data/raw/kvasir_capsule/osfstorage/labelled_images/Pylorus/bc84479c66fe4da6_9009.jpg,True,e77a2038ef91efaa839bc33bfbfea4f23800a6a759e349b0345d63519405a5fd,336,336,\N
/content/drive/MyDrive/MMVQA_Clinical/data/raw/kvasir_capsule/osfstorage/labelled_images/Pylorus/bc84479c66fe4da6_9039.jpg,data/raw/kvasir_capsule/osfstorage/labelled_images/Pylorus/bc84479c66fe4da6_9039.jpg,True,3e6ce8a9dca8ff0409b24371993a9c5a404bae00a31ae7539ff05c0073b43687,336,336,\N
/content/drive/MyDrive/MMVQA_Clinical/data/raw/kvasir_capsule/osfstorage/labelled_images/Pylorus/bc84479c66fe4da6_9069.jpg,data/raw/kvasir_capsule/osfstorage/labelled_images/Pylorus/bc84479c66fe4da6_9069.jpg,True,0db5074de5024607502ee7b926ef9ee7ff4be0edded3a5d144307e9d180d12aa,336,336,\N
/content/drive/MyDrive/MMVQA_Clinical/data/raw/kvasir_capsule/osfstorage/labelled_images/Pylorus/bc84479c66fe4da6_9099.jpg,data/raw/kvasir_capsule/osfstorage/labelled_images/Pylorus/bc84479c66fe4da6_9099.jpg,True,7659618ff53e747c5e610ab3282e1bef20e9813fe14c3744d7ca3acf722e22ac,336,336,\N
/content/drive/MyDrive/MMVQA_Clinical/data/raw/kvasir_capsule/osfstorage/labelled_images/Pylorus/bca26705313a4644_7864.jpg,data/raw/kvasir_capsule/osfstorage/labelled_images/Pylorus/bca26705313a4644_7864.jpg,True,2f6f82038c1771a9320ae1e3197f608dad08e1a83ff0f6066de1f1a2bcfe63ac,336,336,\N
/content/drive/MyDrive/MMVQA_Clinical/data/raw/kvasir_capsule/osfstorage/labelled_images/Pylorus/c11b28a8b2344716_585.jpg,data/raw/kvasir_capsule/osfstorage/labelled_images/Pylorus/c11b28a8b2344716_585.jpg,True,8b4dbfa4f1dee4319daa8190a1c6c03571afb456ace19e721bfb8314e6492ad0,336,336,\N
/content/drive/MyDrive/MMVQA_Clinical/data/raw/kvasir_capsule/osfstorage/labelled_images/Pylorus/c11b28a8b2344716_615.jpg,data/raw/kvasir_capsule/osfstorage/labelled_images/Pylorus/c11b28a8b2344716_615.jpg,True,ad39a5a45092a6207a64497d710d14dcc18f5746d3a7546babfc2ed44f9d4d30,336,336,\N
/content/drive/MyDrive/MMVQA_Clinical/data/raw/kvasir_capsule/osfstorage/labelled_images/Pylorus/c11b28a8b2344716_645.jpg,data/raw/kvasir_capsule/osfstorage/labelled_images/Pylorus/c11b28a8b2344716_645.jpg,True,0eabe7834bb220ac8c94d04c23a27d22d5c71879e2b9f06b6a9301fa55ac63b4,336,336,\N
/content/drive/MyDrive/MMVQA_Clinical/data/raw/kvasir_capsule/osfstorage/labelled_images/Pylorus/c7084b3556e34619_16377.jpg,data/raw/kvasir_capsule/osfstorage/labelled_images/Pylorus/c7084b3556e34619_16377.jpg,True,e47e4842f31bd3c275a56e822a10d7a1b5c23d72cf98f031f28b597b5d4596cd,336,336,\N
/content/drive/MyDrive/MMVQA_Clinical/data/raw/kvasir_capsule/osfstorage/labelled_images/Pylorus/d369e4f163df4aba_1152.jpg,data/raw/kvasir_capsule/osfstorage/labelled_images/Pylorus/d369e4f163df4aba_1152.jpg,True,25b26d3861f01d24a89b2af9c2c561952c316d1b1efb4752f4dcca0bc1bbaad0,336,336,\N
/content/drive/MyDrive/MMVQA_Clinical/data/raw/kvasir_capsule/osfstorage/labelled_images/Pylorus/d626f4f4a5ac4785_7710.jpg,data/raw/kvasir_capsule/osfstorage/labelled_images/Pylorus/d626f4f4a5ac4785_7710.jpg,True,bf660c6e9deabfe77f9d3ba49b36c00a0341464a0b3e37ef7c891b0f241121a4,336,336,\N
/content/drive/MyDrive/MMVQA_Clinical/data/raw/kvasir_capsule/osfstorage/labelled_images/Pylorus/d7a271f233ba4a40_4613.jpg,data/raw/kvasir_capsule/osfstorage/labelled_images/Pylorus/d7a271f233ba4a40_4613.jpg,True,97a3e956a08ad8d680ae52e7891d63557cfe2fea5f0ec3da529f644739a1fe1a,336,336,\N
/content/drive/MyDrive/MMVQA_Clinical/data/raw/kvasir_capsule/osfstorage/labelled_images/Pylorus/dac1e27f7e4d4ef5_6810.jpg,data/raw/kvasir_capsule/osfstorage/labelled_images/Pylorus/dac1e27f7e4d4ef5_6810.jpg,True,abdf8a8a8db4eaeefada1e16c01d8c321b0a3eaa69182814a0837ca33b96a6f8,336,336,\N
/content/drive/MyDrive/MMVQA_Clinical/data/raw/kvasir_capsule/osfstorage/labelled_images/Pylorus/dca1377dec974312_1558.jpg,data/raw/kvasir_capsule/osfstorage/labelled_images/Pylorus/dca1377dec974312_1558.jpg,True,c897b533f4a67479f56e163048b64b55c31111c764398e74cbf8ebdf17d78114,336,336,\N
/content/drive/MyDrive/MMVQA_Clinical/data/raw/kvasir_capsule/osfstorage/labelled_images/Pylorus/df6b47bafe5143f5_2100.jpg,data/raw/kvasir_capsule/osfstorage/labelled_images/Pylorus/df6b47bafe5143f5_2100.jpg,True,30e20e4172e26acbd2e3576cc82475d794cb1d60f99945f3ab5eb4e4cae3ee84,336,336,\N
/content/drive/MyDrive/MMVQA_Clinical/data/raw/kvasir_capsule/osfstorage/labelled_images/Pylorus/eb0203196e284797_1106.jpg,data/raw/kvasir_capsule/osfstorage/labelled_images/Pylorus/eb0203196e284797_1106.jpg,True,275de30f227106f32fe52a71292f1196637829416c2f7047ff0375d50287caf4,336,336,\N
/content/drive/MyDrive/MMVQA_Clinical/data/raw/kvasir_capsule/osfstorage/labelled_images/Pylorus/eb0203196e284797_1109.jpg,data/raw/kvasir_capsule/osfstorage/labelled_images/Pylorus/eb0203196e284797_1109.jpg,True,fe3d86b327da32862a2cc64aaa5598017802b33deb0fb73d2f8e155362540793,336,336,\N
/content/drive/MyDrive/MMVQA_Clinical/data/raw/kvasir_capsule/osfstorage/labelled_images/Pylorus/eb0203196e284797_1116.jpg,data/raw/kvasir_capsule/osfstorage/labelled_images/Pylorus/eb0203196e284797_1116.jpg,True,4c72b403f6d7518086c234c2863da403c7c296ed0ca28bac825ceaa3d2298f5e,336,336,\N
/content/drive/MyDrive/MMVQA_Clinical/data/raw/kvasir_capsule/osfstorage/labelled_images/Pylorus/eb0203196e284797_1128.jpg,data/raw/kvasir_capsule/osfstorage/labelled_images/Pylorus/eb0203196e284797_1128.jpg,True,68a4df4e8d684b8ad6a7dc45e9b11dccd6704385a37a0e7297cbd8dd91e92272,336,336,\N
/content/drive/MyDrive/MMVQA_Clinical/data/raw/kvasir_capsule/osfstorage/labelled_images/Pylorus/eb0203196e284797_1132.jpg,data/raw/kvasir_capsule/osfstorage/labelled_images/Pylorus/eb0203196e284797_1132.jpg,True,4e4b58467846bd2eb874ee8d82064f138805aef9a3f188aac8a19788d068cb56,336,336,\N
/content/drive/MyDrive/MMVQA_Clinical/data/raw/kvasir_capsule/osfstorage/labelled_images/Pylorus/eb0203196e284797_1139.jpg,data/raw/kvasir_capsule/osfstorage/labelled_images/Pylorus/eb0203196e284797_1139.jpg,True,053fbaf5299e5eedb35290f2a34f280d2a4c25c76a8367a15a1e9c45e1ae7760,336,336,\N
/content/drive/MyDrive/MMVQA_Clinical/data/raw/kvasir_capsule/osfstorage/labelled_images/Pylorus/eb0203196e284797_1146.jpg,data/raw/kvasir_capsule/osfstorage/labelled_images/Pylorus/eb0203196e284797_1146.jpg,True,579d8583d429cedc8e4eb1eff00f6205f4053d0317272652f0db1ffe9a440a02,336,336,\N
/content/drive/MyDrive/MMVQA_Clinical/data/raw/kvasir_capsule/osfstorage/labelled_images/Pylorus/eb0203196e284797_1156.jpg,data/raw/kvasir_capsule/osfstorage/labelled_images/Pylorus/eb0203196e284797_1156.jpg,True,a926036852272955d8f7d67de00781687dd6208713cdad10194d4282cb71c282,336,336,\N
/content/drive/MyDrive/MMVQA_Clinical/data/raw/kvasir_capsule/osfstorage/labelled_images/Pylorus/ed02f27ef36f483e_4465.jpg,data/raw/kvasir_capsule/osfstorage/labelled_images/Pylorus/ed02f27ef36f483e_4465.jpg,True,a54f161cf56e6eddaab424a135a874bd86dfd918cbe5f5325929ddfb5f5431d6,336,336,\N
/content/drive/MyDrive/MMVQA_Clinical/data/raw/kvasir_capsule/osfstorage/labelled_images/Pylorus/fb86bc87d3874cd7_3662.jpg,data/raw/kvasir_capsule/osfstorage/labelled_images/Pylorus/fb86bc87d3874cd7_3662.jpg,True,00623c40a4a04e742fa639b75047ef8dce91bc423cd043b1b76d60c5d76da437,336,336,\N
/content/drive/MyDrive/MMVQA_Clinical/data/raw/kvasir_capsule/osfstorage/labelled_images/Pylorus/fe5d372e43f94f68_983.jpg,data/raw/kvasir_capsule/osfstorage/labelled_images/Pylorus/fe5d372e43f94f68_983.jpg,True,976277911585a8bf86724771de205908b2432ecd5aa5baaf6c156544ed5439c3,336,336,\N
/content/drive/MyDrive/MMVQA_Clinical/data/raw/kvasir_capsule/osfstorage/labelled_images/Reduced mucosal view/48579eec79784294_18123.jpg,data/raw/kvasir_capsule/osfstorage/labelled_images/Reduced mucosal view/48579eec79784294_18123.jpg,True,cb576cea7d7dbc2cefc56b132b71e2ed93412065c3e587ee95e5ff6ecf8edb13,336,336,\N
/content/drive/MyDrive/MMVQA_Clinical/data/raw/kvasir_capsule/osfstorage/labelled_images/Reduced mucosal view/48579eec79784294_18153.jpg,data/raw/kvasir_capsule/osfstorage/labelled_images/Reduced mucosal view/48579eec79784294_18153.jpg,True,cd01274aec55ffc00459a3417a61ba77d79b3907c32a4699ae6a5948987d787b,336,336,\N
/content/drive/MyDrive/MMVQA_Clinical/data/raw/kvasir_capsule/osfstorage/labelled_images/Reduced mucosal view/48579eec79784294_18183.jpg,data/raw/kvasir_capsule/osfstorage/labelled_images/Reduced mucosal view/48579eec79784294_18183.jpg,True,eb6e034b1b8d88dd86f876831362d9c8bea93b0cec7e8131aaf35c71c5b6443a,336,336,\N
/content/drive/MyDrive/MMVQA_Clinical/data/raw/kvasir_capsule/osfstorage/labelled_images/Reduced mucosal view/48579eec79784294_18213.jpg,data/raw/kvasir_capsule/osfstorage/labelled_images/Reduced mucosal view/48579eec79784294_18213.jpg,True,89a97c0b18787863d90f111f08e8272221dd4a2f0d3253150b031dcf7db9ed7a,336,336,\N
/content/drive/MyDrive/MMVQA_Clinical/data/raw/kvasir_capsule/osfstorage/labelled_images/Reduced mucosal view/48579eec79784294_18243.jpg,data/raw/kvasir_capsule/osfstorage/labelled_images/Reduced mucosal view/48579eec79784294_18243.jpg,True,e7bf725a5e0a8a2f3d571f2ba7339defe31c025ef6e0d7e7ce8e5887ac863fb2,336,336,\N
/content/drive/MyDrive/MMVQA_Clinical/data/raw/kvasir_capsule/osfstorage/labelled_images/Reduced mucosal view/48579eec79784294_26365.jpg,data/raw/kvasir_capsule/osfstorage/labelled_images/Reduced mucosal view/48579eec79784294_26365.jpg,True,53d8533702e95f1f290d1cfb66f3fa6c19d55efffcc59759f274f35b4010adff,336,336,\N
/content/drive/MyDrive/MMVQA_Clinical/data/raw/kvasir_capsule/osfstorage/labelled_images/Reduced mucosal view/48579eec79784294_26395.jpg,data/raw/kvasir_capsule/osfstorage/labelled_images/Reduced mucosal view/48579eec79784294_26395.jpg,True,91c3b637438ca9643175094a80b028b627e78affd64b90be776251e5fc00c249,336,336,\N
/content/drive/MyDrive/MMVQA_Clinical/data/raw/kvasir_capsule/osfstorage/labelled_images/Reduced mucosal view/48579eec79784294_26425.jpg,data/raw/kvasir_capsule/osfstorage/labelled_images/Reduced mucosal view/48579eec79784294_26425.jpg,True,a8baf5064d023144f92a63a166deaa53c61e89d2f7e44649646908100cc429b1,336,336,\N
/content/drive/MyDrive/MMVQA_Clinical/data/raw/kvasir_capsule/osfstorage/labelled_images/Reduced mucosal view/48579eec79784294_26455.jpg,data/raw/kvasir_capsule/osfstorage/labelled_images/Reduced mucosal view/48579eec79784294_26455.jpg,True,ac37c8be8c23659dc5b6a23e8abf450f5eaaf3cfc345d58f7832fcbc93e31a1e,336,336,\N
/content/drive/MyDrive/MMVQA_Clinical/data/raw/kvasir_capsule/osfstorage/labelled_images/Reduced mucosal view/48579eec79784294_26485.jpg,data/raw/kvasir_capsule/osfstorage/labelled_images/Reduced mucosal view/48579eec79784294_26485.jpg,True,da1a96a0803e9dcbc5dc3225fd5636a0688d1e9048ff8f96a286d892fad0748c,336,336,\N
/content/drive/MyDrive/MMVQA_Clinical/data/raw/kvasir_capsule/osfstorage/labelled_images/Reduced mucosal view/5bb1d3cc7dc64cec_21446.jpg,data/raw/kvasir_capsule/osfstorage/labelled_images/Reduced mucosal view/5bb1d3cc7dc64cec_21446.jpg,True,84c911f39a9d6b9a97b8b578e19de6fd544eebff51bcb589e7d28290128976f8,336,336,\N
/content/drive/MyDrive/MMVQA_Clinical/data/raw/kvasir_capsule/osfstorage/labelled_images/Reduced mucosal view/5bb1d3cc7dc64cec_21476.jpg,data/raw/kvasir_capsule/osfstorage/labelled_images/Reduced mucosal view/5bb1d3cc7dc64cec_21476.jpg,True,22ac09a3871a31ba1ab8c7dfd69c9f8ba2ce9965343b15eba0d67059c83d2a80,336,336,\N
/content/drive/MyDrive/MMVQA_Clinical/data/raw/kvasir_capsule/osfstorage/labelled_images/Reduced mucosal view/5bb1d3cc7dc64cec_21506.jpg,data/raw/kvasir_capsule/osfstorage/labelled_images/Reduced mucosal view/5bb1d3cc7dc64cec_21506.jpg,True,3baac5d0384a76c9139e862d1e8d851decac706f70e076f6634a6cc3bf1ffebc,336,336,\N
/content/drive/MyDrive/MMVQA_Clinical/data/raw/kvasir_capsule/osfstorage/labelled_images/Reduced mucosal view/5bb1d3cc7dc64cec_21536.jpg,data/raw/kvasir_capsule/osfstorage/labelled_images/Reduced mucosal view/5bb1d3cc7dc64cec_21536.jpg,True,c887b68548e03b5367a443bc16a68655f5c5ce7f54a8f51c5406d1b050197854,336,336,\N
/content/drive/MyDrive/MMVQA_Clinical/data/raw/kvasir_capsule/osfstorage/labelled_images/Reduced mucosal view/5bb1d3cc7dc64cec_21566.jpg,data/raw/kvasir_capsule/osfstorage/labelled_images/Reduced mucosal view/5bb1d3cc7dc64cec_21566.jpg,True,052a6d9b345bc4cb85f025e0a6e0d3c1aa0d103ce8203db94613902c99f2c5ce,336,336,\N
/content/drive/MyDrive/MMVQA_Clinical/data/raw/kvasir_capsule/osfstorage/labelled_images/Reduced mucosal view/8885668afb844852_25749.jpg,data/raw/kvasir_capsule/osfstorage/labelled_images/Reduced mucosal view/8885668afb844852_25749.jpg,True,86944c186cdff04fc4480fd6d2b3b6f6b1dc7349685eba352bc1ea3f6f9d05c6,336,336,\N
/content/drive/MyDrive/MMVQA_Clinical/data/raw/kvasir_capsule/osfstorage/labelled_images/Reduced mucosal view/8885668afb844852_25779.jpg,data/raw/kvasir_capsule/osfstorage/labelled_images/Reduced mucosal view/8885668afb844852_25779.jpg,True,6bdb8bf8d9879c4e6b7dd3847396162a07c8dcb8bcb94330ca3f9d94b89ee62e,336,336,\N
/content/drive/MyDrive/MMVQA_Clinical/data/raw/kvasir_capsule/osfstorage/labelled_images/Reduced mucosal view/8885668afb844852_25809.jpg,data/raw/kvasir_capsule/osfstorage/labelled_images/Reduced mucosal view/8885668afb844852_25809.jpg,True,c2a6ca2669a1c88ab729aeb5eed0af3927df2ea3c002bd54ea4693ffcaee3011,336,336,\N
/content/drive/MyDrive/MMVQA_Clinical/data/raw/kvasir_capsule/osfstorage/labelled_images/Reduced mucosal view/8885668afb844852_25839.jpg,data/raw/kvasir_capsule/osfstorage/labelled_images/Reduced mucosal view/8885668afb844852_25839.jpg,True,23314bbf4f0dea73bcbe024953ef1e37e5892c08bc6c21d9af78317fd1f318f7,336,336,\N
/content/drive/MyDrive/MMVQA_Clinical/data/raw/kvasir_capsule/osfstorage/labelled_images/Reduced mucosal view/8885668afb844852_25869.jpg,data/raw/kvasir_capsule/osfstorage/labelled_images/Reduced mucosal view/8885668afb844852_25869.jpg,True,d657ded7036dcd9ca55f9bc316f25b9aaa65ca7199f7c3e0861254b701f6fa7b,336,336,\N
/content/drive/MyDrive/MMVQA_Clinical/data/raw/kvasir_capsule/osfstorage/labelled_images/Reduced mucosal view/8ebf0e483cac48d6_15386.jpg,data/raw/kvasir_capsule/osfstorage/labelled_images/Reduced mucosal view/8ebf0e483cac48d6_15386.jpg,True,c492f51e70b15b3fe5de1fb1668286fc4c0b128157f36c71ad3037796ec054a8,336,336,\N
/content/drive/MyDrive/MMVQA_Clinical/data/raw/kvasir_capsule/osfstorage/labelled_images/Reduced mucosal view/8ebf0e483cac48d6_15416.jpg,data/raw/kvasir_capsule/osfstorage/labelled_images/Reduced mucosal view/8ebf0e483cac48d6_15416.jpg,True,e7832c18755b8dacd351d855dd8a3e1c61bffff13fcd46302e5f8c133dffc99f,336,336,\N
/content/drive/MyDrive/MMVQA_Clinical/data/raw/kvasir_capsule/osfstorage/labelled_images/Reduced mucosal view/8ebf0e483cac48d6_15446.jpg,data/raw/kvasir_capsule/osfstorage/labelled_images/Reduced mucosal view/8ebf0e483cac48d6_15446.jpg,True,f95ba07e06f412016b1d09a88aeadc0c95f3387ec434768285baff1c5535d9cb,336,336,\N
/content/drive/MyDrive/MMVQA_Clinical/data/raw/kvasir_capsule/osfstorage/labelled_images/Reduced mucosal view/8ebf0e483cac48d6_15476.jpg,data/raw/kvasir_capsule/osfstorage/labelled_images/Reduced mucosal view/8ebf0e483cac48d6_15476.jpg,True,d08ae9a57434c271573b4a2fe9a5f15d090d3a472d5f05df8091d67f66a4aae0,336,336,\N
/content/drive/MyDrive/MMVQA_Clinical/data/raw/kvasir_capsule/osfstorage/labelled_images/Reduced mucosal view/8ebf0e483cac48d6_15506.jpg,data/raw/kvasir_capsule/osfstorage/labelled_images/Reduced mucosal view/8ebf0e483cac48d6_15506.jpg,True,d98cbe23776bf9ed479499e3951a5cdea4ccb42c169919405897488e33cf2012,336,336,\N
/content/drive/MyDrive/MMVQA_Clinical/data/raw/kvasir_capsule/osfstorage/labelled_images/Reduced mucosal view/af9bd7d0e43741e3_29512.jpg,data/raw/kvasir_capsule/osfstorage/labelled_images/Reduced mucosal view/af9bd7d0e43741e3_29512.jpg,True,f8f8a1a59c8a3f4ae8b59003994de76a5a37c535fc7889e5efeebaf54391c954,336,336,\N
/content/drive/MyDrive/MMVQA_Clinical/data/raw/kvasir_capsule/osfstorage/labelled_images/Reduced mucosal view/af9bd7d0e43741e3_29542.jpg,data/raw/kvasir_capsule/osfstorage/labelled_images/Reduced mucosal view/af9bd7d0e43741e3_29542.jpg,True,e4acc0d32a15cbf381bb8d485e9e90c8dab82ad1f91c6bb80d96400aa8b26412,336,336,\N
/content/drive/MyDrive/MMVQA_Clinical/data/raw/kvasir_capsule/osfstorage/labelled_images/Reduced mucosal view/af9bd7d0e43741e3_29572.jpg,data/raw/kvasir_capsule/osfstorage/labelled_images/Reduced mucosal view/af9bd7d0e43741e3_29572.jpg,True,a0a11bf08103f26bc47bff6e7c2cfb9a0197cc98cda2d56d8e8b5a491d83e375,336,336,\N
/content/drive/MyDrive/MMVQA_Clinical/data/raw/kvasir_capsule/osfstorage/labelled_images/Reduced mucosal view/af9bd7d0e43741e3_29602.jpg,data/raw/kvasir_capsule/osfstorage/labelled_images/Reduced mucosal view/af9bd7d0e43741e3_29602.jpg,True,2797891e6646a6177b25647fa166afc6449fdc96ec74db936732b49bab11793b,336,336,\N
/content/drive/MyDrive/MMVQA_Clinical/data/raw/kvasir_capsule/osfstorage/labelled_images/Reduced mucosal view/af9bd7d0e43741e3_29632.jpg,data/raw/kvasir_capsule/osfstorage/labelled_images/Reduced mucosal view/af9bd7d0e43741e3_29632.jpg,True,2e8464826cc4ea1f11306f1cfdd8c2cf47ea77413523a76afa9e367cd5693b49,336,336,\N
/content/drive/MyDrive/MMVQA_Clinical/data/raw/kvasir_capsule/osfstorage/labelled_images/Reduced mucosal view/c11b28a8b2344716_76326.jpg,data/raw/kvasir_capsule/osfstorage/labelled_images/Reduced mucosal view/c11b28a8b2344716_76326.jpg,True,d4f6beb0fee737dc87b63a2755a8a278e6423eb3ec7f6b3187d71dd185170600,336,336,\N
/content/drive/MyDrive/MMVQA_Clinical/data/raw/kvasir_capsule/osfstorage/labelled_images/Reduced mucosal view/c11b28a8b2344716_76356.jpg,data/raw/kvasir_capsule/osfstorage/labelled_images/Reduced mucosal view/c11b28a8b2344716_76356.jpg,True,b5c5a897ef26d534265eb51f5bdca09d1ecb07c8d2c7e8e90683770d63d382bb,336,336,\N
/content/drive/MyDrive/MMVQA_Clinical/data/raw/kvasir_capsule/osfstorage/labelled_images/Reduced mucosal view/c11b28a8b2344716_76386.jpg,data/raw/kvasir_capsule/osfstorage/labelled_images/Reduced mucosal view/c11b28a8b2344716_76386.jpg,True,c29e7e46482ac0cd43d7fbef156e2dcc4246be2eeee0c58b6393be25fd4d3f96,336,336,\N
/content/drive/MyDrive/MMVQA_Clinical/data/raw/kvasir_capsule/osfstorage/labelled_images/Reduced mucosal view/c11b28a8b2344716_76416.jpg,data/raw/kvasir_capsule/osfstorage/labelled_images/Reduced mucosal view/c11b28a8b2344716_76416.jpg,True,7cd72b9ca1f5def999fa2e095174279a43d4626d6efde6981afe9439a555d22f,336,336,\N
/content/drive/MyDrive/MMVQA_Clinical/data/raw/kvasir_capsule/osfstorage/labelled_images/Reduced mucosal view/c11b28a8b2344716_76446.jpg,data/raw/kvasir_capsule/osfstorage/labelled_images/Reduced mucosal view/c11b28a8b2344716_76446.jpg,True,d40bdb93ce4df0dde29482ac54183dab02b1cc15bf65af43f50d1f2bb49cc792,336,336,\N
/content/drive/MyDrive/MMVQA_Clinical/data/raw/kvasir_capsule/osfstorage/labelled_images/Reduced mucosal view/c11b28a8b2344716_81892.jpg,data/raw/kvasir_capsule/osfstorage/labelled_images/Reduced mucosal view/c11b28a8b2344716_81892.jpg,True,8203def16de601642fe39ecc8f17eab25d9c57163bb2482a33125d9b84129019,336,336,\N
/content/drive/MyDrive/MMVQA_Clinical/data/raw/kvasir_capsule/osfstorage/labelled_images/Reduced mucosal view/c11b28a8b2344716_81922.jpg,data/raw/kvasir_capsule/osfstorage/labelled_images/Reduced mucosal view/c11b28a8b2344716_81922.jpg,True,f18e92c81717df94932f93d0a9633bdc930da03a4bf6bbf9d01f925fbfe037a4,336,336,\N
/content/drive/MyDrive/MMVQA_Clinical/data/raw/kvasir_capsule/osfstorage/labelled_images/Reduced mucosal view/c11b28a8b2344716_81952.jpg,data/raw/kvasir_capsule/osfstorage/labelled_images/Reduced mucosal view/c11b28a8b2344716_81952.jpg,True,386ecd234764ae8eeed5fe60e916430f2b4f0b2a5a84015db882b10df0de3418,336,336,\N
/content/drive/MyDrive/MMVQA_Clinical/data/raw/kvasir_capsule/osfstorage/labelled_images/Reduced mucosal view/c11b28a8b2344716_81982.jpg,data/raw/kvasir_capsule/osfstorage/labelled_images/Reduced mucosal view/c11b28a8b2344716_81982.jpg,True,e0f5b6ce79a4287842df3c35917f06cebeb47f1c9a33e3bd7e5fc193083ada3b,336,336,\N
/content/drive/MyDrive/MMVQA_Clinical/data/raw/kvasir_capsule/osfstorage/labelled_images/Reduced mucosal view/c11b28a8b2344716_82012.jpg,data/raw/kvasir_capsule/osfstorage/labelled_images/Reduced mucosal view/c11b28a8b2344716_82012.jpg,True,713ca623164b330a388f05e3e71817296fe0a2638c4d4401aebe9b4870ac0d1e,336,336,\N
/content/drive/MyDrive/MMVQA_Clinical/data/raw/kvasir_capsule/osfstorage/labelled_images/Reduced mucosal view/dc221ccc65d34010_36993.jpg,data/raw/kvasir_capsule/osfstorage/labelled_images/Reduced mucosal view/dc221ccc65d34010_36993.jpg,True,cf87e10ae144295e75884fd46333a5890cb86a1c40b4aaf248409663cfd441cb,336,336,\N
/content/drive/MyDrive/MMVQA_Clinical/data/raw/kvasir_capsule/osfstorage/labelled_images/Reduced mucosal view/dc221ccc65d34010_37023.jpg,data/raw/kvasir_capsule/osfstorage/labelled_images/Reduced mucosal view/dc221ccc65d34010_37023.jpg,True,5554a4b95c94e3f33c979056b62b7f9a18e74b7ca0e026d69d5583892328b6e7,336,336,\N
/content/drive/MyDrive/MMVQA_Clinical/data/raw/kvasir_capsule/osfstorage/labelled_images/Reduced mucosal view/dc221ccc65d34010_37053.jpg,data/raw/kvasir_capsule/osfstorage/labelled_images/Reduced mucosal view/dc221ccc65d34010_37053.jpg,True,490d51c4f41fab9ad9abf5ba76e8417aa0c01db39b378f5d2f9b2520b3a76c9e,336,336,\N
/content/drive/MyDrive/MMVQA_Clinical/data/raw/kvasir_capsule/osfstorage/labelled_images/Reduced mucosal view/dc221ccc65d34010_37083.jpg,data/raw/kvasir_capsule/osfstorage/labelled_images/Reduced mucosal view/dc221ccc65d34010_37083.jpg,True,c90b54bfa449a2ff886d1bab5add1843d06349967d4a34be35c0a1aeee24e1ab,336,336,\N
/content/drive/MyDrive/MMVQA_Clinical/data/raw/kvasir_capsule/osfstorage/labelled_images/Reduced mucosal view/dc221ccc65d34010_37113.jpg,data/raw/kvasir_capsule/osfstorage/labelled_images/Reduced mucosal view/dc221ccc65d34010_37113.jpg,True,512eebf239f653487339a70d6e157c1711324d7ec9aaa684f9fd89670b6a1d49,336,336,\N
/content/drive/MyDrive/MMVQA_Clinical/data/raw/kvasir_capsule/osfstorage/labelled_images/Reduced mucosal view/dc221ccc65d34010_48909.jpg,data/raw/kvasir_capsule/osfstorage/labelled_images/Reduced mucosal view/dc221ccc65d34010_48909.jpg,True,931d5ec38f184b1a33ce97ac6692e6024e03fdd65a1e279d5af68ac50d286dc1,336,336,\N
/content/drive/MyDrive/MMVQA_Clinical/data/raw/kvasir_capsule/osfstorage/labelled_images/Reduced mucosal view/dc221ccc65d34010_48939.jpg,data/raw/kvasir_capsule/osfstorage/labelled_images/Reduced mucosal view/dc221ccc65d34010_48939.jpg,True,3fbb7c86c0068654febcb3f17946244bc121bb19f5c8fbe45eec8c27af13216f,336,336,\N
/content/drive/MyDrive/MMVQA_Clinical/data/raw/kvasir_capsule/osfstorage/labelled_images/Reduced mucosal view/dc221ccc65d34010_48969.jpg,data/raw/kvasir_capsule/osfstorage/labelled_images/Reduced mucosal view/dc221ccc65d34010_48969.jpg,True,a62769fa2498296fe6be91ab1133ac6c8f9cb86d49993614323878fffa4f40c5,336,336,\N
/content/drive/MyDrive/MMVQA_Clinical/data/raw/kvasir_capsule/osfstorage/labelled_images/Reduced mucosal view/dc221ccc65d34010_48999.jpg,data/raw/kvasir_capsule/osfstorage/labelled_images/Reduced mucosal view/dc221ccc65d34010_48999.jpg,True,dd87bc2419eb5c7875c8502ec6f7551679b9879a9dbfe1f81caf6a2de9026f4f,336,336,\N
/content/drive/MyDrive/MMVQA_Clinical/data/raw/kvasir_capsule/osfstorage/labelled_images/Reduced mucosal view/dc221ccc65d34010_49029.jpg,data/raw/kvasir_capsule/osfstorage/labelled_images/Reduced mucosal view/dc221ccc65d34010_49029.jpg,True,69ad138b4fd78b103123650188d88279fe7f75b1491d954b009e44f9c13cb37f,336,336,\N
/content/drive/MyDrive/MMVQA_Clinical/data/raw/kvasir_capsule/osfstorage/labelled_images/Ulcer/2fc3db471f9d44c0_1253.jpg,data/raw/kvasir_capsule/osfstorage/labelled_images/Ulcer/2fc3db471f9d44c0_1253.jpg,True,220cbf5f2e4175208ba7fe8709e330c530772d99472dc3026983355b14eb47f7,336,336,\N
/content/drive/MyDrive/MMVQA_Clinical/data/raw/kvasir_capsule/osfstorage/labelled_images/Ulcer/2fc3db471f9d44c0_1729.jpg,data/raw/kvasir_capsule/osfstorage/labelled_images/Ulcer/2fc3db471f9d44c0_1729.jpg,True,9dae6194ffe700ee895e57081d7fe41ed3ea90f6eabe7769522fd1d85c584d0c,336,336,\N
/content/drive/MyDrive/MMVQA_Clinical/data/raw/kvasir_capsule/osfstorage/labelled_images/Ulcer/2fc3db471f9d44c0_2541.jpg,data/raw/kvasir_capsule/osfstorage/labelled_images/Ulcer/2fc3db471f9d44c0_2541.jpg,True,f0c0b6b2ea32020b7fd1076702d8f448aad120aa8db45b6faab4bd612eb23f8f,336,336,\N
/content/drive/MyDrive/MMVQA_Clinical/data/raw/kvasir_capsule/osfstorage/labelled_images/Ulcer/2fc3db471f9d44c0_2560.jpg,data/raw/kvasir_capsule/osfstorage/labelled_images/Ulcer/2fc3db471f9d44c0_2560.jpg,True,93e8f548659a920e6c09f5dac55c84e5c56f71b309db6c54fb7ed92856177602,336,336,\N
/content/drive/MyDrive/MMVQA_Clinical/data/raw/kvasir_capsule/osfstorage/labelled_images/Ulcer/2fc3db471f9d44c0_2571.jpg,data/raw/kvasir_capsule/osfstorage/labelled_images/Ulcer/2fc3db471f9d44c0_2571.jpg,True,004c93a15a3c0f1adfdbb389ca383012c928a9b62854f4c34c0efcfdecaf7c45,336,336,\N
/content/drive/MyDrive/MMVQA_Clinical/data/raw/kvasir_capsule/osfstorage/labelled_images/Ulcer/2fc3db471f9d44c0_5445.jpg,data/raw/kvasir_capsule/osfstorage/labelled_images/Ulcer/2fc3db471f9d44c0_5445.jpg,True,e95c165d89afd8f34e3949f3aefd93f9c16ff6f65c157501e9bf099a57998eb3,336,336,\N
/content/drive/MyDrive/MMVQA_Clinical/data/raw/kvasir_capsule/osfstorage/labelled_images/Ulcer/2fc3db471f9d44c0_5475.jpg,data/raw/kvasir_capsule/osfstorage/labelled_images/Ulcer/2fc3db471f9d44c0_5475.jpg,True,621fbce10533f31f87f582f4006d5d8aefcd4ba244423cb53c5f62702556b1d8,336,336,\N
/content/drive/MyDrive/MMVQA_Clinical/data/raw/kvasir_capsule/osfstorage/labelled_images/Ulcer/2fc3db471f9d44c0_5505.jpg,data/raw/kvasir_capsule/osfstorage/labelled_images/Ulcer/2fc3db471f9d44c0_5505.jpg,True,1e0a35a34642f2df5205a64a818ff0275260b29ac0845033e98830d674fe35b5,336,336,\N
/content/drive/MyDrive/MMVQA_Clinical/data/raw/kvasir_capsule/osfstorage/labelled_images/Ulcer/7a47e8eacea04e64_51286.jpg,data/raw/kvasir_capsule/osfstorage/labelled_images/Ulcer/7a47e8eacea04e64_51286.jpg,True,c980da101c70828354aedc6cd036a5d5e14ad85a7bc949c7e4594565a16193bf,336,336,\N
/content/drive/MyDrive/MMVQA_Clinical/data/raw/kvasir_capsule/osfstorage/labelled_images/Ulcer/7a47e8eacea04e64_51302.jpg,data/raw/kvasir_capsule/osfstorage/labelled_images/Ulcer/7a47e8eacea04e64_51302.jpg,True,c3278e54d43e346a1e4dd387ee778682a846edd413ce2257e2379c8223039258,336,336,\N
/content/drive/MyDrive/MMVQA_Clinical/data/raw/kvasir_capsule/osfstorage/labelled_images/Ulcer/7a47e8eacea04e64_51316.jpg,data/raw/kvasir_capsule/osfstorage/labelled_images/Ulcer/7a47e8eacea04e64_51316.jpg,True,e979be3e8a5cbe7ad2e27c4dec8f85d8dffa7a39779a75fcbb3f503c85ca7ed7,336,336,\N
/content/drive/MyDrive/MMVQA_Clinical/data/raw/kvasir_capsule/osfstorage/labelled_images/Ulcer/7a47e8eacea04e64_51319.jpg,data/raw/kvasir_capsule/osfstorage/labelled_images/Ulcer/7a47e8eacea04e64_51319.jpg,True,967e4feefba43d468fc129a57b4a4895ab2c146fb0e703548115f85223dc2c3b,336,336,\N
/content/drive/MyDrive/MMVQA_Clinical/data/raw/kvasir_capsule/osfstorage/labelled_images/Ulcer/7a47e8eacea04e64_51622.jpg,data/raw/kvasir_capsule/osfstorage/labelled_images/Ulcer/7a47e8eacea04e64_51622.jpg,True,4379610409a08460aa828797f976f0ce5f77644789e6a62c913c47c0594fa45a,336,336,\N
/content/drive/MyDrive/MMVQA_Clinical/data/raw/kvasir_capsule/osfstorage/labelled_images/Ulcer/7a47e8eacea04e64_51981.jpg,data/raw/kvasir_capsule/osfstorage/labelled_images/Ulcer/7a47e8eacea04e64_51981.jpg,True,ae9d4e6182b8cb378db692e221885bfa946a55c4ebed4997cb8146639b924473,336,336,\N
/content/drive/MyDrive/MMVQA_Clinical/data/raw/kvasir_capsule/osfstorage/labelled_images/Ulcer/7a47e8eacea04e64_51983.jpg,data/raw/kvasir_capsule/osfstorage/labelled_images/Ulcer/7a47e8eacea04e64_51983.jpg,True,c58eb1874ccbdebc9c5cda3bf1052794fff8a78b19f5c14c64346976965eb432,336,336,\N
/content/drive/MyDrive/MMVQA_Clinical/data/raw/kvasir_capsule/osfstorage/labelled_images/Ulcer/7a47e8eacea04e64_52011.jpg,data/raw/kvasir_capsule/osfstorage/labelled_images/Ulcer/7a47e8eacea04e64_52011.jpg,True,f0d03342dab1d469737deb5a9d13741313a2455925a5c8a224fa17498f33383a,336,336,\N
/content/drive/MyDrive/MMVQA_Clinical/data/raw/kvasir_capsule/osfstorage/labelled_images/Ulcer/7a47e8eacea04e64_52013.jpg,data/raw/kvasir_capsule/osfstorage/labelled_images/Ulcer/7a47e8eacea04e64_52013.jpg,True,3b43f36e4f266a8e573191523dbbc91ba30693b0f2bd8cd785040699d2eb1bc6,336,336,\N
/content/drive/MyDrive/MMVQA_Clinical/data/raw/kvasir_capsule/osfstorage/labelled_images/Ulcer/7a47e8eacea04e64_52159.jpg,data/raw/kvasir_capsule/osfstorage/labelled_images/Ulcer/7a47e8eacea04e64_52159.jpg,True,1f2074e9bf4a244ed4ae412bc29aced003767df4fb1d6841914ebcf2290fcfeb,336,336,\N
/content/drive/MyDrive/MMVQA_Clinical/data/raw/kvasir_capsule/osfstorage/labelled_images/Ulcer/7a47e8eacea04e64_52280.jpg,data/raw/kvasir_capsule/osfstorage/labelled_images/Ulcer/7a47e8eacea04e64_52280.jpg,True,7e181919e0ad1c67d9f6db334e90d41681b231d6217b68d31c9e47579d6a800a,336,336,\N
/content/drive/MyDrive/MMVQA_Clinical/data/raw/kvasir_capsule/osfstorage/labelled_images/Ulcer/7a47e8eacea04e64_52379.jpg,data/raw/kvasir_capsule/osfstorage/labelled_images/Ulcer/7a47e8eacea04e64_52379.jpg,True,76b6cc5ee24c5891030925a75a05a151bb5953bcb5bb19b54581e9c67f3f435c,336,336,\N
/content/drive/MyDrive/MMVQA_Clinical/data/raw/kvasir_capsule/osfstorage/labelled_images/Ulcer/d626f4f4a5ac4785_25806.jpg,data/raw/kvasir_capsule/osfstorage/labelled_images/Ulcer/d626f4f4a5ac4785_25806.jpg,True,d3d2987a1fb23f9c18dc6e8607f0bae6382ef35880aad74505d20220c304f204,336,336,\N
/content/drive/MyDrive/MMVQA_Clinical/data/raw/kvasir_capsule/osfstorage/labelled_images/Ulcer/d626f4f4a5ac4785_32756.jpg,data/raw/kvasir_capsule/osfstorage/labelled_images/Ulcer/d626f4f4a5ac4785_32756.jpg,True,85bd26633dc1be4d3994e24fbd2985fcba72814b98abe2c7d2a848a8649bb864,336,336,\N
/content/drive/MyDrive/MMVQA_Clinical/data/raw/kvasir_capsule/osfstorage/labelled_images/Ulcer/d626f4f4a5ac4785_38548.jpg,data/raw/kvasir_capsule/osfstorage/labelled_images/Ulcer/d626f4f4a5ac4785_38548.jpg,True,748c28bbdea0e6b3d5d414d908d6d7fdd4a39b04eda74e759e214531602b755e,336,336,\N
/content/drive/MyDrive/MMVQA_Clinical/data/raw/kvasir_capsule/osfstorage/labelled_images/Ulcer/d626f4f4a5ac4785_38563.jpg,data/raw/kvasir_capsule/osfstorage/labelled_images/Ulcer/d626f4f4a5ac4785_38563.jpg,True,12b1cea21f64d63c2fbe4004229550635c57ef3907c0a62296cb5a09bdbed38d,336,336,\N
/content/drive/MyDrive/MMVQA_Clinical/data/raw/kvasir_capsule/osfstorage/labelled_images/Ulcer/d626f4f4a5ac4785_38600.jpg,data/raw/kvasir_capsule/osfstorage/labelled_images/Ulcer/d626f4f4a5ac4785_38600.jpg,True,b7a4a00fb51b97bf94b81ab01b247b21f1881ee109425319d149099f9c310fcf,336,336,\N
/content/drive/MyDrive/MMVQA_Clinical/data/raw/kvasir_capsule/osfstorage/labelled_images/Ulcer/d626f4f4a5ac4785_38668.jpg,data/raw/kvasir_capsule/osfstorage/labelled_images/Ulcer/d626f4f4a5ac4785_38668.jpg,True,ccb8682b83a108bd86b230d387108d1a9a2fec34e29a349e41392521974cff69,336,336,\N
/content/drive/MyDrive/MMVQA_Clinical/data/raw/kvasir_capsule/osfstorage/labelled_images/Ulcer/d626f4f4a5ac4785_38669.jpg,data/raw/kvasir_capsule/osfstorage/labelled_images/Ulcer/d626f4f4a5ac4785_38669.jpg,True,83023e757f1ae2075422ab85651b70f99f5fcbd2a74efd8f95e3522840110ba6,336,336,\N
/content/drive/MyDrive/MMVQA_Clinical/data/raw/kvasir_capsule/osfstorage/labelled_images/Ulcer/d626f4f4a5ac4785_38698.jpg,data/raw/kvasir_capsule/osfstorage/labelled_images/Ulcer/d626f4f4a5ac4785_38698.jpg,True,717644aaf76093cb4ea5e9ee9dadbce268f2b0f28625846466190324f3645e95,336,336,\N
/content/drive/MyDrive/MMVQA_Clinical/data/raw/kvasir_capsule/osfstorage/labelled_images/Ulcer/d626f4f4a5ac4785_38699.jpg,data/raw/kvasir_capsule/osfstorage/labelled_images/Ulcer/d626f4f4a5ac4785_38699.jpg,True,7670f06b1800bd25e75d78db423f82fee35efcce6167a168325baa073625f74d,336,336,\N
/content/drive/MyDrive/MMVQA_Clinical/data/raw/kvasir_capsule/osfstorage/labelled_images/Ulcer/d626f4f4a5ac4785_44885.jpg,data/raw/kvasir_capsule/osfstorage/labelled_images/Ulcer/d626f4f4a5ac4785_44885.jpg,True,189c2c5d42ccc61c32579532118bce32f67a91996cc5462fd2e2d8068e90e5a9,336,336,\N
/content/drive/MyDrive/MMVQA_Clinical/data/raw/kvasir_capsule/osfstorage/labelled_images/Ulcer/d626f4f4a5ac4785_48337.jpg,data/raw/kvasir_capsule/osfstorage/labelled_images/Ulcer/d626f4f4a5ac4785_48337.jpg,True,9ac77fa872665e1ba68ccd902ca2b39e6a309c183cc4096a181a20a7f08b1df5,336,336,\N
/content/drive/MyDrive/MMVQA_Clinical/data/raw/kvasir_capsule/osfstorage/labelled_images/Ulcer/d626f4f4a5ac4785_48348.jpg,data/raw/kvasir_capsule/osfstorage/labelled_images/Ulcer/d626f4f4a5ac4785_48348.jpg,True,1d7c894872a36544e4c9f07a7264fc8deb1fbd547ab4c1daab93cc4f62f63a2d,336,336,\N
/content/drive/MyDrive/MMVQA_Clinical/data/raw/kvasir_capsule/osfstorage/labelled_images/Ulcer/d626f4f4a5ac4785_48365.jpg,data/raw/kvasir_capsule/osfstorage/labelled_images/Ulcer/d626f4f4a5ac4785_48365.jpg,True,91a73266ed1995c01ca90c075598ecea2378b2b21277341ac7024a0f4e64452e,336,336,\N
/content/drive/MyDrive/MMVQA_Clinical/data/raw/kvasir_capsule/osfstorage/labelled_images/Ulcer/d626f4f4a5ac4785_48367.jpg,data/raw/kvasir_capsule/osfstorage/labelled_images/Ulcer/d626f4f4a5ac4785_48367.jpg,True,6b1c04e7dfeea769ff716ff255c79f63b2d8398510ced6b6ea4d6277a979c1f9,336,336,\N
/content/drive/MyDrive/MMVQA_Clinical/data/raw/kvasir_capsule/osfstorage/labelled_images/Ulcer/d626f4f4a5ac4785_48370.jpg,data/raw/kvasir_capsule/osfstorage/labelled_images/Ulcer/d626f4f4a5ac4785_48370.jpg,True,fab5771032a1fe5da20579f8cabe67f29c8a863f6df6c79e1d4aa2951333073a,336,336,\N
/content/drive/MyDrive/MMVQA_Clinical/data/raw/kvasir_capsule/osfstorage/labelled_images/Ulcer/d626f4f4a5ac4785_48378.jpg,data/raw/kvasir_capsule/osfstorage/labelled_images/Ulcer/d626f4f4a5ac4785_48378.jpg,True,991ddbdfa68e2cd83dd24b9b2778ceec5dedef1e8e883ddf0c34b94962ec50d0,336,336,\N
/content/drive/MyDrive/MMVQA_Clinical/data/raw/kvasir_capsule/osfstorage/labelled_images/Ulcer/d626f4f4a5ac4785_48394.jpg,data/raw/kvasir_capsule/osfstorage/labelled_images/Ulcer/d626f4f4a5ac4785_48394.jpg,True,1ae0907bdd9139e12a8ef9040282c8e9e322295c3ed33ce3122d13157638d1d5,336,336,\N
/content/drive/MyDrive/MMVQA_Clinical/data/raw/kvasir_capsule/osfstorage/labelled_images/Ulcer/d626f4f4a5ac4785_48395.jpg,data/raw/kvasir_capsule/osfstorage/labelled_images/Ulcer/d626f4f4a5ac4785_48395.jpg,True,e1bfd77b61d1147d48e519fc9e48b6de06748651fe8d620ca64b86422a5d5820,336,336,\N
/content/drive/MyDrive/MMVQA_Clinical/data/raw/kvasir_capsule/osfstorage/labelled_images/Ulcer/d626f4f4a5ac4785_48397.jpg,data/raw/kvasir_capsule/osfstorage/labelled_images/Ulcer/d626f4f4a5ac4785_48397.jpg,True,07bdf7ce9c890cc761e4612dedafc6696732b9f46e07a76966778fc9ea1f41d9,336,336,\N
/content/drive/MyDrive/MMVQA_Clinical/data/raw/kvasir_capsule/osfstorage/labelled_images/Ulcer/d626f4f4a5ac4785_48400.jpg,data/raw/kvasir_capsule/osfstorage/labelled_images/Ulcer/d626f4f4a5ac4785_48400.jpg,True,57a79b89d1c4cd2bf9d18f5cca7c857fa7d77309210bae9aaff7ee9e582c2c02,336,336,\N
/content/drive/MyDrive/MMVQA_Clinical/data/raw/kvasir_capsule/osfstorage/labelled_images/Ulcer/d626f4f4a5ac4785_48401.jpg,data/raw/kvasir_capsule/osfstorage/labelled_images/Ulcer/d626f4f4a5ac4785_48401.jpg,True,ba14cd11052466ca03d5f4da80308b3efecc7abb395da4d24f0b06b543f8f1e7,336,336,\N
/content/drive/MyDrive/MMVQA_Clinical/data/raw/kvasir_capsule/osfstorage/labelled_images/Ulcer/d626f4f4a5ac4785_48408.jpg,data/raw/kvasir_capsule/osfstorage/labelled_images/Ulcer/d626f4f4a5ac4785_48408.jpg,True,00827aedc9f87a92d218192abd258dab9326d494a3c147444631af6c0531c04c,336,336,\N
/content/drive/MyDrive/MMVQA_Clinical/data/raw/kvasir_capsule/osfstorage/labelled_images/Ulcer/d626f4f4a5ac4785_48410.jpg,data/raw/kvasir_capsule/osfstorage/labelled_images/Ulcer/d626f4f4a5ac4785_48410.jpg,True,225907ac9ceae02e9d5a75a80ca2490c69add2a66aa060dd43ba903a66b3e6d6,336,336,\N
/content/drive/MyDrive/MMVQA_Clinical/data/raw/kvasir_capsule/osfstorage/labelled_images/Ulcer/d626f4f4a5ac4785_48411.jpg,data/raw/kvasir_capsule/osfstorage/labelled_images/Ulcer/d626f4f4a5ac4785_48411.jpg,True,c72b3132318840dc4e01332fb3ab1b88b175df05e3565ded813994ce324ac02e,336,336,\N
/content/drive/MyDrive/MMVQA_Clinical/data/raw/kvasir_capsule/osfstorage/labelled_images/Ulcer/d626f4f4a5ac4785_48416.jpg,data/raw/kvasir_capsule/osfstorage/labelled_images/Ulcer/d626f4f4a5ac4785_48416.jpg,True,a1ddcde8dac34591ea4968884d0cf6e7eaa7d4db04992f124bd67dd26ce14872,336,336,\N
/content/drive/MyDrive/MMVQA_Clinical/data/raw/kvasir_capsule/osfstorage/labelled_images/Ulcer/d626f4f4a5ac4785_48419.jpg,data/raw/kvasir_capsule/osfstorage/labelled_images/Ulcer/d626f4f4a5ac4785_48419.jpg,True,d0905d519e26bb3381f741a4f3c256e4815f1ab6f86f34aa052f7a8e9434d448,336,336,\N
/content/drive/MyDrive/MMVQA_Clinical/data/raw/kvasir_capsule/osfstorage/labelled_images/Ulcer/d626f4f4a5ac4785_48422.jpg,data/raw/kvasir_capsule/osfstorage/labelled_images/Ulcer/d626f4f4a5ac4785_48422.jpg,True,37e4c3eaf83d8c9e358f9ae3a1f78aa6aace2361f34618f30db1a8e242ab23b6,336,336,\N
/content/drive/MyDrive/MMVQA_Clinical/data/raw/kvasir_capsule/osfstorage/labelled_images/Ulcer/d626f4f4a5ac4785_48424.jpg,data/raw/kvasir_capsule/osfstorage/labelled_images/Ulcer/d626f4f4a5ac4785_48424.jpg,True,7d2c006efbf850c75309d006e6712a1f5e69e2cf0ac8791db9550ab2bb3efa57,336,336,\N
/content/drive/MyDrive/MMVQA_Clinical/data/raw/kvasir_capsule/osfstorage/labelled_images/Ulcer/d626f4f4a5ac4785_48425.jpg,data/raw/kvasir_capsule/osfstorage/labelled_images/Ulcer/d626f4f4a5ac4785_48425.jpg,True,02e31ef67134f1acd1e276b05d828081f1fd37e7e3ce160e265339e58c73f47f,336,336,\N
/content/drive/MyDrive/MMVQA_Clinical/data/raw/kvasir_capsule/osfstorage/labelled_images/Ulcer/d626f4f4a5ac4785_48427.jpg,data/raw/kvasir_capsule/osfstorage/labelled_images/Ulcer/d626f4f4a5ac4785_48427.jpg,True,1a489415ebbd8d5ad619eef10f8461809365f468b0608ab0164490a1a9ea35a3,336,336,\N
/content/drive/MyDrive/MMVQA_Clinical/data/raw/kvasir_capsule/osfstorage/labelled_images/Ulcer/d626f4f4a5ac4785_48429.jpg,data/raw/kvasir_capsule/osfstorage/labelled_images/Ulcer/d626f4f4a5ac4785_48429.jpg,True,8beda1d5650f6d7c58f13a8b5e8084d19a9e2e5f4508b185ff65fa2b1a54ec0b,336,336,\N
/content/drive/MyDrive/MMVQA_Clinical/data/raw/kvasir_capsule/osfstorage/labelled_images/Ulcer/d626f4f4a5ac4785_48430.jpg,data/raw/kvasir_capsule/osfstorage/labelled_images/Ulcer/d626f4f4a5ac4785_48430.jpg,True,347fdc1b256e8cd6d0acc201986fc399349fb0208fe8f219e58ac31095154b7c,336,336,\N
/content/drive/MyDrive/MMVQA_Clinical/data/raw/kvasir_capsule/osfstorage/labelled_images/Ulcer/d626f4f4a5ac4785_48431.jpg,data/raw/kvasir_capsule/osfstorage/labelled_images/Ulcer/d626f4f4a5ac4785_48431.jpg,True,325b49f7392afb8a30e66a5212bc380207a85dc5fad65eb8e8dd085bf9b57dac,336,336,\N
/content/drive/MyDrive/MMVQA_Clinical/data/raw/kvasir_capsule/osfstorage/labelled_images/Ulcer/d626f4f4a5ac4785_48438.jpg,data/raw/kvasir_capsule/osfstorage/labelled_images/Ulcer/d626f4f4a5ac4785_48438.jpg,True,75582e1ac7f664200f455465d8bcfe5ef0e410d352588199c2487eec8eb86e8c,336,336,\N
/content/drive/MyDrive/MMVQA_Clinical/data/raw/kvasir_capsule/osfstorage/labelled_images/Ulcer/d626f4f4a5ac4785_48440.jpg,data/raw/kvasir_capsule/osfstorage/labelled_images/Ulcer/d626f4f4a5ac4785_48440.jpg,True,8baedc44c169aa91c4273a7c0e272ba07e47db4e3d5225e8d0c25ab4eee74089,336,336,\N
/content/drive/MyDrive/MMVQA_Clinical/data/raw/kvasir_capsule/osfstorage/labelled_images/Ulcer/d626f4f4a5ac4785_48441.jpg,data/raw/kvasir_capsule/osfstorage/labelled_images/Ulcer/d626f4f4a5ac4785_48441.jpg,True,f1d9dae8244f68079c148138bbab8a5e172e8e28bf05ac043f20b066b1525b7d,336,336,\N
/content/drive/MyDrive/MMVQA_Clinical/data/raw/kvasir_capsule/osfstorage/labelled_images/Ulcer/d626f4f4a5ac4785_48454.jpg,data/raw/kvasir_capsule/osfstorage/labelled_images/Ulcer/d626f4f4a5ac4785_48454.jpg,True,ddda9f5551592f54a628f3bb0ac61c13dda33b19fbd692de3c36712079c7b078,336,336,\N
/content/drive/MyDrive/MMVQA_Clinical/data/raw/kvasir_capsule/osfstorage/labelled_images/Ulcer/d626f4f4a5ac4785_48457.jpg,data/raw/kvasir_capsule/osfstorage/labelled_images/Ulcer/d626f4f4a5ac4785_48457.jpg,True,1856b6421b5d704105d24a35beb1f9cd41b49579a0f1ec9ce96b5049abfda9cb,336,336,\N
/content/drive/MyDrive/MMVQA_Clinical/data/raw/kvasir_capsule/osfstorage/labelled_images/Ulcer/d626f4f4a5ac4785_48459.jpg,data/raw/kvasir_capsule/osfstorage/labelled_images/Ulcer/d626f4f4a5ac4785_48459.jpg,True,f8fbd828aaccc1ab3546715b2ba6d286a24301df6d3250e79438f627d5d7752e,336,336,\N
/content/drive/MyDrive/MMVQA_Clinical/data/raw/kvasir_capsule/osfstorage/labelled_images/Ulcer/d626f4f4a5ac4785_48460.jpg,data/raw/kvasir_capsule/osfstorage/labelled_images/Ulcer/d626f4f4a5ac4785_48460.jpg,True,32a736eb7ef1487f3b4e704ef1c2e1773bf3db649b4b207a9abfa3153a5adb2b,336,336,\N
/content/drive/MyDrive/MMVQA_Clinical/data/raw/kvasir_capsule/osfstorage/labelled_images/Ulcer/d626f4f4a5ac4785_48461.jpg,data/raw/kvasir_capsule/osfstorage/labelled_images/Ulcer/d626f4f4a5ac4785_48461.jpg,True,e5494ef5376a1991ddc932c2adb78e48ec2548b5e2fe8fef218d8c9a028d9983,336,336,\N
/content/drive/MyDrive/MMVQA_Clinical/data/raw/kvasir_capsule/osfstorage/labelled_images/Ulcer/d626f4f4a5ac4785_48468.jpg,data/raw/kvasir_capsule/osfstorage/labelled_images/Ulcer/d626f4f4a5ac4785_48468.jpg,True,507143aa5d8a10e955025a90cc40a9ef84e25a83ec74019bf839c534da4f1369,336,336,\N
/content/drive/MyDrive/MMVQA_Clinical/data/raw/kvasir_capsule/osfstorage/labelled_images/Ulcer/d626f4f4a5ac4785_48470.jpg,data/raw/kvasir_capsule/osfstorage/labelled_images/Ulcer/d626f4f4a5ac4785_48470.jpg,True,addafa98a6f0231aa1155c93947684fc4db3436042b339d298805daaf1fc6ef1,336,336,\N
/content/drive/MyDrive/MMVQA_Clinical/data/raw/kvasir_capsule/osfstorage/labelled_images/Ulcer/d626f4f4a5ac4785_48471.jpg,data/raw/kvasir_capsule/osfstorage/labelled_images/Ulcer/d626f4f4a5ac4785_48471.jpg,True,b438986bb407e99d86fc8f08a304e5c858511231dadc215d9d7206f253bad844,336,336,\N
/content/drive/MyDrive/MMVQA_Clinical/data/raw/kvasir_capsule/osfstorage/labelled_images/Ulcer/d626f4f4a5ac4785_48475.jpg,data/raw/kvasir_capsule/osfstorage/labelled_images/Ulcer/d626f4f4a5ac4785_48475.jpg,True,39bdf566a2a17d74a2a8b2ced0c6655d3122ba599adab283748fac0d465c9828,336,336,\N
/content/drive/MyDrive/MMVQA_Clinical/data/raw/kvasir_capsule/osfstorage/labelled_images/Ulcer/d626f4f4a5ac4785_48476.jpg,data/raw/kvasir_capsule/osfstorage/labelled_images/Ulcer/d626f4f4a5ac4785_48476.jpg,True,1cb6a521f991a8db4e8f45ef1702c438823bb1806db48ea13509e892c2ca440e,336,336,\N
/content/drive/MyDrive/MMVQA_Clinical/data/raw/kvasir_capsule/osfstorage/labelled_images/Ulcer/d626f4f4a5ac4785_48479.jpg,data/raw/kvasir_capsule/osfstorage/labelled_images/Ulcer/d626f4f4a5ac4785_48479.jpg,True,f706518c944e862c19392b62e83de7883240c5bdb7cd31e972196409dc737765,336,336,\N
/content/drive/MyDrive/MMVQA_Clinical/data/raw/kvasir_capsule/osfstorage/labelled_images/Ulcer/d626f4f4a5ac4785_48482.jpg,data/raw/kvasir_capsule/osfstorage/labelled_images/Ulcer/d626f4f4a5ac4785_48482.jpg,True,55eb5d1cb8c4ea76c4fa823d96fddb292b6a56d1c6482ed8b748c7402b7ef481,336,336,\N
/content/drive/MyDrive/MMVQA_Clinical/data/raw/kvasir_capsule/osfstorage/labelled_images/Ulcer/d626f4f4a5ac4785_48484.jpg,data/raw/kvasir_capsule/osfstorage/labelled_images/Ulcer/d626f4f4a5ac4785_48484.jpg,True,ba0c7eee14c86fcdfee219dbc8c854cae608a524e8bcc6f89fbf8b3100b752cf,336,336,\N
/content/drive/MyDrive/MMVQA_Clinical/data/raw/kvasir_capsule/osfstorage/labelled_images/Ulcer/d626f4f4a5ac4785_48485.jpg,data/raw/kvasir_capsule/osfstorage/labelled_images/Ulcer/d626f4f4a5ac4785_48485.jpg,True,c437a685c50bfe30dfdbe888410f80415589ee4d33404aab93be14dfa6c03499,336,336,\N
/content/drive/MyDrive/MMVQA_Clinical/data/raw/kvasir_capsule/osfstorage/labelled_images/Ulcer/d626f4f4a5ac4785_48487.jpg,data/raw/kvasir_capsule/osfstorage/labelled_images/Ulcer/d626f4f4a5ac4785_48487.jpg,True,b5b5e66875a7069a087e4767892d6802521d3710764faeedb30d3b88e7a13799,336,336,\N
/content/drive/MyDrive/MMVQA_Clinical/data/raw/kvasir_capsule/osfstorage/labelled_images/Ulcer/d626f4f4a5ac4785_48489.jpg,data/raw/kvasir_capsule/osfstorage/labelled_images/Ulcer/d626f4f4a5ac4785_48489.jpg,True,add0a8202d7fe5cbed7abd372849f6c522f9e9112d71155a0f7c6e654177acc5,336,336,\N
/content/drive/MyDrive/MMVQA_Clinical/data/raw/kvasir_capsule/osfstorage/labelled_images/Ulcer/d626f4f4a5ac4785_48491.jpg,data/raw/kvasir_capsule/osfstorage/labelled_images/Ulcer/d626f4f4a5ac4785_48491.jpg,True,3b223145e652da26cea980e3834aa6a8e5d7446a5e7ff5bdc53b6650f9934039,336,336,\N
/content/drive/MyDrive/MMVQA_Clinical/data/raw/kvasir_capsule/osfstorage/labelled_images/Ulcer/d626f4f4a5ac4785_48500.jpg,data/raw/kvasir_capsule/osfstorage/labelled_images/Ulcer/d626f4f4a5ac4785_48500.jpg,True,87bef617a2784c2d6a185443286147807e565ffa31435575c1da862f3165754d,336,336,\N
/content/drive/MyDrive/MMVQA_Clinical/data/raw/kvasir_capsule/osfstorage/labelled_images/Ulcer/d626f4f4a5ac4785_48501.jpg,data/raw/kvasir_capsule/osfstorage/labelled_images/Ulcer/d626f4f4a5ac4785_48501.jpg,True,7b61fea6ea6d75e0248aa2442b4bc6d10f5b5d341b247fdb4ecde052659ce06e,336,336,\N
/content/drive/MyDrive/MMVQA_Clinical/data/raw/kvasir_capsule/osfstorage/labelled_images/Ulcer/d626f4f4a5ac4785_48505.jpg,data/raw/kvasir_capsule/osfstorage/labelled_images/Ulcer/d626f4f4a5ac4785_48505.jpg,True,1dc9f624bceabd444bde20f96da5020609b8b57d3c5c7a4b749d97fafb65464a,336,336,\N
/content/drive/MyDrive/MMVQA_Clinical/data/raw/kvasir_capsule/osfstorage/labelled_images/Ulcer/d626f4f4a5ac4785_48506.jpg,data/raw/kvasir_capsule/osfstorage/labelled_images/Ulcer/d626f4f4a5ac4785_48506.jpg,True,2d0da9fdedf38edb1dd26de7cc0d4f850c34638e95b0a8cde6e15bbb48607ae7,336,336,\N
/content/drive/MyDrive/MMVQA_Clinical/data/raw/kvasir_capsule/osfstorage/labelled_images/Ulcer/d626f4f4a5ac4785_48509.jpg,data/raw/kvasir_capsule/osfstorage/labelled_images/Ulcer/d626f4f4a5ac4785_48509.jpg,True,5ab71b54d765d8613973b04b69903e869256d2dbee15387dafff2dd8535aa36a,336,336,\N
/content/drive/MyDrive/MMVQA_Clinical/data/raw/kvasir_capsule/osfstorage/labelled_images/Ulcer/d626f4f4a5ac4785_48510.jpg,data/raw/kvasir_capsule/osfstorage/labelled_images/Ulcer/d626f4f4a5ac4785_48510.jpg,True,da50255f811a22fb6240205b7eddeb4a4b1a0561897431d0208ce1571974eaaa,336,336,\N
/content/drive/MyDrive/MMVQA_Clinical/data/raw/kvasir_capsule/osfstorage/labelled_images/Ulcer/d626f4f4a5ac4785_48512.jpg,data/raw/kvasir_capsule/osfstorage/labelled_images/Ulcer/d626f4f4a5ac4785_48512.jpg,True,4e7a72edbbdb15c13a5c771aa0b22e7b25e116bf8cdf2032de93a434ee6d5b62,336,336,\N
/content/drive/MyDrive/MMVQA_Clinical/data/raw/kvasir_capsule/osfstorage/labelled_images/Ulcer/d626f4f4a5ac4785_48514.jpg,data/raw/kvasir_capsule/osfstorage/labelled_images/Ulcer/d626f4f4a5ac4785_48514.jpg,True,22038ed4e7f367f7375e2efc831360c42ad961ed2d66e2d57c01f61db3bb484e,336,336,\N
/content/drive/MyDrive/MMVQA_Clinical/data/raw/kvasir_capsule/osfstorage/labelled_images/Ulcer/d626f4f4a5ac4785_48515.jpg,data/raw/kvasir_capsule/osfstorage/labelled_images/Ulcer/d626f4f4a5ac4785_48515.jpg,True,6a17495648d9e59acd7d8a49f7220ecd5725553e2995db618aea1488ef858e89,336,336,\N
/content/drive/MyDrive/MMVQA_Clinical/data/raw/kvasir_capsule/osfstorage/labelled_images/Ulcer/d626f4f4a5ac4785_48517.jpg,data/raw/kvasir_capsule/osfstorage/labelled_images/Ulcer/d626f4f4a5ac4785_48517.jpg,True,532f75df4ae4f859ddda01dfe87d62a479108e8d3a573f0d9b7a0a6c1a2b454b,336,336,\N
/content/drive/MyDrive/MMVQA_Clinical/data/raw/kvasir_capsule/osfstorage/labelled_images/Ulcer/d626f4f4a5ac4785_48519.jpg,data/raw/kvasir_capsule/osfstorage/labelled_images/Ulcer/d626f4f4a5ac4785_48519.jpg,True,86788ceb1e4a3b87e884cea7dfde4624fe98f24b3f887f9417a888138e942cd0,336,336,\N
/content/drive/MyDrive/MMVQA_Clinical/data/raw/kvasir_capsule/osfstorage/labelled_images/Ulcer/d626f4f4a5ac4785_48521.jpg,data/raw/kvasir_capsule/osfstorage/labelled_images/Ulcer/d626f4f4a5ac4785_48521.jpg,True,23652629334740e9f35beea495bee6745791595455c429f1e8e56b809dbe73ee,336,336,\N
/content/drive/MyDrive/MMVQA_Clinical/data/raw/kvasir_capsule/osfstorage/labelled_images/Ulcer/d626f4f4a5ac4785_48526.jpg,data/raw/kvasir_capsule/osfstorage/labelled_images/Ulcer/d626f4f4a5ac4785_48526.jpg,True,a7f46d359dbbe1a38c4d707fabfd8b652447102c68bb037ac4d17cc5c3fee2f5,336,336,\N
/content/drive/MyDrive/MMVQA_Clinical/data/raw/kvasir_capsule/osfstorage/labelled_images/Ulcer/d626f4f4a5ac4785_48528.jpg,data/raw/kvasir_capsule/osfstorage/labelled_images/Ulcer/d626f4f4a5ac4785_48528.jpg,True,f44855b56f5fa73da0534deac92f45f0358297bc2d9c2dacb4d9d8b17f592fb7,336,336,\N
/content/drive/MyDrive/MMVQA_Clinical/data/raw/kvasir_capsule/osfstorage/labelled_images/Ulcer/d626f4f4a5ac4785_48529.jpg,data/raw/kvasir_capsule/osfstorage/labelled_images/Ulcer/d626f4f4a5ac4785_48529.jpg,True,8976d99a25e500acd1e231b35867a3ed88d26d5b346f970d192c47c6fc667543,336,336,\N
/content/drive/MyDrive/MMVQA_Clinical/data/raw/kvasir_capsule/osfstorage/labelled_images/Ulcer/d626f4f4a5ac4785_48531.jpg,data/raw/kvasir_capsule/osfstorage/labelled_images/Ulcer/d626f4f4a5ac4785_48531.jpg,True,c153eb6c2d4eee46bceffedbd63bb71c7fd869fdbc08ee5bee39200d5013256a,336,336,\N
/content/drive/MyDrive/MMVQA_Clinical/data/raw/kvasir_capsule/osfstorage/labelled_images/Ulcer/d626f4f4a5ac4785_48535.jpg,data/raw/kvasir_capsule/osfstorage/labelled_images/Ulcer/d626f4f4a5ac4785_48535.jpg,True,d501e1dc58d1f1569093bdc31fb65c266cfcd5dc6ff63085b016ce6bad16a305,336,336,\N
/content/drive/MyDrive/MMVQA_Clinical/data/raw/kvasir_capsule/osfstorage/labelled_images/Ulcer/d626f4f4a5ac4785_48536.jpg,data/raw/kvasir_capsule/osfstorage/labelled_images/Ulcer/d626f4f4a5ac4785_48536.jpg,True,f7c3c7c810bc306f2a6e4f6e7b29d36a5cd38f659a888b55b1a66c2c3b06f2ac,336,336,\N
/content/drive/MyDrive/MMVQA_Clinical/data/raw/kvasir_capsule/osfstorage/labelled_images/Ulcer/d626f4f4a5ac4785_48539.jpg,data/raw/kvasir_capsule/osfstorage/labelled_images/Ulcer/d626f4f4a5ac4785_48539.jpg,True,a2cadd683fb27649956d51b06bbfea0793a0f3e7173b6a8c81494a981585ba6d,336,336,\N
/content/drive/MyDrive/MMVQA_Clinical/data/raw/kvasir_capsule/osfstorage/labelled_images/Ulcer/d626f4f4a5ac4785_48540.jpg,data/raw/kvasir_capsule/osfstorage/labelled_images/Ulcer/d626f4f4a5ac4785_48540.jpg,True,9cd0dd768b52f04d62d8d4d2d4ab678511aaac3e9ab82570f3cd0af4a07f5ebb,336,336,\N
/content/drive/MyDrive/MMVQA_Clinical/data/raw/kvasir_capsule/osfstorage/labelled_images/Ulcer/d626f4f4a5ac4785_48542.jpg,data/raw/kvasir_capsule/osfstorage/labelled_images/Ulcer/d626f4f4a5ac4785_48542.jpg,True,19a88a3fe6239bf276de2d0db6f57ba19551f398c967e7d159835cab949115e8,336,336,\N
/content/drive/MyDrive/MMVQA_Clinical/data/raw/kvasir_capsule/osfstorage/labelled_images/Ulcer/d626f4f4a5ac4785_48544.jpg,data/raw/kvasir_capsule/osfstorage/labelled_images/Ulcer/d626f4f4a5ac4785_48544.jpg,True,dbeea9fcb6fd68139a8c8402fc06955ddb7b658817e8791eeeb29c684782023e,336,336,\N
/content/drive/MyDrive/MMVQA_Clinical/data/raw/kvasir_capsule/osfstorage/labelled_images/Ulcer/d626f4f4a5ac4785_48545.jpg,data/raw/kvasir_capsule/osfstorage/labelled_images/Ulcer/d626f4f4a5ac4785_48545.jpg,True,d91eb1675dfac60e3f25abd2a96d405478fc38705965271811a0e81a07a66274,336,336,\N
/content/drive/MyDrive/MMVQA_Clinical/data/raw/kvasir_capsule/osfstorage/labelled_images/Ulcer/d626f4f4a5ac4785_48549.jpg,data/raw/kvasir_capsule/osfstorage/labelled_images/Ulcer/d626f4f4a5ac4785_48549.jpg,True,44320f7288bf535ebcea6bb41a8a19d6b86471d1a6c0a711cec70c78770f7031,336,336,\N
/content/drive/MyDrive/MMVQA_Clinical/data/raw/kvasir_capsule/osfstorage/labelled_images/Ulcer/d626f4f4a5ac4785_48554.jpg,data/raw/kvasir_capsule/osfstorage/labelled_images/Ulcer/d626f4f4a5ac4785_48554.jpg,True,ec61917acdd2f64a5c7e4c71a2d963c299c4731721028ba822a2e37f261732c4,336,336,\N
/content/drive/MyDrive/MMVQA_Clinical/data/raw/kvasir_capsule/osfstorage/labelled_images/Ulcer/d626f4f4a5ac4785_48556.jpg,data/raw/kvasir_capsule/osfstorage/labelled_images/Ulcer/d626f4f4a5ac4785_48556.jpg,True,54decdfaf570c56058cdc665d9195d5d27814d865d885ef0704df834a8654f96,336,336,\N
/content/drive/MyDrive/MMVQA_Clinical/data/raw/kvasir_capsule/osfstorage/labelled_images/Ulcer/d626f4f4a5ac4785_48565.jpg,data/raw/kvasir_capsule/osfstorage/labelled_images/Ulcer/d626f4f4a5ac4785_48565.jpg,True,a221d103a414be82875d78e11113649ff3f40956bdf018d578402968ecce4c9d,336,336,\N
/content/drive/MyDrive/MMVQA_Clinical/data/raw/kvasir_capsule/osfstorage/labelled_images/Ulcer/d626f4f4a5ac4785_48566.jpg,data/raw/kvasir_capsule/osfstorage/labelled_images/Ulcer/d626f4f4a5ac4785_48566.jpg,True,96580af13a81c0397488fc7e8e48bc935c0affa02d69211ffc089b21232ef4bc,336,336,\N
/content/drive/MyDrive/MMVQA_Clinical/data/raw/kvasir_capsule/osfstorage/labelled_images/Ulcer/d626f4f4a5ac4785_48570.jpg,data/raw/kvasir_capsule/osfstorage/labelled_images/Ulcer/d626f4f4a5ac4785_48570.jpg,True,535059b20b7da7c6518d8cb9019051fc47fbfd2f8b07760307f49f8415f1465c,336,336,\N
/content/drive/MyDrive/MMVQA_Clinical/data/raw/kvasir_capsule/osfstorage/labelled_images/Ulcer/d626f4f4a5ac4785_48573.jpg,data/raw/kvasir_capsule/osfstorage/labelled_images/Ulcer/d626f4f4a5ac4785_48573.jpg,True,e0735ba81358e0130848b1487ec022fe4b5d384479bf5cc16a0bfdc2e1627a13,336,336,\N
/content/drive/MyDrive/MMVQA_Clinical/data/raw/kvasir_capsule/osfstorage/labelled_images/Ulcer/d626f4f4a5ac4785_48574.jpg,data/raw/kvasir_capsule/osfstorage/labelled_images/Ulcer/d626f4f4a5ac4785_48574.jpg,True,9f8cec1c13d55efdfd6cce14d1f25721272afc6466c4e4882f3e0be6924c53b7,336,336,\N
/content/drive/MyDrive/MMVQA_Clinical/data/raw/kvasir_capsule/osfstorage/labelled_images/Ulcer/d626f4f4a5ac4785_48575.jpg,data/raw/kvasir_capsule/osfstorage/labelled_images/Ulcer/d626f4f4a5ac4785_48575.jpg,True,c967f945d6a9e1d53de19d67210a3da8975ec0d815dc8ee5cc21f62cade17cca,336,336,\N
/content/drive/MyDrive/MMVQA_Clinical/data/raw/kvasir_capsule/osfstorage/labelled_images/Ulcer/d626f4f4a5ac4785_48581.jpg,data/raw/kvasir_capsule/osfstorage/labelled_images/Ulcer/d626f4f4a5ac4785_48581.jpg,True,73de3cd51c9dea6f792300e1dd342628fea66c8e9e8f346b71e8e718e47e2f5c,336,336,\N
/content/drive/MyDrive/MMVQA_Clinical/data/raw/kvasir_capsule/osfstorage/labelled_images/Ulcer/d626f4f4a5ac4785_48584.jpg,data/raw/kvasir_capsule/osfstorage/labelled_images/Ulcer/d626f4f4a5ac4785_48584.jpg,True,089c08607c9704114958f94051b3da705c9ae4ce3c2cf8dec6bcee2dd22ac51a,336,336,\N
/content/drive/MyDrive/MMVQA_Clinical/data/raw/kvasir_capsule/osfstorage/labelled_images/Ulcer/d626f4f4a5ac4785_48586.jpg,data/raw/kvasir_capsule/osfstorage/labelled_images/Ulcer/d626f4f4a5ac4785_48586.jpg,True,7b487914f1a7b921afe5a750fa03037d2bd495bf8359fbdb12cd53ace14cce0f,336,336,\N
/content/drive/MyDrive/MMVQA_Clinical/data/raw/kvasir_capsule/osfstorage/labelled_images/Ulcer/d626f4f4a5ac4785_48596.jpg,data/raw/kvasir_capsule/osfstorage/labelled_images/Ulcer/d626f4f4a5ac4785_48596.jpg,True,2fe381a738e0fb6176c3d0b64d896044c7cf0fc99d1060c1b58f83be225bf7b2,336,336,\N
/content/drive/MyDrive/MMVQA_Clinical/data/raw/kvasir_capsule/osfstorage/labelled_images/Ulcer/d626f4f4a5ac4785_48603.jpg,data/raw/kvasir_capsule/osfstorage/labelled_images/Ulcer/d626f4f4a5ac4785_48603.jpg,True,c909ec5fbb3dfbbcdbda187f7c4b34cb418b0957ea118d4a86488eab8aac16f1,336,336,\N
/content/drive/MyDrive/MMVQA_Clinical/data/raw/kvasir_capsule/osfstorage/labelled_images/Ulcer/d626f4f4a5ac4785_48604.jpg,data/raw/kvasir_capsule/osfstorage/labelled_images/Ulcer/d626f4f4a5ac4785_48604.jpg,True,8faed7a58f895fc270a71f255f195f9545e3b8cbf1b27f313beb4ecb84751af6,336,336,\N
/content/drive/MyDrive/MMVQA_Clinical/data/raw/kvasir_capsule/osfstorage/labelled_images/Ulcer/d626f4f4a5ac4785_48614.jpg,data/raw/kvasir_capsule/osfstorage/labelled_images/Ulcer/d626f4f4a5ac4785_48614.jpg,True,ae816484b7cbf2b128587d38ab203d7474e9130c2f057ec01472119ea23417d0,336,336,\N
/content/drive/MyDrive/MMVQA_Clinical/data/raw/kvasir_capsule/osfstorage/labelled_images/Ulcer/d626f4f4a5ac4785_48616.jpg,data/raw/kvasir_capsule/osfstorage/labelled_images/Ulcer/d626f4f4a5ac4785_48616.jpg,True,c99b7412bf9e6f87e2ec790fe0a06741b4776e275ae07fe81a2c0ab2404f8414,336,336,\N
/content/drive/MyDrive/MMVQA_Clinical/data/raw/kvasir_capsule/osfstorage/labelled_images/Ulcer/d626f4f4a5ac4785_48623.jpg,data/raw/kvasir_capsule/osfstorage/labelled_images/Ulcer/d626f4f4a5ac4785_48623.jpg,True,f0cce3f777ff63cb86f307dc999ba2659a669cf07fc0c1adb9b6421079cf26cf,336,336,\N
/content/drive/MyDrive/MMVQA_Clinical/data/raw/kvasir_capsule/osfstorage/labelled_images/Ulcer/d626f4f4a5ac4785_48626.jpg,data/raw/kvasir_capsule/osfstorage/labelled_images/Ulcer/d626f4f4a5ac4785_48626.jpg,True,0ef85978ae483ea872b6e908ca758a1c40bfa578d90819fa77fe3d53f020de61,336,336,\N
/content/drive/MyDrive/MMVQA_Clinical/data/raw/kvasir_capsule/osfstorage/labelled_images/Ulcer/d626f4f4a5ac4785_48629.jpg,data/raw/kvasir_capsule/osfstorage/labelled_images/Ulcer/d626f4f4a5ac4785_48629.jpg,True,e30117c055b6bbde65137472e46e70735171cf76e5666166de205ea2f2f99f37,336,336,\N
/content/drive/MyDrive/MMVQA_Clinical/data/raw/kvasir_capsule/osfstorage/labelled_images/Ulcer/d626f4f4a5ac4785_48633.jpg,data/raw/kvasir_capsule/osfstorage/labelled_images/Ulcer/d626f4f4a5ac4785_48633.jpg,True,9815ccec9051db8f35d71cb40196746b22cc8afd89e2e339926225396aed28e3,336,336,\N
/content/drive/MyDrive/MMVQA_Clinical/data/raw/kvasir_capsule/osfstorage/labelled_images/Ulcer/d626f4f4a5ac4785_48634.jpg,data/raw/kvasir_capsule/osfstorage/labelled_images/Ulcer/d626f4f4a5ac4785_48634.jpg,True,e11ac069e9636cdf4b551eeb862be445a4c72e068318830173f73cc7b46ea1fe,336,336,\N
/content/drive/MyDrive/MMVQA_Clinical/data/raw/kvasir_capsule/osfstorage/labelled_images/Ulcer/d626f4f4a5ac4785_48635.jpg,data/raw/kvasir_capsule/osfstorage/labelled_images/Ulcer/d626f4f4a5ac4785_48635.jpg,True,1cb7a92929c4606ce10c1f68230803e989c04c707dc163db6ca80376762e49b7,336,336,\N
/content/drive/MyDrive/MMVQA_Clinical/data/raw/kvasir_capsule/osfstorage/labelled_images/Ulcer/d626f4f4a5ac4785_48663.jpg,data/raw/kvasir_capsule/osfstorage/labelled_images/Ulcer/d626f4f4a5ac4785_48663.jpg,True,55052bd2c5b72a42531ef7c348a327fe41201a50879e24554c13695d0f3a73b2,336,336,\N
/content/drive/MyDrive/MMVQA_Clinical/data/raw/kvasir_capsule/osfstorage/labelled_images/Ulcer/d626f4f4a5ac4785_48664.jpg,data/raw/kvasir_capsule/osfstorage/labelled_images/Ulcer/d626f4f4a5ac4785_48664.jpg,True,f8addd85cbabf63bc9c3484372e2e331d0b87579dce381128af83ed34dbe7e4a,336,336,\N
/content/drive/MyDrive/MMVQA_Clinical/data/raw/kvasir_capsule/osfstorage/labelled_images/Ulcer/d626f4f4a5ac4785_48665.jpg,data/raw/kvasir_capsule/osfstorage/labelled_images/Ulcer/d626f4f4a5ac4785_48665.jpg,True,3bd85ff9b79d07cf4c51b988b2ddf7185a4d16008de0e17566664ba5f063012b,336,336,\N
/content/drive/MyDrive/MMVQA_Clinical/data/raw/kvasir_capsule/osfstorage/labelled_images/Ulcer/d626f4f4a5ac4785_48668.jpg,data/raw/kvasir_capsule/osfstorage/labelled_images/Ulcer/d626f4f4a5ac4785_48668.jpg,True,fec4bdf13237ea93c04f936f54f84e194c9da4036c37ac998203626f8330ff30,336,336,\N
/content/drive/MyDrive/MMVQA_Clinical/data/raw/kvasir_capsule/osfstorage/labelled_images/Ulcer/d626f4f4a5ac4785_48675.jpg,data/raw/kvasir_capsule/osfstorage/labelled_images/Ulcer/d626f4f4a5ac4785_48675.jpg,True,b6b3ba7e11d22cfb752e3ca6faa98184730c1e363b87510f8940332d84b32310,336,336,\N
/content/drive/MyDrive/MMVQA_Clinical/data/raw/kvasir_capsule/osfstorage/labelled_images/Ulcer/d626f4f4a5ac4785_48676.jpg,data/raw/kvasir_capsule/osfstorage/labelled_images/Ulcer/d626f4f4a5ac4785_48676.jpg,True,018d143ef82b085b6e1a0c7ec5a8b7418d438fe6bd154aee599e2393e2525cdb,336,336,\N
/content/drive/MyDrive/MMVQA_Clinical/data/raw/kvasir_capsule/osfstorage/labelled_images/Ulcer/d626f4f4a5ac4785_48683.jpg,data/raw/kvasir_capsule/osfstorage/labelled_images/Ulcer/d626f4f4a5ac4785_48683.jpg,True,779c59b73fbf4f37df96643937962d05d924bf1b912ae7326a77c00199ed4e81,336,336,\N
/content/drive/MyDrive/MMVQA_Clinical/data/raw/kvasir_capsule/osfstorage/labelled_images/Ulcer/d626f4f4a5ac4785_48689.jpg,data/raw/kvasir_capsule/osfstorage/labelled_images/Ulcer/d626f4f4a5ac4785_48689.jpg,True,74fbd52c894ef839e8ae8e509f2bdb2a72ccab955a3d4752304be39664043abf,336,336,\N
/content/drive/MyDrive/MMVQA_Clinical/data/raw/kvasir_capsule/osfstorage/labelled_images/Ulcer/d626f4f4a5ac4785_48693.jpg,data/raw/kvasir_capsule/osfstorage/labelled_images/Ulcer/d626f4f4a5ac4785_48693.jpg,True,76df6621cda7923cf9144dd20cdd517dfcb6ea345bb8dfd891f4f638c9fc3a6e,336,336,\N
/content/drive/MyDrive/MMVQA_Clinical/data/raw/kvasir_capsule/osfstorage/labelled_images/Ulcer/d626f4f4a5ac4785_48695.jpg,data/raw/kvasir_capsule/osfstorage/labelled_images/Ulcer/d626f4f4a5ac4785_48695.jpg,True,1b3e6c11558f2c85440ea2bd2b17b9d778fabe03dca6232eaf5988ae358359c5,336,336,\N
/content/drive/MyDrive/MMVQA_Clinical/data/raw/kvasir_capsule/osfstorage/labelled_images/Ulcer/d626f4f4a5ac4785_48705.jpg,data/raw/kvasir_capsule/osfstorage/labelled_images/Ulcer/d626f4f4a5ac4785_48705.jpg,True,1140acd9cdc5f69cbfadf2b18b03b225c86cea571f580e31989043b355f5d9e6,336,336,\N
/content/drive/MyDrive/MMVQA_Clinical/data/raw/kvasir_capsule/osfstorage/labelled_images/Ulcer/d626f4f4a5ac4785_48706.jpg,data/raw/kvasir_capsule/osfstorage/labelled_images/Ulcer/d626f4f4a5ac4785_48706.jpg,True,93da51a0dc225871d41d8828c8da8560dd806171367d78367625f6b065756ccd,336,336,\N
/content/drive/MyDrive/MMVQA_Clinical/data/raw/kvasir_capsule/osfstorage/labelled_images/Ulcer/d626f4f4a5ac4785_48719.jpg,data/raw/kvasir_capsule/osfstorage/labelled_images/Ulcer/d626f4f4a5ac4785_48719.jpg,True,59d8216c6f99d91b2a40eaedcecf8e5288b99bc78816ddb3448c79ecefe21550,336,336,\N
/content/drive/MyDrive/MMVQA_Clinical/data/raw/kvasir_capsule/osfstorage/labelled_images/Ulcer/d626f4f4a5ac4785_48728.jpg,data/raw/kvasir_capsule/osfstorage/labelled_images/Ulcer/d626f4f4a5ac4785_48728.jpg,True,0d04b6918ce2e6b0fc50b73d9ea487f511ef12b373363fe99b09ea17df919170,336,336,\N
/content/drive/MyDrive/MMVQA_Clinical/data/raw/kvasir_capsule/osfstorage/labelled_images/Ulcer/d626f4f4a5ac4785_48743.jpg,data/raw/kvasir_capsule/osfstorage/labelled_images/Ulcer/d626f4f4a5ac4785_48743.jpg,True,dc617e102f0992e4589386bf468524248edcb9799c6a71ba32f92b6b7d844f13,336,336,\N
/content/drive/MyDrive/MMVQA_Clinical/data/raw/kvasir_capsule/osfstorage/labelled_images/Ulcer/d626f4f4a5ac4785_48749.jpg,data/raw/kvasir_capsule/osfstorage/labelled_images/Ulcer/d626f4f4a5ac4785_48749.jpg,True,6923c942c0fc9ff61b5e267018723e8a20c981d5dbb8af399f9f187a6f2f9a39,336,336,\N
/content/drive/MyDrive/MMVQA_Clinical/data/raw/kvasir_capsule/osfstorage/labelled_images/Ulcer/d626f4f4a5ac4785_48750.jpg,data/raw/kvasir_capsule/osfstorage/labelled_images/Ulcer/d626f4f4a5ac4785_48750.jpg,True,a0269900c3f58bf8dfacca1ad0b9521f8db95af1e353d69cd6d67bb45041d051,336,336,\N
/content/drive/MyDrive/MMVQA_Clinical/data/raw/kvasir_capsule/osfstorage/labelled_images/Ulcer/d626f4f4a5ac4785_48844.jpg,data/raw/kvasir_capsule/osfstorage/labelled_images/Ulcer/d626f4f4a5ac4785_48844.jpg,True,e105f1ccbbcfd69c349ff514099d43834a5549a4dcc63a5dc63649f72d18200c,336,336,\N
/content/drive/MyDrive/MMVQA_Clinical/data/raw/kvasir_capsule/osfstorage/labelled_images/Ulcer/d626f4f4a5ac4785_49940.jpg,data/raw/kvasir_capsule/osfstorage/labelled_images/Ulcer/d626f4f4a5ac4785_49940.jpg,True,16444fad4e7ce23674ba88c50130f6ca6daf52ec26a657c2fd47bc2f6c82d9dc,336,336,\N
/content/drive/MyDrive/MMVQA_Clinical/data/raw/kvasir_capsule/osfstorage/labelled_images/Ulcer/d626f4f4a5ac4785_50016.jpg,data/raw/kvasir_capsule/osfstorage/labelled_images/Ulcer/d626f4f4a5ac4785_50016.jpg,True,2c1dfacb7a910662826aa4fbc1ef0096f3b8b9aca60a7720ecd609624de87f5d,336,336,\N
/content/drive/MyDrive/MMVQA_Clinical/data/raw/kvasir_capsule/osfstorage/labelled_images/Ulcer/d626f4f4a5ac4785_50030.jpg,data/raw/kvasir_capsule/osfstorage/labelled_images/Ulcer/d626f4f4a5ac4785_50030.jpg,True,3543c7e94ce28be7de4188e738667d7b240b781ccae3fdefc991bd9cbbb2dcde,336,336,\N
/content/drive/MyDrive/MMVQA_Clinical/data/raw/kvasir_capsule/osfstorage/labelled_images/Ulcer/d626f4f4a5ac4785_50118.jpg,data/raw/kvasir_capsule/osfstorage/labelled_images/Ulcer/d626f4f4a5ac4785_50118.jpg,True,daa7343598ca3057a7680f756476dbebbaf58df2b2d4e8139d99a045d9471a74,336,336,\N
/content/drive/MyDrive/MMVQA_Clinical/data/raw/kvasir_capsule/osfstorage/labelled_images/Ulcer/d626f4f4a5ac4785_50253.jpg,data/raw/kvasir_capsule/osfstorage/labelled_images/Ulcer/d626f4f4a5ac4785_50253.jpg,True,a6a8a397cbecada65d1fa6fa3ac5bcd98e3243041cf5fac32945aeda43690a2d,336,336,\N
/content/drive/MyDrive/MMVQA_Clinical/data/raw/kvasir_capsule/osfstorage/labelled_images/Ulcer/d626f4f4a5ac4785_50262.jpg,data/raw/kvasir_capsule/osfstorage/labelled_images/Ulcer/d626f4f4a5ac4785_50262.jpg,True,448b94eff119cfb3988d74e51acfbc05d32df3db61be0b4b9baf71b0489c87d8,336,336,\N
/content/drive/MyDrive/MMVQA_Clinical/data/raw/kvasir_capsule/osfstorage/labelled_images/Ulcer/d626f4f4a5ac4785_50264.jpg,data/raw/kvasir_capsule/osfstorage/labelled_images/Ulcer/d626f4f4a5ac4785_50264.jpg,True,b4073682a218d2e7c851447ac64a5fec3dba5dc8dd3bfc797a6d568057048e4b,336,336,\N
/content/drive/MyDrive/MMVQA_Clinical/data/raw/kvasir_capsule/osfstorage/labelled_images/Ulcer/d626f4f4a5ac4785_50270.jpg,data/raw/kvasir_capsule/osfstorage/labelled_images/Ulcer/d626f4f4a5ac4785_50270.jpg,True,2584df1091751a541aa8c8493fee22aa199facb58564f972b28f05c20e3280c4,336,336,\N
/content/drive/MyDrive/MMVQA_Clinical/data/raw/kvasir_capsule/osfstorage/labelled_images/Ulcer/d626f4f4a5ac4785_50280.jpg,data/raw/kvasir_capsule/osfstorage/labelled_images/Ulcer/d626f4f4a5ac4785_50280.jpg,True,e077e034749f232735ae5def9a333712242913b87c7b58e7c5d6b15a8ee4a7dd,336,336,\N
/content/drive/MyDrive/MMVQA_Clinical/data/raw/kvasir_capsule/osfstorage/labelled_images/Ulcer/d626f4f4a5ac4785_50283.jpg,data/raw/kvasir_capsule/osfstorage/labelled_images/Ulcer/d626f4f4a5ac4785_50283.jpg,True,04155c9ec433717b8d0acfbe6da3925df686cd9b4f11e1959231331bf0262379,336,336,\N
/content/drive/MyDrive/MMVQA_Clinical/data/raw/kvasir_capsule/osfstorage/labelled_images/Ulcer/d626f4f4a5ac4785_50330.jpg,data/raw/kvasir_capsule/osfstorage/labelled_images/Ulcer/d626f4f4a5ac4785_50330.jpg,True,8d20676c228c86867528c4eccc96d772f1589dbc21a22399f8ec1907240d95be,336,336,\N
/content/drive/MyDrive/MMVQA_Clinical/data/raw/kvasir_capsule/osfstorage/labelled_images/Ulcer/d626f4f4a5ac4785_50400.jpg,data/raw/kvasir_capsule/osfstorage/labelled_images/Ulcer/d626f4f4a5ac4785_50400.jpg,True,23543c16988d96251569c080e2262b9cb987001e887ef8ab0cad5a928181ecb7,336,336,\N
/content/drive/MyDrive/MMVQA_Clinical/data/raw/kvasir_capsule/osfstorage/labelled_images/Ulcer/d626f4f4a5ac4785_50615.jpg,data/raw/kvasir_capsule/osfstorage/labelled_images/Ulcer/d626f4f4a5ac4785_50615.jpg,True,8c4c6f446573c6883c99cbaeb3275413b6e2e71769b4d45fdf4f53d297ea291b,336,336,\N
/content/drive/MyDrive/MMVQA_Clinical/data/raw/kvasir_capsule/osfstorage/labelled_images/Ulcer/d626f4f4a5ac4785_50618.jpg,data/raw/kvasir_capsule/osfstorage/labelled_images/Ulcer/d626f4f4a5ac4785_50618.jpg,True,9c121bf736ccdc61e7c8bddaf8a2fd26b8b2d0536c9e7aa566d04abc190e6b57,336,336,\N
/content/drive/MyDrive/MMVQA_Clinical/data/raw/kvasir_capsule/osfstorage/labelled_images/Ulcer/d626f4f4a5ac4785_50619.jpg,data/raw/kvasir_capsule/osfstorage/labelled_images/Ulcer/d626f4f4a5ac4785_50619.jpg,True,ad8508b35114038a1843cb4c1d13f18a3ff53c29425ecf0cb9888c07b96681de,336,336,\N
/content/drive/MyDrive/MMVQA_Clinical/data/raw/kvasir_capsule/osfstorage/labelled_images/Ulcer/d626f4f4a5ac4785_50623.jpg,data/raw/kvasir_capsule/osfstorage/labelled_images/Ulcer/d626f4f4a5ac4785_50623.jpg,True,fe1469c6c3ca1b578bf296626917ae08e77e204e92e4516b781b96863ec86253,336,336,\N
/content/drive/MyDrive/MMVQA_Clinical/data/raw/kvasir_capsule/osfstorage/labelled_images/Ulcer/d626f4f4a5ac4785_50629.jpg,data/raw/kvasir_capsule/osfstorage/labelled_images/Ulcer/d626f4f4a5ac4785_50629.jpg,True,7cad0315f5eda09a28d3904ab83b9f0105e7aa2cbe8b1172d8880e3f60cec935,336,336,\N
/content/drive/MyDrive/MMVQA_Clinical/data/raw/kvasir_capsule/osfstorage/labelled_images/Ulcer/d626f4f4a5ac4785_50630.jpg,data/raw/kvasir_capsule/osfstorage/labelled_images/Ulcer/d626f4f4a5ac4785_50630.jpg,True,e93eee591164db097fabde785591cd1fe977cf590659061ba82e4daaa3a3d678,336,336,\N
/content/drive/MyDrive/MMVQA_Clinical/data/raw/kvasir_capsule/osfstorage/labelled_images/Ulcer/d626f4f4a5ac4785_50648.jpg,data/raw/kvasir_capsule/osfstorage/labelled_images/Ulcer/d626f4f4a5ac4785_50648.jpg,True,10960ea88f712ca69cb91b996385a073de624104780b86fe76dad7b1748eda85,336,336,\N
/content/drive/MyDrive/MMVQA_Clinical/data/raw/kvasir_capsule/osfstorage/labelled_images/Ulcer/d626f4f4a5ac4785_50653.jpg,data/raw/kvasir_capsule/osfstorage/labelled_images/Ulcer/d626f4f4a5ac4785_50653.jpg,True,acb79eceeadbf0e6d0c88db6a755b394e7ea26331f32f9910bdabc2fea7368a2,336,336,\N
/content/drive/MyDrive/MMVQA_Clinical/data/raw/kvasir_capsule/osfstorage/labelled_images/Ulcer/d626f4f4a5ac4785_50654.jpg,data/raw/kvasir_capsule/osfstorage/labelled_images/Ulcer/d626f4f4a5ac4785_50654.jpg,True,abc411776e40247db2e78f919961d71fc9833e0d79351f4738ef0057e3450ef3,336,336,\N
/content/drive/MyDrive/MMVQA_Clinical/data/raw/kvasir_capsule/osfstorage/labelled_images/Ulcer/d626f4f4a5ac4785_50689.jpg,data/raw/kvasir_capsule/osfstorage/labelled_images/Ulcer/d626f4f4a5ac4785_50689.jpg,True,e191bb2d13c1e221286d29e1bb9a886e382686385a0135720c79f0c29da4bfec,336,336,\N
/content/drive/MyDrive/MMVQA_Clinical/data/raw/kvasir_capsule/osfstorage/labelled_images/Ulcer/d626f4f4a5ac4785_50690.jpg,data/raw/kvasir_capsule/osfstorage/labelled_images/Ulcer/d626f4f4a5ac4785_50690.jpg,True,4d0d4091c67c831cf484ad391a726084c4bc16f188efbb537693135718e75401,336,336,\N
/content/drive/MyDrive/MMVQA_Clinical/data/raw/kvasir_capsule/osfstorage/labelled_images/Ulcer/d626f4f4a5ac4785_50713.jpg,data/raw/kvasir_capsule/osfstorage/labelled_images/Ulcer/d626f4f4a5ac4785_50713.jpg,True,fd3d5c5404a47417f309674fdb8b330e40d887aea1f9a349fb4e18e3fba6e815,336,336,\N
/content/drive/MyDrive/MMVQA_Clinical/data/raw/kvasir_capsule/osfstorage/labelled_images/Ulcer/d626f4f4a5ac4785_50714.jpg,data/raw/kvasir_capsule/osfstorage/labelled_images/Ulcer/d626f4f4a5ac4785_50714.jpg,True,ee2ddff1e8079cdcbcc8aa4e70a1fe894319eddae2e515e8ba3129c045f72998,336,336,\N
/content/drive/MyDrive/MMVQA_Clinical/data/raw/kvasir_capsule/osfstorage/labelled_images/Ulcer/d626f4f4a5ac4785_50727.jpg,data/raw/kvasir_capsule/osfstorage/labelled_images/Ulcer/d626f4f4a5ac4785_50727.jpg,True,f452534c30f64fd0d8cf2838a468579b0a666dc44f3f69224f854ba37f60e15f,336,336,\N
/content/drive/MyDrive/MMVQA_Clinical/data/raw/kvasir_capsule/osfstorage/labelled_images/Ulcer/d626f4f4a5ac4785_50780.jpg,data/raw/kvasir_capsule/osfstorage/labelled_images/Ulcer/d626f4f4a5ac4785_50780.jpg,True,fd2d44f5ee7cd9e453e847a5d130fdc570ddcc1cd41ed73f2372546bb88e00be,336,336,\N
/content/drive/MyDrive/MMVQA_Clinical/data/raw/kvasir_capsule/osfstorage/labelled_images/Ulcer/d626f4f4a5ac4785_50962.jpg,data/raw/kvasir_capsule/osfstorage/labelled_images/Ulcer/d626f4f4a5ac4785_50962.jpg,True,1f47a9c0161a8fe8c63c1bbb57b9bfbceb4773b9c6abdea63f8839b4f90b6e3b,336,336,\N
/content/drive/MyDrive/MMVQA_Clinical/data/raw/kvasir_capsule/osfstorage/labelled_images/Ulcer/d626f4f4a5ac4785_51000.jpg,data/raw/kvasir_capsule/osfstorage/labelled_images/Ulcer/d626f4f4a5ac4785_51000.jpg,True,47aae6210f6c68435fa44d70360329c31b20809b9b0cd4594b2565d7ed5bde46,336,336,\N
/content/drive/MyDrive/MMVQA_Clinical/data/raw/kvasir_capsule/osfstorage/labelled_images/Ulcer/d626f4f4a5ac4785_51375.jpg,data/raw/kvasir_capsule/osfstorage/labelled_images/Ulcer/d626f4f4a5ac4785_51375.jpg,True,edbe5834a27589420ac61468a3a1f0ad0b8fdc9b5138525d923e5157082ec1fb,336,336,\N
/content/drive/MyDrive/MMVQA_Clinical/data/raw/kvasir_capsule/osfstorage/labelled_images/Ulcer/d626f4f4a5ac4785_51378.jpg,data/raw/kvasir_capsule/osfstorage/labelled_images/Ulcer/d626f4f4a5ac4785_51378.jpg,True,0a1559f0de08f2e1a1c032dcf04cedf07a39840984cbcb141003f2080c6b515b,336,336,\N
/content/drive/MyDrive/MMVQA_Clinical/data/raw/kvasir_capsule/osfstorage/labelled_images/Ulcer/d626f4f4a5ac4785_51393.jpg,data/raw/kvasir_capsule/osfstorage/labelled_images/Ulcer/d626f4f4a5ac4785_51393.jpg,True,6db1c543a787f3f06bd5966b76050711cbf84e86dadb907f6dea7d499c8852b2,336,336,\N
/content/drive/MyDrive/MMVQA_Clinical/data/raw/kvasir_capsule/osfstorage/labelled_images/Ulcer/d626f4f4a5ac4785_51398.jpg,data/raw/kvasir_capsule/osfstorage/labelled_images/Ulcer/d626f4f4a5ac4785_51398.jpg,True,b4de5d34e2ebbdf5ab946cbf5014da87da4e0dbea2ebdc333c720fb78694cd77,336,336,\N
/content/drive/MyDrive/MMVQA_Clinical/data/raw/kvasir_capsule/osfstorage/labelled_images/Ulcer/d626f4f4a5ac4785_51400.jpg,data/raw/kvasir_capsule/osfstorage/labelled_images/Ulcer/d626f4f4a5ac4785_51400.jpg,True,ae10abfd74f94296147bbb22111221bcb68a1d289272c497566abff9760c2865,336,336,\N
/content/drive/MyDrive/MMVQA_Clinical/data/raw/kvasir_capsule/osfstorage/labelled_images/Ulcer/d626f4f4a5ac4785_51423.jpg,data/raw/kvasir_capsule/osfstorage/labelled_images/Ulcer/d626f4f4a5ac4785_51423.jpg,True,5aaf81178044911c078e4dbcfea5c9dded064af26d44b47d08e8efc7b498d5e4,336,336,\N
/content/drive/MyDrive/MMVQA_Clinical/data/raw/kvasir_capsule/osfstorage/labelled_images/Ulcer/d626f4f4a5ac4785_51428.jpg,data/raw/kvasir_capsule/osfstorage/labelled_images/Ulcer/d626f4f4a5ac4785_51428.jpg,True,7ca4b33f664a477b36010d4125aae626cbf608d05c58215ef8c32e34c69638e1,336,336,\N
/content/drive/MyDrive/MMVQA_Clinical/data/raw/kvasir_capsule/osfstorage/labelled_images/Ulcer/d626f4f4a5ac4785_51430.jpg,data/raw/kvasir_capsule/osfstorage/labelled_images/Ulcer/d626f4f4a5ac4785_51430.jpg,True,c71adf39f9d0656996a553c9c2d4043a5de9298fd6a929dcab837bc6f8de1405,336,336,\N
/content/drive/MyDrive/MMVQA_Clinical/data/raw/kvasir_capsule/osfstorage/labelled_images/Ulcer/d626f4f4a5ac4785_51432.jpg,data/raw/kvasir_capsule/osfstorage/labelled_images/Ulcer/d626f4f4a5ac4785_51432.jpg,True,b39fc503702e4ba1a58d9eec81e02f31dad1e853967ac1bf768f427b7c86c70d,336,336,\N
/content/drive/MyDrive/MMVQA_Clinical/data/raw/kvasir_capsule/osfstorage/labelled_images/Ulcer/d626f4f4a5ac4785_51435.jpg,data/raw/kvasir_capsule/osfstorage/labelled_images/Ulcer/d626f4f4a5ac4785_51435.jpg,True,ceae445804b58f6e774ea6d20e9b4a43bb221f58d2024b1eb18c6910f0d8af6e,336,336,\N
/content/drive/MyDrive/MMVQA_Clinical/data/raw/kvasir_capsule/osfstorage/labelled_images/Ulcer/d626f4f4a5ac4785_51438.jpg,data/raw/kvasir_capsule/osfstorage/labelled_images/Ulcer/d626f4f4a5ac4785_51438.jpg,True,d685bbca8e94f6b5a80b0f7b8f4202e886e3f59b12fdf799d86604075f270910,336,336,\N
/content/drive/MyDrive/MMVQA_Clinical/data/raw/kvasir_capsule/osfstorage/labelled_images/Ulcer/d626f4f4a5ac4785_51441.jpg,data/raw/kvasir_capsule/osfstorage/labelled_images/Ulcer/d626f4f4a5ac4785_51441.jpg,True,9d3e5c7932776d0dbb569717fc1b0626562141da97104ca88ca09a8c66d112ac,336,336,\N
/content/drive/MyDrive/MMVQA_Clinical/data/raw/kvasir_capsule/osfstorage/labelled_images/Ulcer/d626f4f4a5ac4785_51442.jpg,data/raw/kvasir_capsule/osfstorage/labelled_images/Ulcer/d626f4f4a5ac4785_51442.jpg,True,607482009370b0b958fbfa52b0d2f0ff338b20319831983bc17a61e1d00d3adc,336,336,\N
/content/drive/MyDrive/MMVQA_Clinical/data/raw/kvasir_capsule/osfstorage/labelled_images/Ulcer/d626f4f4a5ac4785_51460.jpg,data/raw/kvasir_capsule/osfstorage/labelled_images/Ulcer/d626f4f4a5ac4785_51460.jpg,True,cee4dba9a1172cae9c8d5bf1f779227eda3437404981d763fdf89d041b3f8f0a,336,336,\N
/content/drive/MyDrive/MMVQA_Clinical/data/raw/kvasir_capsule/osfstorage/labelled_images/Ulcer/d626f4f4a5ac4785_51462.jpg,data/raw/kvasir_capsule/osfstorage/labelled_images/Ulcer/d626f4f4a5ac4785_51462.jpg,True,fddea1a9554507894177939c620ae5a78d69468ea25c85bc924edc9b185b3d02,336,336,\N
/content/drive/MyDrive/MMVQA_Clinical/data/raw/kvasir_capsule/osfstorage/labelled_images/Ulcer/d626f4f4a5ac4785_51468.jpg,data/raw/kvasir_capsule/osfstorage/labelled_images/Ulcer/d626f4f4a5ac4785_51468.jpg,True,73597dde4f7752c5e823a45439007f6a2aaf435df730ab1a30276e342ed98e5f,336,336,\N
/content/drive/MyDrive/MMVQA_Clinical/data/raw/kvasir_capsule/osfstorage/labelled_images/Ulcer/d626f4f4a5ac4785_51471.jpg,data/raw/kvasir_capsule/osfstorage/labelled_images/Ulcer/d626f4f4a5ac4785_51471.jpg,True,3a7b337290235b222db075c29bf9187b903053f4319b7ea9790bdcc700823cd5,336,336,\N
/content/drive/MyDrive/MMVQA_Clinical/data/raw/kvasir_capsule/osfstorage/labelled_images/Ulcer/d626f4f4a5ac4785_51472.jpg,data/raw/kvasir_capsule/osfstorage/labelled_images/Ulcer/d626f4f4a5ac4785_51472.jpg,True,402cc9164278393c3fcda38d9294e581255340f8eaddc3b867599c4fa002cf4b,336,336,\N
/content/drive/MyDrive/MMVQA_Clinical/data/raw/kvasir_capsule/osfstorage/labelled_images/Ulcer/d626f4f4a5ac4785_51490.jpg,data/raw/kvasir_capsule/osfstorage/labelled_images/Ulcer/d626f4f4a5ac4785_51490.jpg,True,9970f9b3ac400471614b39ff3363892bf4ec541998b5205306cfc7e86e85ead6,336,336,\N
/content/drive/MyDrive/MMVQA_Clinical/data/raw/kvasir_capsule/osfstorage/labelled_images/Ulcer/d626f4f4a5ac4785_51492.jpg,data/raw/kvasir_capsule/osfstorage/labelled_images/Ulcer/d626f4f4a5ac4785_51492.jpg,True,55aace565452196aacd1ab39b95f78ef41d7d1d68d6aa63e577ad2f147baf5f2,336,336,\N
/content/drive/MyDrive/MMVQA_Clinical/data/raw/kvasir_capsule/osfstorage/labelled_images/Ulcer/d626f4f4a5ac4785_51498.jpg,data/raw/kvasir_capsule/osfstorage/labelled_images/Ulcer/d626f4f4a5ac4785_51498.jpg,True,ea90c8736104a0cad030b8cea62e433f5540c2258d8abbd99f793d2b03c0c191,336,336,\N
/content/drive/MyDrive/MMVQA_Clinical/data/raw/kvasir_capsule/osfstorage/labelled_images/Ulcer/d626f4f4a5ac4785_51501.jpg,data/raw/kvasir_capsule/osfstorage/labelled_images/Ulcer/d626f4f4a5ac4785_51501.jpg,True,9f9be84ae2cce24bffa9d8d3446d4596f0a901dc19800048f278665e9c540dde,336,336,\N
/content/drive/MyDrive/MMVQA_Clinical/data/raw/kvasir_capsule/osfstorage/labelled_images/Ulcer/d626f4f4a5ac4785_51502.jpg,data/raw/kvasir_capsule/osfstorage/labelled_images/Ulcer/d626f4f4a5ac4785_51502.jpg,True,339ceea41168596985ef5ed949edc26ed4eb5a00ca8d94d4710846a2e64eb1ea,336,336,\N
/content/drive/MyDrive/MMVQA_Clinical/data/raw/kvasir_capsule/osfstorage/labelled_images/Ulcer/d626f4f4a5ac4785_51590.jpg,data/raw/kvasir_capsule/osfstorage/labelled_images/Ulcer/d626f4f4a5ac4785_51590.jpg,True,eed38820d41c4b5f9a5c37af7987051c7fee9efd0a4f41059c1b0b957e5364a9,336,336,\N
/content/drive/MyDrive/MMVQA_Clinical/data/raw/kvasir_capsule/osfstorage/labelled_images/Ulcer/d626f4f4a5ac4785_51599.jpg,data/raw/kvasir_capsule/osfstorage/labelled_images/Ulcer/d626f4f4a5ac4785_51599.jpg,True,18947f3f678055fc1ad454fe064c6cf88dfd8bf2f8c72297da9e0fa99da7f9fa,336,336,\N
/content/drive/MyDrive/MMVQA_Clinical/data/raw/kvasir_capsule/osfstorage/labelled_images/Ulcer/d626f4f4a5ac4785_51627.jpg,data/raw/kvasir_capsule/osfstorage/labelled_images/Ulcer/d626f4f4a5ac4785_51627.jpg,True,e4148ffd6580429708bf5adbd39b65d7085a76ab93a9231633e2327309e6710c,336,336,\N
/content/drive/MyDrive/MMVQA_Clinical/data/raw/kvasir_capsule/osfstorage/labelled_images/Ulcer/d626f4f4a5ac4785_51659.jpg,data/raw/kvasir_capsule/osfstorage/labelled_images/Ulcer/d626f4f4a5ac4785_51659.jpg,True,c8e7f3870daa07cc7f5ae0141c76d3c1f127613798ecf8a5a5dab7edeaddac7b,336,336,\N
/content/drive/MyDrive/MMVQA_Clinical/data/raw/kvasir_capsule/osfstorage/labelled_images/Ulcer/d626f4f4a5ac4785_51664.jpg,data/raw/kvasir_capsule/osfstorage/labelled_images/Ulcer/d626f4f4a5ac4785_51664.jpg,True,9800b816d546366f986c80cf8b99935213cf2d07cb26bbcfba10a071b581d064,336,336,\N
/content/drive/MyDrive/MMVQA_Clinical/data/raw/kvasir_capsule/osfstorage/labelled_images/Ulcer/d626f4f4a5ac4785_51694.jpg,data/raw/kvasir_capsule/osfstorage/labelled_images/Ulcer/d626f4f4a5ac4785_51694.jpg,True,9015b87bb6f06be052c81a6f8b1a59a33ab34b1f5801602157fb752805d89aa7,336,336,\N
/content/drive/MyDrive/MMVQA_Clinical/data/raw/kvasir_capsule/osfstorage/labelled_images/Ulcer/d626f4f4a5ac4785_51695.jpg,data/raw/kvasir_capsule/osfstorage/labelled_images/Ulcer/d626f4f4a5ac4785_51695.jpg,True,8e5c5633e7204a9de737ccbafa63ff595c32b36a7d51ea50edc302271efcea49,336,336,\N
/content/drive/MyDrive/MMVQA_Clinical/data/raw/kvasir_capsule/osfstorage/labelled_images/Ulcer/d626f4f4a5ac4785_51754.jpg,data/raw/kvasir_capsule/osfstorage/labelled_images/Ulcer/d626f4f4a5ac4785_51754.jpg,True,8420583b75475afd6ad9bd7210bfebc0f9defb099ccaecc2f597dece64566999,336,336,\N
/content/drive/MyDrive/MMVQA_Clinical/data/raw/kvasir_capsule/osfstorage/labelled_images/Ulcer/d626f4f4a5ac4785_51755.jpg,data/raw/kvasir_capsule/osfstorage/labelled_images/Ulcer/d626f4f4a5ac4785_51755.jpg,True,62610fad6ac69c2ee4405c2af46091bc0dd77a9b0f2d1625e787e4db2534bfd9,336,336,\N
/content/drive/MyDrive/MMVQA_Clinical/data/raw/kvasir_capsule/osfstorage/labelled_images/Ulcer/d626f4f4a5ac4785_52263.jpg,data/raw/kvasir_capsule/osfstorage/labelled_images/Ulcer/d626f4f4a5ac4785_52263.jpg,True,9c2c2421cc5e8f02776d8291229d79364507e1386f3fb7bdc7df35d510e0d725,336,336,\N
